2025-12-30 16:03:22 | ERROR    | trading_bot | Failed to load LSTM model weights (likely due to new input size). Using untrained model. Error: Error(s) in loading state_dict for TradingLSTM:
	size mismatch for lstm.weight_ih_l0: copying a param with shape torch.Size([256, 7]) from checkpoint, the shape in current model is torch.Size([256, 10]).
2025-12-30 16:08:23 | ERROR    | trading_bot | Failed to load LSTM model weights (likely due to new input size). Using untrained model. Error: Error(s) in loading state_dict for TradingLSTM:
	size mismatch for lstm.weight_ih_l0: copying a param with shape torch.Size([256, 7]) from checkpoint, the shape in current model is torch.Size([256, 10]).
2025-12-31 13:02:59 | ERROR    | trading_bot | Failed to load LSTM model weights (likely due to new input size). Using untrained model. Error: Error(s) in loading state_dict for TradingLSTM:
	size mismatch for lstm.weight_ih_l0: copying a param with shape torch.Size([256, 7]) from checkpoint, the shape in current model is torch.Size([256, 10]).
2025-12-31 13:36:44 | ERROR    | trading_bot | Failed to load LSTM model weights (likely due to new input size). Using untrained model. Error: Error(s) in loading state_dict for TradingLSTM:
	size mismatch for lstm.weight_ih_l0: copying a param with shape torch.Size([256, 7]) from checkpoint, the shape in current model is torch.Size([256, 57]).
2025-12-31 13:36:47 | ERROR    | trading_bot | Error preparing features for lstm: Found array with 0 sample(s) (shape=(0, 57)) while a minimum of 1 is required by StandardScaler.
2025-12-31 13:37:38 | ERROR    | trading_bot | Error preparing features for lstm: Found array with 0 sample(s) (shape=(0, 57)) while a minimum of 1 is required by StandardScaler.
2026-01-03 11:39:47 | ERROR    | trading_bot | Error calculating size: RiskManager.calculate_position_size() takes 3 positional arguments but 4 were given
2026-01-03 11:39:47 | ERROR    | trading_bot | Order Execution Failed: 'PaperTradingExecutor' object has no attribute 'place_order'
2026-01-03 11:39:49 | ERROR    | trading_bot | Error calculating size: RiskManager.calculate_position_size() takes 3 positional arguments but 4 were given
2026-01-03 11:39:49 | ERROR    | trading_bot | Order Execution Failed: 'PaperTradingExecutor' object has no attribute 'place_order'
2026-01-03 11:40:58 | ERROR    | trading_bot | Error calculating size: RiskManager.calculate_position_size() takes 3 positional arguments but 4 were given
2026-01-03 11:40:58 | ERROR    | trading_bot | Order Execution Failed: 'PaperTradingExecutor' object has no attribute 'place_order'
2026-01-03 11:40:59 | ERROR    | trading_bot | Error calculating size: RiskManager.calculate_position_size() takes 3 positional arguments but 4 were given
2026-01-03 11:40:59 | ERROR    | trading_bot | Order Execution Failed: 'PaperTradingExecutor' object has no attribute 'place_order'
2026-01-03 11:43:19 | ERROR    | trading_bot | Error calculating size: RiskManager.calculate_position_size() takes 3 positional arguments but 4 were given
2026-01-03 11:43:19 | ERROR    | trading_bot | Order Execution Failed: 'PaperTradingExecutor' object has no attribute 'place_order'
2026-01-03 11:43:21 | ERROR    | trading_bot | Error calculating size: RiskManager.calculate_position_size() takes 3 positional arguments but 4 were given
2026-01-03 11:43:21 | ERROR    | trading_bot | Order Execution Failed: 'PaperTradingExecutor' object has no attribute 'place_order'
2026-01-03 11:44:30 | ERROR    | trading_bot | Error calculating size: RiskManager.calculate_position_size() takes 3 positional arguments but 4 were given
2026-01-03 11:44:30 | ERROR    | trading_bot | Order Execution Failed: 'PaperTradingExecutor' object has no attribute 'place_order'
2026-01-03 11:46:15 | ERROR    | trading_bot | Error calculating size: RiskManager.calculate_position_size() takes 3 positional arguments but 4 were given
2026-01-03 11:46:15 | ERROR    | trading_bot | Order Execution Failed: 'PaperTradingExecutor' object has no attribute 'place_order'
2026-01-03 11:46:16 | ERROR    | trading_bot | Error calculating size: RiskManager.calculate_position_size() takes 3 positional arguments but 4 were given
2026-01-03 11:46:16 | ERROR    | trading_bot | Order Execution Failed: 'PaperTradingExecutor' object has no attribute 'place_order'
2026-01-03 11:48:06 | ERROR    | trading_bot | Error calculating size: RiskManager.calculate_position_size() takes 3 positional arguments but 4 were given
2026-01-03 11:48:06 | ERROR    | trading_bot | Order Execution Failed: 'PaperTradingExecutor' object has no attribute 'place_order'
2026-01-03 11:48:13 | ERROR    | trading_bot | Error calculating size: RiskManager.calculate_position_size() takes 3 positional arguments but 4 were given
2026-01-03 11:48:13 | ERROR    | trading_bot | Order Execution Failed: 'PaperTradingExecutor' object has no attribute 'place_order'
2026-01-03 11:49:59 | ERROR    | trading_bot | Error calculating size: RiskManager.calculate_position_size() takes 3 positional arguments but 4 were given
2026-01-03 11:49:59 | ERROR    | trading_bot | Order Execution Failed: 'PaperTradingExecutor' object has no attribute 'place_order'
2026-01-03 11:50:00 | ERROR    | trading_bot | Error calculating size: RiskManager.calculate_position_size() takes 3 positional arguments but 4 were given
2026-01-03 11:50:00 | ERROR    | trading_bot | Order Execution Failed: 'PaperTradingExecutor' object has no attribute 'place_order'
2026-01-03 11:50:03 | ERROR    | trading_bot | Error calculating size: RiskManager.calculate_position_size() takes 3 positional arguments but 4 were given
2026-01-03 11:50:03 | ERROR    | trading_bot | Order Execution Failed: 'PaperTradingExecutor' object has no attribute 'place_order'
2026-01-03 11:51:13 | ERROR    | trading_bot | Error calculating size: RiskManager.calculate_position_size() takes 3 positional arguments but 4 were given
2026-01-03 11:51:13 | ERROR    | trading_bot | Order Execution Failed: 'PaperTradingExecutor' object has no attribute 'place_order'
2026-01-03 11:51:16 | ERROR    | trading_bot | Error calculating size: RiskManager.calculate_position_size() takes 3 positional arguments but 4 were given
2026-01-03 11:51:16 | ERROR    | trading_bot | Order Execution Failed: 'PaperTradingExecutor' object has no attribute 'place_order'
2026-01-03 11:51:17 | ERROR    | trading_bot | Error calculating size: RiskManager.calculate_position_size() takes 3 positional arguments but 4 were given
2026-01-03 11:51:17 | ERROR    | trading_bot | Order Execution Failed: 'PaperTradingExecutor' object has no attribute 'place_order'
2026-01-03 11:52:28 | ERROR    | trading_bot | Error calculating size: RiskManager.calculate_position_size() takes 3 positional arguments but 4 were given
2026-01-03 11:52:28 | ERROR    | trading_bot | Order Execution Failed: 'PaperTradingExecutor' object has no attribute 'place_order'
2026-01-03 11:52:30 | ERROR    | trading_bot | Error calculating size: RiskManager.calculate_position_size() takes 3 positional arguments but 4 were given
2026-01-03 11:52:30 | ERROR    | trading_bot | Order Execution Failed: 'PaperTradingExecutor' object has no attribute 'place_order'
2026-01-03 11:52:32 | ERROR    | trading_bot | Error calculating size: RiskManager.calculate_position_size() takes 3 positional arguments but 4 were given
2026-01-03 11:52:32 | ERROR    | trading_bot | Order Execution Failed: 'PaperTradingExecutor' object has no attribute 'place_order'
2026-01-03 11:52:53 | ERROR    | trading_bot | Error calculating size: RiskManager.calculate_position_size() takes 3 positional arguments but 4 were given
2026-01-03 11:52:53 | ERROR    | trading_bot | Order Execution Failed: 'PaperTradingExecutor' object has no attribute 'place_order'
2026-01-03 11:52:54 | ERROR    | trading_bot | Error calculating size: RiskManager.calculate_position_size() takes 3 positional arguments but 4 were given
2026-01-03 11:52:55 | ERROR    | trading_bot | Order Execution Failed: 'PaperTradingExecutor' object has no attribute 'place_order'
2026-01-03 11:52:56 | ERROR    | trading_bot | Error calculating size: RiskManager.calculate_position_size() takes 3 positional arguments but 4 were given
2026-01-03 11:52:56 | ERROR    | trading_bot | Order Execution Failed: 'PaperTradingExecutor' object has no attribute 'place_order'
2026-01-03 11:53:47 | ERROR    | trading_bot | Error calculating size: RiskManager.calculate_position_size() takes 3 positional arguments but 4 were given
2026-01-03 11:53:47 | ERROR    | trading_bot | Order Execution Failed: 'PaperTradingExecutor' object has no attribute 'place_order'
2026-01-03 11:53:51 | ERROR    | trading_bot | Error calculating size: RiskManager.calculate_position_size() takes 3 positional arguments but 4 were given
2026-01-03 11:53:51 | ERROR    | trading_bot | Order Execution Failed: 'PaperTradingExecutor' object has no attribute 'place_order'
2026-01-03 11:53:56 | ERROR    | trading_bot | Error calculating size: RiskManager.calculate_position_size() takes 3 positional arguments but 4 were given
2026-01-03 11:53:56 | ERROR    | trading_bot | Order Execution Failed: 'PaperTradingExecutor' object has no attribute 'place_order'
2026-01-03 11:54:15 | ERROR    | trading_bot | Error calculating size: RiskManager.calculate_position_size() takes 3 positional arguments but 4 were given
2026-01-03 11:54:16 | ERROR    | trading_bot | Order Execution Failed: 'PaperTradingExecutor' object has no attribute 'place_order'
2026-01-03 11:54:17 | ERROR    | trading_bot | Error calculating size: RiskManager.calculate_position_size() takes 3 positional arguments but 4 were given
2026-01-03 11:54:17 | ERROR    | trading_bot | Order Execution Failed: 'PaperTradingExecutor' object has no attribute 'place_order'
2026-01-03 11:54:19 | ERROR    | trading_bot | Error calculating size: RiskManager.calculate_position_size() takes 3 positional arguments but 4 were given
2026-01-03 11:54:19 | ERROR    | trading_bot | Order Execution Failed: 'PaperTradingExecutor' object has no attribute 'place_order'
2026-01-03 11:55:07 | ERROR    | trading_bot | Error calculating size: RiskManager.calculate_position_size() takes 3 positional arguments but 4 were given
2026-01-03 11:55:07 | ERROR    | trading_bot | Order Execution Failed: 'PaperTradingExecutor' object has no attribute 'place_order'
2026-01-03 11:55:09 | ERROR    | trading_bot | Error calculating size: RiskManager.calculate_position_size() takes 3 positional arguments but 4 were given
2026-01-03 11:55:09 | ERROR    | trading_bot | Order Execution Failed: 'PaperTradingExecutor' object has no attribute 'place_order'
2026-01-03 11:55:11 | ERROR    | trading_bot | Error calculating size: RiskManager.calculate_position_size() takes 3 positional arguments but 4 were given
2026-01-03 11:55:11 | ERROR    | trading_bot | Order Execution Failed: 'PaperTradingExecutor' object has no attribute 'place_order'
2026-01-03 11:55:31 | ERROR    | trading_bot | Error calculating size: RiskManager.calculate_position_size() takes 3 positional arguments but 4 were given
2026-01-03 11:55:31 | ERROR    | trading_bot | Order Execution Failed: 'PaperTradingExecutor' object has no attribute 'place_order'
2026-01-03 11:55:33 | ERROR    | trading_bot | Error calculating size: RiskManager.calculate_position_size() takes 3 positional arguments but 4 were given
2026-01-03 11:55:33 | ERROR    | trading_bot | Order Execution Failed: 'PaperTradingExecutor' object has no attribute 'place_order'
2026-01-03 11:55:35 | ERROR    | trading_bot | Error calculating size: RiskManager.calculate_position_size() takes 3 positional arguments but 4 were given
2026-01-03 11:55:35 | ERROR    | trading_bot | Order Execution Failed: 'PaperTradingExecutor' object has no attribute 'place_order'
2026-01-03 11:56:44 | ERROR    | trading_bot | Error calculating size: RiskManager.calculate_position_size() takes 3 positional arguments but 4 were given
2026-01-03 11:56:44 | ERROR    | trading_bot | Order Execution Failed: 'PaperTradingExecutor' object has no attribute 'place_order'
2026-01-03 11:56:44 | ERROR    | trading_bot | Error calculating size: RiskManager.calculate_position_size() takes 3 positional arguments but 4 were given
2026-01-03 11:56:44 | ERROR    | trading_bot | Order Execution Failed: 'PaperTradingExecutor' object has no attribute 'place_order'
2026-01-03 11:56:45 | ERROR    | trading_bot | Error calculating size: RiskManager.calculate_position_size() takes 3 positional arguments but 4 were given
2026-01-03 11:56:45 | ERROR    | trading_bot | Order Execution Failed: 'PaperTradingExecutor' object has no attribute 'place_order'
2026-01-03 11:56:55 | ERROR    | trading_bot | Error calculating size: RiskManager.calculate_position_size() takes 3 positional arguments but 4 were given
2026-01-03 11:56:55 | ERROR    | trading_bot | Order Execution Failed: 'PaperTradingExecutor' object has no attribute 'place_order'
2026-01-03 11:56:56 | ERROR    | trading_bot | Error calculating size: RiskManager.calculate_position_size() takes 3 positional arguments but 4 were given
2026-01-03 11:56:56 | ERROR    | trading_bot | Order Execution Failed: 'PaperTradingExecutor' object has no attribute 'place_order'
2026-01-03 11:56:58 | ERROR    | trading_bot | Error calculating size: RiskManager.calculate_position_size() takes 3 positional arguments but 4 were given
2026-01-03 11:56:58 | ERROR    | trading_bot | Order Execution Failed: 'PaperTradingExecutor' object has no attribute 'place_order'
2026-01-03 11:58:29 | ERROR    | trading_bot | Error calculating size: RiskManager.calculate_position_size() takes 3 positional arguments but 4 were given
2026-01-03 11:58:29 | ERROR    | trading_bot | Order Execution Failed: 'PaperTradingExecutor' object has no attribute 'place_order'
2026-01-03 11:58:30 | ERROR    | trading_bot | Error calculating size: RiskManager.calculate_position_size() takes 3 positional arguments but 4 were given
2026-01-03 11:58:30 | ERROR    | trading_bot | Order Execution Failed: 'PaperTradingExecutor' object has no attribute 'place_order'
2026-01-03 11:58:30 | ERROR    | trading_bot | Error calculating size: RiskManager.calculate_position_size() takes 3 positional arguments but 4 were given
2026-01-03 11:58:30 | ERROR    | trading_bot | Order Execution Failed: 'PaperTradingExecutor' object has no attribute 'place_order'
2026-01-03 11:58:43 | ERROR    | trading_bot | Error calculating size: RiskManager.calculate_position_size() takes 3 positional arguments but 4 were given
2026-01-03 11:58:43 | ERROR    | trading_bot | Order Execution Failed: 'PaperTradingExecutor' object has no attribute 'place_order'
2026-01-03 11:58:43 | ERROR    | trading_bot | Error calculating size: RiskManager.calculate_position_size() takes 3 positional arguments but 4 were given
2026-01-03 11:58:43 | ERROR    | trading_bot | Order Execution Failed: 'PaperTradingExecutor' object has no attribute 'place_order'
2026-01-03 11:58:43 | ERROR    | trading_bot | Error calculating size: RiskManager.calculate_position_size() takes 3 positional arguments but 4 were given
2026-01-03 11:58:43 | ERROR    | trading_bot | Order Execution Failed: 'PaperTradingExecutor' object has no attribute 'place_order'
2026-01-03 11:59:39 | ERROR    | trading_bot | Error calculating size: RiskManager.calculate_position_size() takes 3 positional arguments but 4 were given
2026-01-03 11:59:39 | ERROR    | trading_bot | Order Execution Failed: 'PaperTradingExecutor' object has no attribute 'place_order'
2026-01-03 11:59:40 | ERROR    | trading_bot | Error calculating size: RiskManager.calculate_position_size() takes 3 positional arguments but 4 were given
2026-01-03 11:59:40 | ERROR    | trading_bot | Order Execution Failed: 'PaperTradingExecutor' object has no attribute 'place_order'
2026-01-03 11:59:40 | ERROR    | trading_bot | Error calculating size: RiskManager.calculate_position_size() takes 3 positional arguments but 4 were given
2026-01-03 11:59:40 | ERROR    | trading_bot | Order Execution Failed: 'PaperTradingExecutor' object has no attribute 'place_order'
2026-01-03 12:01:04 | ERROR    | trading_bot | Error calculating size: RiskManager.calculate_position_size() takes 3 positional arguments but 4 were given
2026-01-03 12:01:04 | ERROR    | trading_bot | Order Execution Failed: 'PaperTradingExecutor' object has no attribute 'place_order'
2026-01-03 12:01:04 | ERROR    | trading_bot | Error calculating size: RiskManager.calculate_position_size() takes 3 positional arguments but 4 were given
2026-01-03 12:01:04 | ERROR    | trading_bot | Order Execution Failed: 'PaperTradingExecutor' object has no attribute 'place_order'
2026-01-03 12:01:05 | ERROR    | trading_bot | Error calculating size: RiskManager.calculate_position_size() takes 3 positional arguments but 4 were given
2026-01-03 12:01:05 | ERROR    | trading_bot | Order Execution Failed: 'PaperTradingExecutor' object has no attribute 'place_order'
2026-01-03 12:02:13 | ERROR    | trading_bot | Error calculating size: RiskManager.calculate_position_size() takes 3 positional arguments but 4 were given
2026-01-03 12:02:13 | ERROR    | trading_bot | Order Execution Failed: 'PaperTradingExecutor' object has no attribute 'place_order'
2026-01-03 12:02:14 | ERROR    | trading_bot | Error calculating size: RiskManager.calculate_position_size() takes 3 positional arguments but 4 were given
2026-01-03 12:02:14 | ERROR    | trading_bot | Order Execution Failed: 'PaperTradingExecutor' object has no attribute 'place_order'
2026-01-03 12:02:14 | ERROR    | trading_bot | Error calculating size: RiskManager.calculate_position_size() takes 3 positional arguments but 4 were given
2026-01-03 12:02:14 | ERROR    | trading_bot | Order Execution Failed: 'PaperTradingExecutor' object has no attribute 'place_order'
2026-01-03 12:06:08 | ERROR    | trading_bot | Order Execution Failed: name 'OrderStatus' is not defined
2026-01-03 12:06:09 | ERROR    | trading_bot | Order Execution Failed: name 'OrderStatus' is not defined
2026-01-03 12:06:09 | ERROR    | trading_bot | Order Execution Failed: name 'OrderStatus' is not defined
2026-01-03 12:08:00 | ERROR    | trading_bot | Order Execution Failed: BotMonitor.log_trade() takes 2 positional arguments but 6 were given
2026-01-06 23:13:51 | ERROR    | trading_bot | [R_75] Failed to load LSTM weights. Using untrained. Error: Error(s) in loading state_dict for TradingLSTM:
	Missing key(s) in state_dict: "lstm.weight_ih_l0", "lstm.weight_hh_l0", "lstm.bias_ih_l0", "lstm.bias_hh_l0", "lstm.weight_ih_l1", "lstm.weight_hh_l1", "lstm.bias_ih_l1", "lstm.bias_hh_l1", "fc.0.weight", "fc.0.bias", "fc.3.weight", "fc.3.bias". 
	Unexpected key(s) in state_dict: "model_state_dict", "input_size", "seq_length", "ticker", "rmse", "feature_columns". 
2026-01-07 08:45:14 | ERROR    | trading_bot | [R_75] Failed to load LSTM weights. Using untrained. Error: Error(s) in loading state_dict for TradingLSTM:
	Missing key(s) in state_dict: "lstm.weight_ih_l0", "lstm.weight_hh_l0", "lstm.bias_ih_l0", "lstm.bias_hh_l0", "lstm.weight_ih_l1", "lstm.weight_hh_l1", "lstm.bias_ih_l1", "lstm.bias_hh_l1", "fc.0.weight", "fc.0.bias", "fc.3.weight", "fc.3.bias". 
	Unexpected key(s) in state_dict: "model_state_dict", "input_size", "seq_length", "ticker", "rmse", "feature_columns". 
2026-01-07 09:24:35 | ERROR    | trading_bot | [R_75] Failed to load LSTM weights. Using untrained. Error: Error(s) in loading state_dict for TradingLSTM:
	Missing key(s) in state_dict: "lstm.weight_ih_l0", "lstm.weight_hh_l0", "lstm.bias_ih_l0", "lstm.bias_hh_l0", "lstm.weight_ih_l1", "lstm.weight_hh_l1", "lstm.bias_ih_l1", "lstm.bias_hh_l1", "fc.0.weight", "fc.0.bias", "fc.3.weight", "fc.3.bias". 
	Unexpected key(s) in state_dict: "model_state_dict", "input_size", "seq_length", "ticker", "rmse", "feature_columns". 
2026-01-07 09:24:44 | ERROR    | trading_bot | [R_75] Failed to load LSTM weights. Using untrained. Error: Error(s) in loading state_dict for TradingLSTM:
	Missing key(s) in state_dict: "lstm.weight_ih_l0", "lstm.weight_hh_l0", "lstm.bias_ih_l0", "lstm.bias_hh_l0", "lstm.weight_ih_l1", "lstm.weight_hh_l1", "lstm.bias_ih_l1", "lstm.bias_hh_l1", "fc.0.weight", "fc.0.bias", "fc.3.weight", "fc.3.bias". 
	Unexpected key(s) in state_dict: "model_state_dict", "input_size", "seq_length", "ticker", "rmse", "feature_columns". 
2026-01-07 09:24:47 | ERROR    | trading_bot.alerts | Failed to send email alert: (535, b'5.7.8 Username and Password not accepted. For more information, go to\n5.7.8  https://support.google.com/mail/?p=BadCredentials ffacd0b85a97d-432bd0dacd1sm8845487f8f.4 - gsmtp')
2026-01-07 09:24:50 | ERROR    | trading_bot.alerts | Failed to send email alert: (535, b'5.7.8 Username and Password not accepted. For more information, go to\n5.7.8  https://support.google.com/mail/?p=BadCredentials ffacd0b85a97d-432bd0e6784sm8708197f8f.19 - gsmtp')
2026-01-07 09:30:01 | ERROR    | trading_bot.alerts | Failed to send email alert: (535, b'5.7.8 Username and Password not accepted. For more information, go to\n5.7.8  https://support.google.com/mail/?p=BadCredentials 5b1f17b1804b1-47d7f7053f5sm82975525e9.14 - gsmtp')
2026-01-07 09:31:26 | ERROR    | trading_bot.alerts | Failed to send email alert: (535, b'5.7.8 Username and Password not accepted. For more information, go to\n5.7.8  https://support.google.com/mail/?p=BadCredentials 5b1f17b1804b1-47d7f653c61sm82633265e9.10 - gsmtp')
2026-01-07 09:32:38 | ERROR    | trading_bot | [R_75] Failed to load LSTM weights. Using untrained. Error: Error(s) in loading state_dict for TradingLSTM:
	Missing key(s) in state_dict: "lstm.weight_ih_l0", "lstm.weight_hh_l0", "lstm.bias_ih_l0", "lstm.bias_hh_l0", "lstm.weight_ih_l1", "lstm.weight_hh_l1", "lstm.bias_ih_l1", "lstm.bias_hh_l1", "fc.0.weight", "fc.0.bias", "fc.3.weight", "fc.3.bias". 
	Unexpected key(s) in state_dict: "model_state_dict", "input_size", "seq_length", "ticker", "rmse", "feature_columns". 
2026-01-07 09:33:34 | ERROR    | trading_bot | [R_75] Failed to load LSTM weights. Using untrained. Error: Error(s) in loading state_dict for TradingLSTM:
	Missing key(s) in state_dict: "lstm.weight_ih_l0", "lstm.weight_hh_l0", "lstm.bias_ih_l0", "lstm.bias_hh_l0", "lstm.weight_ih_l1", "lstm.weight_hh_l1", "lstm.bias_ih_l1", "lstm.bias_hh_l1", "fc.0.weight", "fc.0.bias", "fc.3.weight", "fc.3.bias". 
	Unexpected key(s) in state_dict: "model_state_dict", "input_size", "seq_length", "ticker", "rmse", "feature_columns". 
2026-01-07 09:33:37 | ERROR    | trading_bot.alerts | Failed to send email alert: (535, b'5.7.8 Username and Password not accepted. For more information, go to\n5.7.8  https://support.google.com/mail/?p=BadCredentials ffacd0b85a97d-432bd0e199bsm8999465f8f.16 - gsmtp')
2026-01-07 09:33:39 | ERROR    | trading_bot.alerts | Failed to send email alert: (535, b'5.7.8 Username and Password not accepted. For more information, go to\n5.7.8  https://support.google.com/mail/?p=BadCredentials 5b1f17b1804b1-47d7f65d9f0sm88100355e9.12 - gsmtp')
2026-01-07 09:33:42 | ERROR    | trading_bot.alerts | Failed to send email alert: (535, b'5.7.8 Username and Password not accepted. For more information, go to\n5.7.8  https://support.google.com/mail/?p=BadCredentials 5b1f17b1804b1-47d7f620ac8sm84049285e9.0 - gsmtp')
2026-01-07 09:34:53 | ERROR    | trading_bot.alerts | Failed to send email alert: (535, b'5.7.8 Username and Password not accepted. For more information, go to\n5.7.8  https://support.google.com/mail/?p=BadCredentials 5b1f17b1804b1-47d7f41f5e0sm83425435e9.8 - gsmtp')
2026-01-07 09:36:04 | ERROR    | trading_bot.alerts | Failed to send email alert: (535, b'5.7.8 Username and Password not accepted. For more information, go to\n5.7.8  https://support.google.com/mail/?p=BadCredentials ffacd0b85a97d-432bd5ee243sm8809251f8f.31 - gsmtp')
2026-01-07 09:38:14 | ERROR    | trading_bot | [R_75] Failed to load LSTM weights. Using untrained. Error: Error(s) in loading state_dict for TradingLSTM:
	Missing key(s) in state_dict: "lstm.weight_ih_l0", "lstm.weight_hh_l0", "lstm.bias_ih_l0", "lstm.bias_hh_l0", "lstm.weight_ih_l1", "lstm.weight_hh_l1", "lstm.bias_ih_l1", "lstm.bias_hh_l1", "fc.0.weight", "fc.0.bias", "fc.3.weight", "fc.3.bias". 
	Unexpected key(s) in state_dict: "model_state_dict", "input_size", "seq_length", "ticker", "rmse", "feature_columns". 
2026-01-07 09:38:59 | ERROR    | trading_bot | [R_75] Failed to load LSTM weights. Using untrained. Error: Error(s) in loading state_dict for TradingLSTM:
	Missing key(s) in state_dict: "lstm.weight_ih_l0", "lstm.weight_hh_l0", "lstm.bias_ih_l0", "lstm.bias_hh_l0", "lstm.weight_ih_l1", "lstm.weight_hh_l1", "lstm.bias_ih_l1", "lstm.bias_hh_l1", "fc.0.weight", "fc.0.bias", "fc.3.weight", "fc.3.bias". 
	Unexpected key(s) in state_dict: "model_state_dict", "input_size", "seq_length", "ticker", "rmse", "feature_columns". 
2026-01-07 10:27:01 | ERROR    | trading_bot | [R_75] Failed to load LSTM weights. Using untrained. Error: Error(s) in loading state_dict for TradingLSTM:
	Missing key(s) in state_dict: "lstm.weight_ih_l0", "lstm.weight_hh_l0", "lstm.bias_ih_l0", "lstm.bias_hh_l0", "lstm.weight_ih_l1", "lstm.weight_hh_l1", "lstm.bias_ih_l1", "lstm.bias_hh_l1", "fc.0.weight", "fc.0.bias", "fc.3.weight", "fc.3.bias". 
	Unexpected key(s) in state_dict: "model_state_dict", "input_size", "seq_length", "ticker", "rmse", "feature_columns". 
2026-01-07 10:27:09 | ERROR    | trading_bot | [R_75] Failed to load LSTM weights. Using untrained. Error: Error(s) in loading state_dict for TradingLSTM:
	Missing key(s) in state_dict: "lstm.weight_ih_l0", "lstm.weight_hh_l0", "lstm.bias_ih_l0", "lstm.bias_hh_l0", "lstm.weight_ih_l1", "lstm.weight_hh_l1", "lstm.bias_ih_l1", "lstm.bias_hh_l1", "fc.0.weight", "fc.0.bias", "fc.3.weight", "fc.3.bias". 
	Unexpected key(s) in state_dict: "model_state_dict", "input_size", "seq_length", "ticker", "rmse", "feature_columns". 
2026-01-07 10:44:25 | ERROR    | trading_bot | [R_75] Failed to load LSTM weights. Using untrained. Error: Error(s) in loading state_dict for TradingLSTM:
	Missing key(s) in state_dict: "lstm.weight_ih_l0", "lstm.weight_hh_l0", "lstm.bias_ih_l0", "lstm.bias_hh_l0", "lstm.weight_ih_l1", "lstm.weight_hh_l1", "lstm.bias_ih_l1", "lstm.bias_hh_l1", "fc.0.weight", "fc.0.bias", "fc.3.weight", "fc.3.bias". 
	Unexpected key(s) in state_dict: "model_state_dict", "input_size", "seq_length", "ticker", "rmse", "feature_columns". 
2026-01-07 10:44:36 | ERROR    | trading_bot | [R_75] Failed to load LSTM weights. Using untrained. Error: Error(s) in loading state_dict for TradingLSTM:
	Missing key(s) in state_dict: "lstm.weight_ih_l0", "lstm.weight_hh_l0", "lstm.bias_ih_l0", "lstm.bias_hh_l0", "lstm.weight_ih_l1", "lstm.weight_hh_l1", "lstm.bias_ih_l1", "lstm.bias_hh_l1", "fc.0.weight", "fc.0.bias", "fc.3.weight", "fc.3.bias". 
	Unexpected key(s) in state_dict: "model_state_dict", "input_size", "seq_length", "ticker", "rmse", "feature_columns". 
2026-01-07 10:51:19 | ERROR    | trading_bot | [R_75] Failed to load LSTM weights. Using untrained. Error: Error(s) in loading state_dict for TradingLSTM:
	Missing key(s) in state_dict: "lstm.weight_ih_l0", "lstm.weight_hh_l0", "lstm.bias_ih_l0", "lstm.bias_hh_l0", "lstm.weight_ih_l1", "lstm.weight_hh_l1", "lstm.bias_ih_l1", "lstm.bias_hh_l1", "fc.0.weight", "fc.0.bias", "fc.3.weight", "fc.3.bias". 
	Unexpected key(s) in state_dict: "model_state_dict", "input_size", "seq_length", "ticker", "rmse", "feature_columns". 
2026-01-07 10:51:33 | ERROR    | trading_bot | [R_75] Failed to load LSTM weights. Using untrained. Error: Error(s) in loading state_dict for TradingLSTM:
	Missing key(s) in state_dict: "lstm.weight_ih_l0", "lstm.weight_hh_l0", "lstm.bias_ih_l0", "lstm.bias_hh_l0", "lstm.weight_ih_l1", "lstm.weight_hh_l1", "lstm.bias_ih_l1", "lstm.bias_hh_l1", "fc.0.weight", "fc.0.bias", "fc.3.weight", "fc.3.bias". 
	Unexpected key(s) in state_dict: "model_state_dict", "input_size", "seq_length", "ticker", "rmse", "feature_columns". 
2026-01-07 10:52:45 | ERROR    | trading_bot | [R_75] Failed to load LSTM weights. Using untrained. Error: Error(s) in loading state_dict for TradingLSTM:
	Missing key(s) in state_dict: "lstm.weight_ih_l0", "lstm.weight_hh_l0", "lstm.bias_ih_l0", "lstm.bias_hh_l0", "lstm.weight_ih_l1", "lstm.weight_hh_l1", "lstm.bias_ih_l1", "lstm.bias_hh_l1", "fc.0.weight", "fc.0.bias", "fc.3.weight", "fc.3.bias". 
	Unexpected key(s) in state_dict: "model_state_dict", "input_size", "seq_length", "ticker", "rmse", "feature_columns". 
2026-01-07 10:52:54 | ERROR    | trading_bot | [R_75] Failed to load LSTM weights. Using untrained. Error: Error(s) in loading state_dict for TradingLSTM:
	Missing key(s) in state_dict: "lstm.weight_ih_l0", "lstm.weight_hh_l0", "lstm.bias_ih_l0", "lstm.bias_hh_l0", "lstm.weight_ih_l1", "lstm.weight_hh_l1", "lstm.bias_ih_l1", "lstm.bias_hh_l1", "fc.0.weight", "fc.0.bias", "fc.3.weight", "fc.3.bias". 
	Unexpected key(s) in state_dict: "model_state_dict", "input_size", "seq_length", "ticker", "rmse", "feature_columns". 
2026-01-07 12:56:42 | ERROR    | trading_bot | [R_75] Failed to load LSTM weights. Using untrained. Error: Error(s) in loading state_dict for TradingLSTM:
	Missing key(s) in state_dict: "lstm.weight_ih_l0", "lstm.weight_hh_l0", "lstm.bias_ih_l0", "lstm.bias_hh_l0", "lstm.weight_ih_l1", "lstm.weight_hh_l1", "lstm.bias_ih_l1", "lstm.bias_hh_l1", "fc.0.weight", "fc.0.bias", "fc.3.weight", "fc.3.bias". 
	Unexpected key(s) in state_dict: "model_state_dict", "input_size", "seq_length", "ticker", "rmse", "feature_columns". 
2026-01-07 12:56:50 | ERROR    | trading_bot | [R_75] Failed to load LSTM weights. Using untrained. Error: Error(s) in loading state_dict for TradingLSTM:
	Missing key(s) in state_dict: "lstm.weight_ih_l0", "lstm.weight_hh_l0", "lstm.bias_ih_l0", "lstm.bias_hh_l0", "lstm.weight_ih_l1", "lstm.weight_hh_l1", "lstm.bias_ih_l1", "lstm.bias_hh_l1", "fc.0.weight", "fc.0.bias", "fc.3.weight", "fc.3.bias". 
	Unexpected key(s) in state_dict: "model_state_dict", "input_size", "seq_length", "ticker", "rmse", "feature_columns". 
2026-01-07 12:58:20 | ERROR    | trading_bot | [R_75] Failed to load LSTM weights. Using untrained. Error: Error(s) in loading state_dict for TradingLSTM:
	Missing key(s) in state_dict: "lstm.weight_ih_l0", "lstm.weight_hh_l0", "lstm.bias_ih_l0", "lstm.bias_hh_l0", "lstm.weight_ih_l1", "lstm.weight_hh_l1", "lstm.bias_ih_l1", "lstm.bias_hh_l1", "fc.0.weight", "fc.0.bias", "fc.3.weight", "fc.3.bias". 
	Unexpected key(s) in state_dict: "model_state_dict", "input_size", "seq_length", "ticker", "rmse", "feature_columns". 
2026-01-07 12:59:45 | ERROR    | trading_bot | [R_75] Failed to load LSTM weights. Using untrained. Error: Error(s) in loading state_dict for TradingLSTM:
	Missing key(s) in state_dict: "lstm.weight_ih_l0", "lstm.weight_hh_l0", "lstm.bias_ih_l0", "lstm.bias_hh_l0", "lstm.weight_ih_l1", "lstm.weight_hh_l1", "lstm.bias_ih_l1", "lstm.bias_hh_l1", "fc.0.weight", "fc.0.bias", "fc.3.weight", "fc.3.bias". 
	Unexpected key(s) in state_dict: "model_state_dict", "input_size", "seq_length", "ticker", "rmse", "feature_columns". 
2026-01-07 12:59:46 | ERROR    | trading_bot | Order Execution Failed: 'NoneType' object has no attribute 'ask'
2026-01-07 12:59:47 | ERROR    | trading_bot | Order Execution Failed: 'NoneType' object has no attribute 'ask'
2026-01-07 12:59:48 | ERROR    | trading_bot | Order Execution Failed: 'NoneType' object has no attribute 'bid'
2026-01-07 13:00:59 | ERROR    | trading_bot | Order Execution Failed: 'NoneType' object has no attribute 'bid'
2026-01-07 13:01:00 | ERROR    | trading_bot | Order Execution Failed: 'NoneType' object has no attribute 'ask'
2026-01-07 13:01:00 | ERROR    | trading_bot | Order Execution Failed: 'NoneType' object has no attribute 'bid'
2026-01-07 13:02:12 | ERROR    | trading_bot | Order Execution Failed: 'NoneType' object has no attribute 'ask'
2026-01-07 13:02:13 | ERROR    | trading_bot | Order Execution Failed: 'NoneType' object has no attribute 'bid'
2026-01-07 13:03:25 | ERROR    | trading_bot | Order Execution Failed: 'NoneType' object has no attribute 'bid'
2026-01-07 13:03:26 | ERROR    | trading_bot | Order Execution Failed: 'NoneType' object has no attribute 'ask'
2026-01-07 13:03:26 | ERROR    | trading_bot | Order Execution Failed: 'NoneType' object has no attribute 'bid'
2026-01-07 13:05:11 | ERROR    | trading_bot | Order Execution Failed: 'NoneType' object has no attribute 'bid'
2026-01-07 13:05:12 | ERROR    | trading_bot | Order Execution Failed: 'NoneType' object has no attribute 'ask'
2026-01-07 13:05:12 | ERROR    | trading_bot | Order Execution Failed: 'NoneType' object has no attribute 'bid'
2026-01-07 13:07:01 | ERROR    | trading_bot | Order Execution Failed: 'NoneType' object has no attribute 'ask'
2026-01-07 13:07:03 | ERROR    | trading_bot | Order Execution Failed: 'NoneType' object has no attribute 'ask'
2026-01-07 13:07:04 | ERROR    | trading_bot | Order Execution Failed: 'NoneType' object has no attribute 'bid'
2026-01-07 13:08:54 | ERROR    | trading_bot | Order Execution Failed: 'NoneType' object has no attribute 'ask'
2026-01-07 13:08:54 | ERROR    | trading_bot | Order Execution Failed: 'NoneType' object has no attribute 'ask'
2026-01-07 13:08:55 | ERROR    | trading_bot | Order Execution Failed: 'NoneType' object has no attribute 'bid'
2026-01-07 13:10:49 | ERROR    | trading_bot | Order Execution Failed: 'NoneType' object has no attribute 'bid'
2026-01-07 13:10:50 | ERROR    | trading_bot | Order Execution Failed: 'NoneType' object has no attribute 'bid'
2026-01-07 13:10:50 | ERROR    | trading_bot | Order Execution Failed: 'NoneType' object has no attribute 'ask'
2026-01-07 14:04:46 | ERROR    | trading_bot | [R_75] Failed to load LSTM weights. Using untrained. Error: Error(s) in loading state_dict for TradingLSTM:
	Missing key(s) in state_dict: "lstm.weight_ih_l0", "lstm.weight_hh_l0", "lstm.bias_ih_l0", "lstm.bias_hh_l0", "lstm.weight_ih_l1", "lstm.weight_hh_l1", "lstm.bias_ih_l1", "lstm.bias_hh_l1", "fc.0.weight", "fc.0.bias", "fc.3.weight", "fc.3.bias". 
	Unexpected key(s) in state_dict: "model_state_dict", "input_size", "seq_length", "ticker", "rmse", "feature_columns". 
2026-01-07 14:07:41 | ERROR    | trading_bot | [R_75] Failed to load LSTM weights. Using untrained. Error: Error(s) in loading state_dict for TradingLSTM:
	Missing key(s) in state_dict: "lstm.weight_ih_l0", "lstm.weight_hh_l0", "lstm.bias_ih_l0", "lstm.bias_hh_l0", "lstm.weight_ih_l1", "lstm.weight_hh_l1", "lstm.bias_ih_l1", "lstm.bias_hh_l1", "fc.0.weight", "fc.0.bias", "fc.3.weight", "fc.3.bias". 
	Unexpected key(s) in state_dict: "model_state_dict", "input_size", "seq_length", "ticker", "rmse", "feature_columns". 
2026-01-08 10:14:06 | ERROR    | trading_bot | [R_75] Failed to load LSTM weights. Using untrained. Error: Error(s) in loading state_dict for TradingLSTM:
	Missing key(s) in state_dict: "lstm.weight_ih_l0", "lstm.weight_hh_l0", "lstm.bias_ih_l0", "lstm.bias_hh_l0", "lstm.weight_ih_l1", "lstm.weight_hh_l1", "lstm.bias_ih_l1", "lstm.bias_hh_l1", "fc.0.weight", "fc.0.bias", "fc.3.weight", "fc.3.bias". 
	Unexpected key(s) in state_dict: "model_state_dict", "input_size", "seq_length", "ticker", "rmse", "feature_columns". 
2026-01-08 10:15:27 | ERROR    | trading_bot | [R_75] Failed to load LSTM weights. Using untrained. Error: Error(s) in loading state_dict for TradingLSTM:
	Missing key(s) in state_dict: "lstm.weight_ih_l0", "lstm.weight_hh_l0", "lstm.bias_ih_l0", "lstm.bias_hh_l0", "lstm.weight_ih_l1", "lstm.weight_hh_l1", "lstm.bias_ih_l1", "lstm.bias_hh_l1", "fc.0.weight", "fc.0.bias", "fc.3.weight", "fc.3.bias". 
	Unexpected key(s) in state_dict: "model_state_dict", "input_size", "seq_length", "ticker", "rmse", "feature_columns". 
2026-01-08 10:15:28 | ERROR    | trading_bot | Order Execution Failed: 'NoneType' object has no attribute 'ask'
2026-01-08 10:17:12 | ERROR    | trading_bot | Order Execution Failed: 'NoneType' object has no attribute 'bid'
2026-01-08 10:18:22 | ERROR    | trading_bot | Order Execution Failed: 'NoneType' object has no attribute 'bid'
2026-01-08 10:21:53 | ERROR    | trading_bot | Order Execution Failed: 'NoneType' object has no attribute 'bid'
2026-01-08 10:21:55 | ERROR    | trading_bot | Order Execution Failed: 'NoneType' object has no attribute 'bid'
2026-01-08 10:23:05 | ERROR    | trading_bot | Order Execution Failed: 'NoneType' object has no attribute 'ask'
2026-01-08 10:23:06 | ERROR    | trading_bot | Order Execution Failed: 'NoneType' object has no attribute 'bid'
2026-01-08 10:24:51 | ERROR    | trading_bot | Order Execution Failed: 'NoneType' object has no attribute 'ask'
2026-01-08 10:24:51 | ERROR    | trading_bot | Order Execution Failed: 'NoneType' object has no attribute 'ask'
2026-01-08 10:24:51 | ERROR    | trading_bot | Order Execution Failed: 'NoneType' object has no attribute 'bid'
2026-01-08 10:26:36 | ERROR    | trading_bot | Order Execution Failed: 'NoneType' object has no attribute 'bid'
2026-01-08 10:26:36 | ERROR    | trading_bot | Order Execution Failed: 'NoneType' object has no attribute 'ask'
2026-01-08 10:26:37 | ERROR    | trading_bot | Order Execution Failed: 'NoneType' object has no attribute 'bid'
2026-01-08 10:28:21 | ERROR    | trading_bot | Order Execution Failed: 'NoneType' object has no attribute 'bid'
2026-01-08 10:28:21 | ERROR    | trading_bot | Order Execution Failed: 'NoneType' object has no attribute 'ask'
2026-01-08 10:28:22 | ERROR    | trading_bot | Order Execution Failed: 'NoneType' object has no attribute 'bid'
2026-01-08 10:30:06 | ERROR    | trading_bot | Order Execution Failed: 'NoneType' object has no attribute 'bid'
2026-01-08 10:30:07 | ERROR    | trading_bot | Order Execution Failed: 'NoneType' object has no attribute 'ask'
2026-01-08 10:30:07 | ERROR    | trading_bot | Order Execution Failed: 'NoneType' object has no attribute 'bid'
2026-01-08 10:31:16 | ERROR    | trading_bot | Order Execution Failed: 'NoneType' object has no attribute 'ask'
2026-01-08 10:31:17 | ERROR    | trading_bot | Order Execution Failed: 'NoneType' object has no attribute 'ask'
2026-01-08 10:31:17 | ERROR    | trading_bot | Order Execution Failed: 'NoneType' object has no attribute 'bid'
2026-01-08 10:32:27 | ERROR    | trading_bot | Order Execution Failed: 'NoneType' object has no attribute 'ask'
2026-01-08 10:32:29 | ERROR    | trading_bot | Order Execution Failed: 'NoneType' object has no attribute 'ask'
2026-01-08 10:32:30 | ERROR    | trading_bot | Order Execution Failed: 'NoneType' object has no attribute 'bid'
2026-01-08 10:33:38 | ERROR    | trading_bot | Order Execution Failed: 'NoneType' object has no attribute 'ask'
2026-01-08 10:33:39 | ERROR    | trading_bot | Order Execution Failed: 'NoneType' object has no attribute 'ask'
2026-01-08 10:33:39 | ERROR    | trading_bot | Order Execution Failed: 'NoneType' object has no attribute 'bid'
2026-01-08 10:34:48 | ERROR    | trading_bot | Order Execution Failed: 'NoneType' object has no attribute 'ask'
2026-01-08 10:34:48 | ERROR    | trading_bot | Order Execution Failed: 'NoneType' object has no attribute 'ask'
2026-01-08 10:34:49 | ERROR    | trading_bot | Order Execution Failed: 'NoneType' object has no attribute 'bid'
2026-01-08 10:35:57 | ERROR    | trading_bot | Order Execution Failed: 'NoneType' object has no attribute 'ask'
2026-01-08 10:35:57 | ERROR    | trading_bot | Order Execution Failed: 'NoneType' object has no attribute 'ask'
2026-01-08 10:35:58 | ERROR    | trading_bot | Order Execution Failed: 'NoneType' object has no attribute 'bid'
2026-01-08 10:38:19 | ERROR    | trading_bot | Order Execution Failed: 'NoneType' object has no attribute 'ask'
2026-01-08 10:38:20 | ERROR    | trading_bot | Order Execution Failed: 'NoneType' object has no attribute 'bid'
2026-01-08 10:39:28 | ERROR    | trading_bot | Order Execution Failed: 'NoneType' object has no attribute 'ask'
2026-01-08 10:39:29 | ERROR    | trading_bot | Order Execution Failed: 'NoneType' object has no attribute 'bid'
2026-01-08 10:44:10 | ERROR    | trading_bot | Order Execution Failed: 'NoneType' object has no attribute 'ask'
2026-01-08 10:44:11 | ERROR    | trading_bot | Order Execution Failed: 'NoneType' object has no attribute 'ask'
2026-01-08 10:47:19 | ERROR    | trading_bot | [R_75] Failed to load LSTM weights. Using untrained. Error: Error(s) in loading state_dict for TradingLSTM:
	Missing key(s) in state_dict: "lstm.weight_ih_l0", "lstm.weight_hh_l0", "lstm.bias_ih_l0", "lstm.bias_hh_l0", "lstm.weight_ih_l1", "lstm.weight_hh_l1", "lstm.bias_ih_l1", "lstm.bias_hh_l1", "fc.0.weight", "fc.0.bias", "fc.3.weight", "fc.3.bias". 
	Unexpected key(s) in state_dict: "model_state_dict", "input_size", "seq_length", "ticker", "rmse", "feature_columns". 
2026-01-08 10:47:28 | ERROR    | trading_bot | [R_75] Failed to load LSTM weights. Using untrained. Error: Error(s) in loading state_dict for TradingLSTM:
	Missing key(s) in state_dict: "lstm.weight_ih_l0", "lstm.weight_hh_l0", "lstm.bias_ih_l0", "lstm.bias_hh_l0", "lstm.weight_ih_l1", "lstm.weight_hh_l1", "lstm.bias_ih_l1", "lstm.bias_hh_l1", "fc.0.weight", "fc.0.bias", "fc.3.weight", "fc.3.bias". 
	Unexpected key(s) in state_dict: "model_state_dict", "input_size", "seq_length", "ticker", "rmse", "feature_columns". 
2026-01-08 10:47:29 | ERROR    | trading_bot | Order Execution Failed: 'NoneType' object has no attribute 'ask'
2026-01-08 10:47:31 | ERROR    | trading_bot | Order Execution Failed: 'NoneType' object has no attribute 'ask'
2026-01-08 10:49:16 | ERROR    | trading_bot | Order Execution Failed: 'NoneType' object has no attribute 'ask'
2026-01-08 10:49:16 | ERROR    | trading_bot | Order Execution Failed: 'NoneType' object has no attribute 'ask'
2026-01-08 10:50:25 | ERROR    | trading_bot | Order Execution Failed: 'NoneType' object has no attribute 'ask'
2026-01-08 10:50:26 | ERROR    | trading_bot | Order Execution Failed: 'NoneType' object has no attribute 'ask'
2026-01-08 10:52:48 | ERROR    | trading_bot | Order Execution Failed: 'NoneType' object has no attribute 'ask'
2026-01-08 10:52:49 | ERROR    | trading_bot | Order Execution Failed: 'NoneType' object has no attribute 'ask'
2026-01-08 10:54:00 | ERROR    | trading_bot | Order Execution Failed: 'NoneType' object has no attribute 'bid'
2026-01-08 10:54:00 | ERROR    | trading_bot | Order Execution Failed: 'NoneType' object has no attribute 'ask'
2026-01-08 10:56:58 | ERROR    | trading_bot | Order Execution Failed: 'NoneType' object has no attribute 'ask'
2026-01-08 10:58:08 | ERROR    | trading_bot | Order Execution Failed: 'NoneType' object has no attribute 'ask'
2026-01-08 10:58:08 | ERROR    | trading_bot | Order Execution Failed: 'NoneType' object has no attribute 'ask'
2026-01-08 10:59:17 | ERROR    | trading_bot | Order Execution Failed: 'NoneType' object has no attribute 'ask'
2026-01-08 10:59:17 | ERROR    | trading_bot | Order Execution Failed: 'NoneType' object has no attribute 'ask'
2026-01-08 11:01:01 | ERROR    | trading_bot | Order Execution Failed: 'NoneType' object has no attribute 'bid'
2026-01-08 11:01:01 | ERROR    | trading_bot | Order Execution Failed: 'NoneType' object has no attribute 'ask'
2026-01-08 11:02:10 | ERROR    | trading_bot | Order Execution Failed: 'NoneType' object has no attribute 'bid'
2026-01-08 11:02:10 | ERROR    | trading_bot | Order Execution Failed: 'NoneType' object has no attribute 'ask'
2026-01-08 11:03:19 | ERROR    | trading_bot | Order Execution Failed: 'NoneType' object has no attribute 'ask'
2026-01-08 11:05:05 | ERROR    | trading_bot | Order Execution Failed: 'NoneType' object has no attribute 'bid'
2026-01-08 11:05:05 | ERROR    | trading_bot | Order Execution Failed: 'NoneType' object has no attribute 'ask'
2026-01-08 11:06:14 | ERROR    | trading_bot | Order Execution Failed: 'NoneType' object has no attribute 'ask'
2026-01-08 11:06:14 | ERROR    | trading_bot | Order Execution Failed: 'NoneType' object has no attribute 'ask'
2026-01-08 11:09:46 | ERROR    | trading_bot | Order Execution Failed: 'NoneType' object has no attribute 'ask'
2026-01-08 11:09:47 | ERROR    | trading_bot | Order Execution Failed: 'NoneType' object has no attribute 'ask'
2026-01-08 11:09:47 | ERROR    | trading_bot | Order Execution Failed: 'NoneType' object has no attribute 'bid'
2026-01-08 11:10:56 | ERROR    | trading_bot | Order Execution Failed: 'NoneType' object has no attribute 'ask'
2026-01-08 11:10:57 | ERROR    | trading_bot | Order Execution Failed: 'NoneType' object has no attribute 'ask'
2026-01-08 12:10:46 | ERROR    | trading_bot | Prediction error for xgboost: Model is neither trained nor loaded.
2026-01-08 12:10:46 | ERROR    | trading_bot | Prediction error for lstm: input.size(-1) must be equal to input_size. Expected 57, got 56
2026-01-08 12:10:46 | ERROR    | trading_bot | Prediction error for xgboost: Model is neither trained nor loaded.
2026-01-08 12:10:47 | ERROR    | trading_bot | Prediction error for lstm: input.size(-1) must be equal to input_size. Expected 57, got 56
2026-01-08 12:10:47 | ERROR    | trading_bot | Prediction error for xgboost: Model is neither trained nor loaded.
2026-01-08 12:10:47 | ERROR    | trading_bot | Prediction error for lstm: input.size(-1) must be equal to input_size. Expected 57, got 56
2026-01-08 12:12:13 | ERROR    | trading_bot | Prediction error for xgboost: Model is neither trained nor loaded.
2026-01-08 12:12:14 | ERROR    | trading_bot | Prediction error for lstm: input.size(-1) must be equal to input_size. Expected 57, got 56
2026-01-08 12:12:14 | ERROR    | trading_bot | Prediction error for xgboost: Model is neither trained nor loaded.
2026-01-08 12:12:14 | ERROR    | trading_bot | Prediction error for lstm: input.size(-1) must be equal to input_size. Expected 57, got 56
2026-01-08 12:12:14 | ERROR    | trading_bot | Prediction error for xgboost: Model is neither trained nor loaded.
2026-01-08 12:12:15 | ERROR    | trading_bot | Prediction error for lstm: input.size(-1) must be equal to input_size. Expected 57, got 56
2026-01-08 12:13:15 | ERROR    | trading_bot | Prediction error for xgboost: Model is neither trained nor loaded.
2026-01-08 12:13:15 | ERROR    | trading_bot | Prediction error for lstm: input.size(-1) must be equal to input_size. Expected 57, got 56
2026-01-08 12:13:16 | ERROR    | trading_bot | Prediction error for xgboost: Model is neither trained nor loaded.
2026-01-08 12:13:16 | ERROR    | trading_bot | Prediction error for lstm: input.size(-1) must be equal to input_size. Expected 57, got 56
2026-01-08 12:13:16 | ERROR    | trading_bot | Prediction error for xgboost: Model is neither trained nor loaded.
2026-01-08 12:13:17 | ERROR    | trading_bot | Prediction error for lstm: input.size(-1) must be equal to input_size. Expected 57, got 56
2026-01-08 12:14:17 | ERROR    | trading_bot | Prediction error for xgboost: Model is neither trained nor loaded.
2026-01-08 12:14:18 | ERROR    | trading_bot | Prediction error for lstm: input.size(-1) must be equal to input_size. Expected 57, got 56
2026-01-08 12:14:18 | ERROR    | trading_bot | Prediction error for xgboost: Model is neither trained nor loaded.
2026-01-08 12:14:18 | ERROR    | trading_bot | Prediction error for lstm: input.size(-1) must be equal to input_size. Expected 57, got 56
2026-01-08 12:14:18 | ERROR    | trading_bot | Prediction error for xgboost: Model is neither trained nor loaded.
2026-01-08 12:14:19 | ERROR    | trading_bot | Prediction error for lstm: input.size(-1) must be equal to input_size. Expected 57, got 56
2026-01-08 12:15:19 | ERROR    | trading_bot | Prediction error for xgboost: Model is neither trained nor loaded.
2026-01-08 12:15:19 | ERROR    | trading_bot | Prediction error for lstm: input.size(-1) must be equal to input_size. Expected 57, got 56
2026-01-08 12:15:20 | ERROR    | trading_bot | Prediction error for xgboost: Model is neither trained nor loaded.
2026-01-08 12:15:20 | ERROR    | trading_bot | Prediction error for lstm: input.size(-1) must be equal to input_size. Expected 57, got 56
2026-01-08 12:15:20 | ERROR    | trading_bot | Prediction error for xgboost: Model is neither trained nor loaded.
2026-01-08 12:15:20 | ERROR    | trading_bot | Prediction error for lstm: input.size(-1) must be equal to input_size. Expected 57, got 56
2026-01-08 12:16:21 | ERROR    | trading_bot | Prediction error for xgboost: Model is neither trained nor loaded.
2026-01-08 12:16:21 | ERROR    | trading_bot | Prediction error for lstm: input.size(-1) must be equal to input_size. Expected 57, got 56
2026-01-08 12:16:21 | ERROR    | trading_bot | Prediction error for xgboost: Model is neither trained nor loaded.
2026-01-08 12:16:22 | ERROR    | trading_bot | Prediction error for lstm: input.size(-1) must be equal to input_size. Expected 57, got 56
2026-01-08 12:16:23 | ERROR    | trading_bot | Prediction error for xgboost: Model is neither trained nor loaded.
2026-01-08 12:16:23 | ERROR    | trading_bot | Prediction error for lstm: input.size(-1) must be equal to input_size. Expected 57, got 56
2026-01-08 12:16:30 | ERROR    | trading_bot | Prediction error for xgboost: Model is neither trained nor loaded.
2026-01-08 12:16:30 | ERROR    | trading_bot | Prediction error for xgboost: Model is neither trained nor loaded.
2026-01-08 12:16:33 | ERROR    | trading_bot | Prediction error for xgboost: Model is neither trained nor loaded.
2026-01-08 12:17:24 | ERROR    | trading_bot | Prediction error for xgboost: Model is neither trained nor loaded.
2026-01-08 12:17:25 | ERROR    | trading_bot | Prediction error for lstm: input.size(-1) must be equal to input_size. Expected 57, got 56
2026-01-08 12:17:26 | ERROR    | trading_bot | Prediction error for xgboost: Model is neither trained nor loaded.
2026-01-08 12:17:27 | ERROR    | trading_bot | Prediction error for lstm: input.size(-1) must be equal to input_size. Expected 57, got 56
2026-01-08 12:17:27 | ERROR    | trading_bot | Prediction error for xgboost: Model is neither trained nor loaded.
2026-01-08 12:17:29 | ERROR    | trading_bot | Prediction error for lstm: input.size(-1) must be equal to input_size. Expected 57, got 56
2026-01-08 12:17:34 | ERROR    | trading_bot | Prediction error for xgboost: Model is neither trained nor loaded.
2026-01-08 12:17:34 | ERROR    | trading_bot | Prediction error for xgboost: Model is neither trained nor loaded.
2026-01-08 12:17:36 | ERROR    | trading_bot | Prediction error for xgboost: Model is neither trained nor loaded.
2026-01-08 12:18:30 | ERROR    | trading_bot | Prediction error for xgboost: Model is neither trained nor loaded.
2026-01-08 12:18:31 | ERROR    | trading_bot | Prediction error for lstm: input.size(-1) must be equal to input_size. Expected 57, got 56
2026-01-08 12:18:32 | ERROR    | trading_bot | Prediction error for xgboost: Model is neither trained nor loaded.
2026-01-08 12:18:32 | ERROR    | trading_bot | Prediction error for lstm: input.size(-1) must be equal to input_size. Expected 57, got 56
2026-01-08 12:18:33 | ERROR    | trading_bot | Prediction error for xgboost: Model is neither trained nor loaded.
2026-01-08 12:18:34 | ERROR    | trading_bot | Prediction error for lstm: input.size(-1) must be equal to input_size. Expected 57, got 56
2026-01-08 12:18:38 | ERROR    | trading_bot | Prediction error for xgboost: Model is neither trained nor loaded.
2026-01-08 12:18:38 | ERROR    | trading_bot | Prediction error for xgboost: Model is neither trained nor loaded.
2026-01-08 12:18:39 | ERROR    | trading_bot | Prediction error for xgboost: Model is neither trained nor loaded.
2026-01-08 12:19:35 | ERROR    | trading_bot | Prediction error for xgboost: Model is neither trained nor loaded.
2026-01-08 12:19:35 | ERROR    | trading_bot | Prediction error for lstm: input.size(-1) must be equal to input_size. Expected 57, got 56
2026-01-08 12:19:35 | ERROR    | trading_bot | Prediction error for xgboost: Model is neither trained nor loaded.
2026-01-08 12:19:35 | ERROR    | trading_bot | Prediction error for lstm: input.size(-1) must be equal to input_size. Expected 57, got 56
2026-01-08 12:19:36 | ERROR    | trading_bot | Prediction error for xgboost: Model is neither trained nor loaded.
2026-01-08 12:19:36 | ERROR    | trading_bot | Prediction error for lstm: input.size(-1) must be equal to input_size. Expected 57, got 56
2026-01-08 12:19:41 | ERROR    | trading_bot | Prediction error for xgboost: Model is neither trained nor loaded.
2026-01-08 12:19:41 | ERROR    | trading_bot | Prediction error for xgboost: Model is neither trained nor loaded.
2026-01-08 12:19:41 | ERROR    | trading_bot | Prediction error for xgboost: Model is neither trained nor loaded.
2026-01-08 12:20:36 | ERROR    | trading_bot | Prediction error for xgboost: Model is neither trained nor loaded.
2026-01-08 12:20:36 | ERROR    | trading_bot | Prediction error for lstm: input.size(-1) must be equal to input_size. Expected 57, got 56
2026-01-08 12:20:36 | ERROR    | trading_bot | Prediction error for xgboost: Model is neither trained nor loaded.
2026-01-08 12:20:37 | ERROR    | trading_bot | Prediction error for lstm: input.size(-1) must be equal to input_size. Expected 57, got 56
2026-01-08 12:20:37 | ERROR    | trading_bot | Prediction error for xgboost: Model is neither trained nor loaded.
2026-01-08 12:20:38 | ERROR    | trading_bot | Prediction error for lstm: input.size(-1) must be equal to input_size. Expected 57, got 56
2026-01-08 12:20:42 | ERROR    | trading_bot | Prediction error for xgboost: Model is neither trained nor loaded.
2026-01-08 12:20:43 | ERROR    | trading_bot | Prediction error for xgboost: Model is neither trained nor loaded.
2026-01-08 12:20:44 | ERROR    | trading_bot | Prediction error for xgboost: Model is neither trained nor loaded.
2026-01-08 12:21:39 | ERROR    | trading_bot | Prediction error for xgboost: Model is neither trained nor loaded.
2026-01-08 12:21:39 | ERROR    | trading_bot | Prediction error for lstm: input.size(-1) must be equal to input_size. Expected 57, got 56
2026-01-08 12:21:39 | ERROR    | trading_bot | Prediction error for xgboost: Model is neither trained nor loaded.
2026-01-08 12:21:40 | ERROR    | trading_bot | Prediction error for lstm: input.size(-1) must be equal to input_size. Expected 57, got 56
2026-01-08 12:21:40 | ERROR    | trading_bot | Prediction error for xgboost: Model is neither trained nor loaded.
2026-01-08 12:21:41 | ERROR    | trading_bot | Prediction error for lstm: input.size(-1) must be equal to input_size. Expected 57, got 56
2026-01-08 12:21:45 | ERROR    | trading_bot | Prediction error for xgboost: Model is neither trained nor loaded.
2026-01-08 12:21:47 | ERROR    | trading_bot | Prediction error for xgboost: Model is neither trained nor loaded.
2026-01-08 12:21:49 | ERROR    | trading_bot | Prediction error for xgboost: Model is neither trained nor loaded.
2026-01-08 12:22:41 | ERROR    | trading_bot | Prediction error for xgboost: Model is neither trained nor loaded.
2026-01-08 12:22:42 | ERROR    | trading_bot | Prediction error for lstm: input.size(-1) must be equal to input_size. Expected 57, got 56
2026-01-08 12:22:42 | ERROR    | trading_bot | Prediction error for xgboost: Model is neither trained nor loaded.
2026-01-08 12:22:42 | ERROR    | trading_bot | Prediction error for lstm: input.size(-1) must be equal to input_size. Expected 57, got 56
2026-01-08 12:22:42 | ERROR    | trading_bot | Prediction error for xgboost: Model is neither trained nor loaded.
2026-01-08 12:22:43 | ERROR    | trading_bot | Prediction error for lstm: input.size(-1) must be equal to input_size. Expected 57, got 56
2026-01-08 12:22:51 | ERROR    | trading_bot | Prediction error for xgboost: Model is neither trained nor loaded.
2026-01-08 12:22:51 | ERROR    | trading_bot | Prediction error for xgboost: Model is neither trained nor loaded.
2026-01-08 12:22:53 | ERROR    | trading_bot | Prediction error for xgboost: Model is neither trained nor loaded.
2026-01-08 12:23:43 | ERROR    | trading_bot | Prediction error for xgboost: Model is neither trained nor loaded.
2026-01-08 12:23:44 | ERROR    | trading_bot | Prediction error for lstm: input.size(-1) must be equal to input_size. Expected 57, got 56
2026-01-08 12:23:44 | ERROR    | trading_bot | Prediction error for xgboost: Model is neither trained nor loaded.
2026-01-08 12:23:45 | ERROR    | trading_bot | Prediction error for lstm: input.size(-1) must be equal to input_size. Expected 57, got 56
2026-01-08 12:23:46 | ERROR    | trading_bot | Prediction error for xgboost: Model is neither trained nor loaded.
2026-01-08 12:23:47 | ERROR    | trading_bot | Prediction error for lstm: input.size(-1) must be equal to input_size. Expected 57, got 56
2026-01-08 12:23:54 | ERROR    | trading_bot | Prediction error for xgboost: Model is neither trained nor loaded.
2026-01-08 12:23:54 | ERROR    | trading_bot | Prediction error for xgboost: Model is neither trained nor loaded.
2026-01-08 12:23:55 | ERROR    | trading_bot | Prediction error for xgboost: Model is neither trained nor loaded.
2026-01-08 12:24:47 | ERROR    | trading_bot | Prediction error for xgboost: Model is neither trained nor loaded.
2026-01-08 12:24:48 | ERROR    | trading_bot | Prediction error for lstm: input.size(-1) must be equal to input_size. Expected 57, got 56
2026-01-08 12:24:49 | ERROR    | trading_bot | Prediction error for xgboost: Model is neither trained nor loaded.
2026-01-08 12:24:49 | ERROR    | trading_bot | Prediction error for lstm: input.size(-1) must be equal to input_size. Expected 57, got 56
2026-01-08 12:24:50 | ERROR    | trading_bot | Prediction error for xgboost: Model is neither trained nor loaded.
2026-01-08 12:24:51 | ERROR    | trading_bot | Prediction error for lstm: input.size(-1) must be equal to input_size. Expected 57, got 56
2026-01-08 12:24:55 | ERROR    | trading_bot | Prediction error for xgboost: Model is neither trained nor loaded.
2026-01-08 12:24:56 | ERROR    | trading_bot | Prediction error for xgboost: Model is neither trained nor loaded.
2026-01-08 12:24:57 | ERROR    | trading_bot | Prediction error for xgboost: Model is neither trained nor loaded.
2026-01-08 12:25:52 | ERROR    | trading_bot | Prediction error for xgboost: Model is neither trained nor loaded.
2026-01-08 12:25:52 | ERROR    | trading_bot | Prediction error for lstm: input.size(-1) must be equal to input_size. Expected 57, got 56
2026-01-08 12:25:53 | ERROR    | trading_bot | Prediction error for xgboost: Model is neither trained nor loaded.
2026-01-08 12:25:54 | ERROR    | trading_bot | Prediction error for lstm: input.size(-1) must be equal to input_size. Expected 57, got 56
2026-01-08 12:25:56 | ERROR    | trading_bot | Prediction error for xgboost: Model is neither trained nor loaded.
2026-01-08 12:25:56 | ERROR    | trading_bot | Prediction error for lstm: input.size(-1) must be equal to input_size. Expected 57, got 56
2026-01-08 12:26:01 | ERROR    | trading_bot | Prediction error for xgboost: Model is neither trained nor loaded.
2026-01-08 12:26:08 | ERROR    | trading_bot | Prediction error for xgboost: Model is neither trained nor loaded.
2026-01-08 12:26:16 | ERROR    | trading_bot | Prediction error for xgboost: Model is neither trained nor loaded.
2026-01-08 12:26:57 | ERROR    | trading_bot | Prediction error for xgboost: Model is neither trained nor loaded.
2026-01-08 12:26:57 | ERROR    | trading_bot | Prediction error for lstm: input.size(-1) must be equal to input_size. Expected 57, got 56
2026-01-08 12:26:58 | ERROR    | trading_bot | Prediction error for xgboost: Model is neither trained nor loaded.
2026-01-08 12:26:58 | ERROR    | trading_bot | Prediction error for lstm: input.size(-1) must be equal to input_size. Expected 57, got 56
2026-01-08 12:26:58 | ERROR    | trading_bot | Prediction error for xgboost: Model is neither trained nor loaded.
2026-01-08 12:26:58 | ERROR    | trading_bot | Prediction error for lstm: input.size(-1) must be equal to input_size. Expected 57, got 56
2026-01-08 12:27:18 | ERROR    | trading_bot | Prediction error for xgboost: Model is neither trained nor loaded.
2026-01-08 12:27:18 | ERROR    | trading_bot | Prediction error for xgboost: Model is neither trained nor loaded.
2026-01-08 12:27:19 | ERROR    | trading_bot | Prediction error for xgboost: Model is neither trained nor loaded.
2026-01-08 12:27:58 | ERROR    | trading_bot | Prediction error for xgboost: Model is neither trained nor loaded.
2026-01-08 12:27:59 | ERROR    | trading_bot | Prediction error for lstm: input.size(-1) must be equal to input_size. Expected 57, got 56
2026-01-08 12:27:59 | ERROR    | trading_bot | Prediction error for xgboost: Model is neither trained nor loaded.
2026-01-08 12:27:59 | ERROR    | trading_bot | Prediction error for lstm: input.size(-1) must be equal to input_size. Expected 57, got 56
2026-01-08 12:27:59 | ERROR    | trading_bot | Prediction error for xgboost: Model is neither trained nor loaded.
2026-01-08 12:27:59 | ERROR    | trading_bot | Prediction error for lstm: input.size(-1) must be equal to input_size. Expected 57, got 56
2026-01-08 12:28:19 | ERROR    | trading_bot | Prediction error for xgboost: Model is neither trained nor loaded.
2026-01-08 12:28:19 | ERROR    | trading_bot | Prediction error for xgboost: Model is neither trained nor loaded.
2026-01-08 12:28:20 | ERROR    | trading_bot | Prediction error for xgboost: Model is neither trained nor loaded.
2026-01-08 12:29:00 | ERROR    | trading_bot | Prediction error for xgboost: Model is neither trained nor loaded.
2026-01-08 12:29:00 | ERROR    | trading_bot | Prediction error for lstm: input.size(-1) must be equal to input_size. Expected 57, got 56
2026-01-08 12:29:00 | ERROR    | trading_bot | Prediction error for xgboost: Model is neither trained nor loaded.
2026-01-08 12:29:00 | ERROR    | trading_bot | Prediction error for lstm: input.size(-1) must be equal to input_size. Expected 57, got 56
2026-01-08 12:29:00 | ERROR    | trading_bot | Prediction error for xgboost: Model is neither trained nor loaded.
2026-01-08 12:29:00 | ERROR    | trading_bot | Prediction error for lstm: input.size(-1) must be equal to input_size. Expected 57, got 56
2026-01-08 12:29:20 | ERROR    | trading_bot | Prediction error for xgboost: Model is neither trained nor loaded.
2026-01-08 12:29:21 | ERROR    | trading_bot | Prediction error for xgboost: Model is neither trained nor loaded.
2026-01-08 12:29:22 | ERROR    | trading_bot | Prediction error for xgboost: Model is neither trained nor loaded.
2026-01-08 12:30:01 | ERROR    | trading_bot | Prediction error for xgboost: Model is neither trained nor loaded.
2026-01-08 12:30:01 | ERROR    | trading_bot | Prediction error for lstm: input.size(-1) must be equal to input_size. Expected 57, got 56
2026-01-08 12:30:01 | ERROR    | trading_bot | Prediction error for xgboost: Model is neither trained nor loaded.
2026-01-08 12:30:01 | ERROR    | trading_bot | Prediction error for lstm: input.size(-1) must be equal to input_size. Expected 57, got 56
2026-01-08 12:30:02 | ERROR    | trading_bot | Prediction error for xgboost: Model is neither trained nor loaded.
2026-01-08 12:30:02 | ERROR    | trading_bot | Prediction error for lstm: input.size(-1) must be equal to input_size. Expected 57, got 56
2026-01-08 12:30:23 | ERROR    | trading_bot | Prediction error for xgboost: Model is neither trained nor loaded.
2026-01-08 12:30:23 | ERROR    | trading_bot | Prediction error for xgboost: Model is neither trained nor loaded.
2026-01-08 12:30:24 | ERROR    | trading_bot | Prediction error for xgboost: Model is neither trained nor loaded.
2026-01-08 12:31:03 | ERROR    | trading_bot | Prediction error for xgboost: Model is neither trained nor loaded.
2026-01-08 12:31:03 | ERROR    | trading_bot | Prediction error for lstm: input.size(-1) must be equal to input_size. Expected 57, got 56
2026-01-08 12:31:04 | ERROR    | trading_bot | Prediction error for xgboost: Model is neither trained nor loaded.
2026-01-08 12:31:05 | ERROR    | trading_bot | Prediction error for lstm: input.size(-1) must be equal to input_size. Expected 57, got 56
2026-01-08 12:31:06 | ERROR    | trading_bot | Prediction error for xgboost: Model is neither trained nor loaded.
2026-01-08 12:31:07 | ERROR    | trading_bot | Prediction error for lstm: input.size(-1) must be equal to input_size. Expected 57, got 56
2026-01-08 12:31:24 | ERROR    | trading_bot | Prediction error for xgboost: Model is neither trained nor loaded.
2026-01-08 12:31:27 | ERROR    | trading_bot | Prediction error for xgboost: Model is neither trained nor loaded.
2026-01-08 12:31:27 | ERROR    | trading_bot | Prediction error for xgboost: Model is neither trained nor loaded.
2026-01-08 12:32:07 | ERROR    | trading_bot | Prediction error for xgboost: Model is neither trained nor loaded.
2026-01-08 12:32:07 | ERROR    | trading_bot | Prediction error for lstm: input.size(-1) must be equal to input_size. Expected 57, got 56
2026-01-08 12:32:07 | ERROR    | trading_bot | Prediction error for xgboost: Model is neither trained nor loaded.
2026-01-08 12:32:08 | ERROR    | trading_bot | Prediction error for lstm: input.size(-1) must be equal to input_size. Expected 57, got 56
2026-01-08 12:32:08 | ERROR    | trading_bot | Prediction error for xgboost: Model is neither trained nor loaded.
2026-01-08 12:32:08 | ERROR    | trading_bot | Prediction error for lstm: input.size(-1) must be equal to input_size. Expected 57, got 56
2026-01-08 12:32:28 | ERROR    | trading_bot | Prediction error for xgboost: Model is neither trained nor loaded.
2026-01-08 12:32:28 | ERROR    | trading_bot | Prediction error for xgboost: Model is neither trained nor loaded.
2026-01-08 12:32:29 | ERROR    | trading_bot | Prediction error for xgboost: Model is neither trained nor loaded.
2026-01-08 12:33:08 | ERROR    | trading_bot | Prediction error for xgboost: Model is neither trained nor loaded.
2026-01-08 12:33:08 | ERROR    | trading_bot | Prediction error for lstm: input.size(-1) must be equal to input_size. Expected 57, got 56
2026-01-08 12:33:09 | ERROR    | trading_bot | Prediction error for xgboost: Model is neither trained nor loaded.
2026-01-08 12:33:09 | ERROR    | trading_bot | Prediction error for lstm: input.size(-1) must be equal to input_size. Expected 57, got 56
2026-01-08 12:33:09 | ERROR    | trading_bot | Prediction error for xgboost: Model is neither trained nor loaded.
2026-01-08 12:33:09 | ERROR    | trading_bot | Prediction error for lstm: input.size(-1) must be equal to input_size. Expected 57, got 56
2026-01-08 12:33:30 | ERROR    | trading_bot | Prediction error for xgboost: Model is neither trained nor loaded.
2026-01-08 12:33:30 | ERROR    | trading_bot | Prediction error for xgboost: Model is neither trained nor loaded.
2026-01-08 12:33:30 | ERROR    | trading_bot | Prediction error for xgboost: Model is neither trained nor loaded.
2026-01-08 12:34:10 | ERROR    | trading_bot | Prediction error for xgboost: Model is neither trained nor loaded.
2026-01-08 12:34:11 | ERROR    | trading_bot | Prediction error for lstm: input.size(-1) must be equal to input_size. Expected 57, got 56
2026-01-08 12:34:11 | ERROR    | trading_bot | Prediction error for xgboost: Model is neither trained nor loaded.
2026-01-08 12:34:11 | ERROR    | trading_bot | Prediction error for lstm: input.size(-1) must be equal to input_size. Expected 57, got 56
2026-01-08 12:34:12 | ERROR    | trading_bot | Prediction error for xgboost: Model is neither trained nor loaded.
2026-01-08 12:34:12 | ERROR    | trading_bot | Prediction error for lstm: input.size(-1) must be equal to input_size. Expected 57, got 56
2026-01-08 12:34:31 | ERROR    | trading_bot | Prediction error for xgboost: Model is neither trained nor loaded.
2026-01-08 12:34:32 | ERROR    | trading_bot | Prediction error for xgboost: Model is neither trained nor loaded.
2026-01-08 12:34:33 | ERROR    | trading_bot | Prediction error for xgboost: Model is neither trained nor loaded.
2026-01-08 12:35:12 | ERROR    | trading_bot | Prediction error for xgboost: Model is neither trained nor loaded.
2026-01-08 12:35:13 | ERROR    | trading_bot | Prediction error for lstm: input.size(-1) must be equal to input_size. Expected 57, got 56
2026-01-08 12:35:13 | ERROR    | trading_bot | Prediction error for xgboost: Model is neither trained nor loaded.
2026-01-08 12:35:13 | ERROR    | trading_bot | Prediction error for lstm: input.size(-1) must be equal to input_size. Expected 57, got 56
2026-01-08 12:35:13 | ERROR    | trading_bot | Prediction error for xgboost: Model is neither trained nor loaded.
2026-01-08 12:35:13 | ERROR    | trading_bot | Prediction error for lstm: input.size(-1) must be equal to input_size. Expected 57, got 56
2026-01-08 12:35:34 | ERROR    | trading_bot | Prediction error for xgboost: Model is neither trained nor loaded.
2026-01-08 12:35:34 | ERROR    | trading_bot | Prediction error for xgboost: Model is neither trained nor loaded.
2026-01-08 12:35:35 | ERROR    | trading_bot | Prediction error for xgboost: Model is neither trained nor loaded.
2026-01-08 12:36:14 | ERROR    | trading_bot | Prediction error for xgboost: Model is neither trained nor loaded.
2026-01-08 12:36:14 | ERROR    | trading_bot | Prediction error for lstm: input.size(-1) must be equal to input_size. Expected 57, got 56
2026-01-08 12:36:14 | ERROR    | trading_bot | Prediction error for xgboost: Model is neither trained nor loaded.
2026-01-08 12:36:14 | ERROR    | trading_bot | Prediction error for lstm: input.size(-1) must be equal to input_size. Expected 57, got 56
2026-01-08 12:36:14 | ERROR    | trading_bot | Prediction error for xgboost: Model is neither trained nor loaded.
2026-01-08 12:36:14 | ERROR    | trading_bot | Prediction error for lstm: input.size(-1) must be equal to input_size. Expected 57, got 56
2026-01-08 12:36:36 | ERROR    | trading_bot | Prediction error for xgboost: Model is neither trained nor loaded.
2026-01-08 12:36:37 | ERROR    | trading_bot | Prediction error for xgboost: Model is neither trained nor loaded.
2026-01-08 12:36:37 | ERROR    | trading_bot | Prediction error for xgboost: Model is neither trained nor loaded.
2026-01-08 12:37:15 | ERROR    | trading_bot | Prediction error for xgboost: Model is neither trained nor loaded.
2026-01-08 12:37:15 | ERROR    | trading_bot | Prediction error for lstm: input.size(-1) must be equal to input_size. Expected 57, got 56
2026-01-08 12:37:15 | ERROR    | trading_bot | Prediction error for xgboost: Model is neither trained nor loaded.
2026-01-08 12:37:15 | ERROR    | trading_bot | Prediction error for lstm: input.size(-1) must be equal to input_size. Expected 57, got 56
2026-01-08 12:37:15 | ERROR    | trading_bot | Prediction error for xgboost: Model is neither trained nor loaded.
2026-01-08 12:37:15 | ERROR    | trading_bot | Prediction error for lstm: input.size(-1) must be equal to input_size. Expected 57, got 56
2026-01-08 12:37:38 | ERROR    | trading_bot | Prediction error for xgboost: Model is neither trained nor loaded.
2026-01-08 12:37:38 | ERROR    | trading_bot | Prediction error for xgboost: Model is neither trained nor loaded.
2026-01-08 12:37:39 | ERROR    | trading_bot | Prediction error for xgboost: Model is neither trained nor loaded.
2026-01-08 12:38:16 | ERROR    | trading_bot | Prediction error for xgboost: Model is neither trained nor loaded.
2026-01-08 12:38:16 | ERROR    | trading_bot | Prediction error for lstm: input.size(-1) must be equal to input_size. Expected 57, got 56
2026-01-08 12:38:16 | ERROR    | trading_bot | Prediction error for xgboost: Model is neither trained nor loaded.
2026-01-08 12:38:16 | ERROR    | trading_bot | Prediction error for lstm: input.size(-1) must be equal to input_size. Expected 57, got 56
2026-01-08 12:38:16 | ERROR    | trading_bot | Prediction error for xgboost: Model is neither trained nor loaded.
2026-01-08 12:38:16 | ERROR    | trading_bot | Prediction error for lstm: input.size(-1) must be equal to input_size. Expected 57, got 56
2026-01-08 12:38:39 | ERROR    | trading_bot | Prediction error for xgboost: Model is neither trained nor loaded.
2026-01-08 12:38:40 | ERROR    | trading_bot | Prediction error for xgboost: Model is neither trained nor loaded.
2026-01-08 12:38:40 | ERROR    | trading_bot | Prediction error for xgboost: Model is neither trained nor loaded.
2026-01-08 12:39:17 | ERROR    | trading_bot | Prediction error for xgboost: Model is neither trained nor loaded.
2026-01-08 12:39:17 | ERROR    | trading_bot | Prediction error for lstm: input.size(-1) must be equal to input_size. Expected 57, got 56
2026-01-08 12:39:17 | ERROR    | trading_bot | Prediction error for xgboost: Model is neither trained nor loaded.
2026-01-08 12:39:18 | ERROR    | trading_bot | Prediction error for lstm: input.size(-1) must be equal to input_size. Expected 57, got 56
2026-01-08 12:39:18 | ERROR    | trading_bot | Prediction error for xgboost: Model is neither trained nor loaded.
2026-01-08 12:39:19 | ERROR    | trading_bot | Prediction error for lstm: input.size(-1) must be equal to input_size. Expected 57, got 56
2026-01-08 12:39:41 | ERROR    | trading_bot | Prediction error for xgboost: Model is neither trained nor loaded.
2026-01-08 12:39:41 | ERROR    | trading_bot | Prediction error for xgboost: Model is neither trained nor loaded.
2026-01-08 12:39:41 | ERROR    | trading_bot | Prediction error for xgboost: Model is neither trained nor loaded.
2026-01-08 12:40:19 | ERROR    | trading_bot | Prediction error for xgboost: Model is neither trained nor loaded.
2026-01-08 12:40:19 | ERROR    | trading_bot | Prediction error for lstm: input.size(-1) must be equal to input_size. Expected 57, got 56
2026-01-08 12:40:19 | ERROR    | trading_bot | Prediction error for xgboost: Model is neither trained nor loaded.
2026-01-08 12:40:19 | ERROR    | trading_bot | Prediction error for lstm: input.size(-1) must be equal to input_size. Expected 57, got 56
2026-01-08 12:40:19 | ERROR    | trading_bot | Prediction error for xgboost: Model is neither trained nor loaded.
2026-01-08 12:40:19 | ERROR    | trading_bot | Prediction error for lstm: input.size(-1) must be equal to input_size. Expected 57, got 56
2026-01-08 12:40:42 | ERROR    | trading_bot | Prediction error for xgboost: Model is neither trained nor loaded.
2026-01-08 12:40:42 | ERROR    | trading_bot | Prediction error for xgboost: Model is neither trained nor loaded.
2026-01-08 12:40:43 | ERROR    | trading_bot | Prediction error for xgboost: Model is neither trained nor loaded.
2026-01-08 12:41:20 | ERROR    | trading_bot | Prediction error for xgboost: Model is neither trained nor loaded.
2026-01-08 12:41:20 | ERROR    | trading_bot | Prediction error for lstm: input.size(-1) must be equal to input_size. Expected 57, got 56
2026-01-08 12:41:20 | ERROR    | trading_bot | Prediction error for xgboost: Model is neither trained nor loaded.
2026-01-08 12:41:20 | ERROR    | trading_bot | Prediction error for lstm: input.size(-1) must be equal to input_size. Expected 57, got 56
2026-01-08 12:41:20 | ERROR    | trading_bot | Prediction error for xgboost: Model is neither trained nor loaded.
2026-01-08 12:41:20 | ERROR    | trading_bot | Prediction error for lstm: input.size(-1) must be equal to input_size. Expected 57, got 56
2026-01-08 12:41:43 | ERROR    | trading_bot | Prediction error for xgboost: Model is neither trained nor loaded.
2026-01-08 12:41:44 | ERROR    | trading_bot | Prediction error for xgboost: Model is neither trained nor loaded.
2026-01-08 12:41:44 | ERROR    | trading_bot | Prediction error for xgboost: Model is neither trained nor loaded.
2026-01-08 12:42:22 | ERROR    | trading_bot | Prediction error for xgboost: Model is neither trained nor loaded.
2026-01-08 12:42:22 | ERROR    | trading_bot | Prediction error for lstm: input.size(-1) must be equal to input_size. Expected 57, got 56
2026-01-08 12:42:23 | ERROR    | trading_bot | Prediction error for xgboost: Model is neither trained nor loaded.
2026-01-08 12:42:24 | ERROR    | trading_bot | Prediction error for lstm: input.size(-1) must be equal to input_size. Expected 57, got 56
2026-01-08 12:42:24 | ERROR    | trading_bot | Prediction error for xgboost: Model is neither trained nor loaded.
2026-01-08 12:42:25 | ERROR    | trading_bot | Prediction error for lstm: input.size(-1) must be equal to input_size. Expected 57, got 56
2026-01-08 12:42:45 | ERROR    | trading_bot | Prediction error for xgboost: Model is neither trained nor loaded.
2026-01-08 12:42:46 | ERROR    | trading_bot | Prediction error for xgboost: Model is neither trained nor loaded.
2026-01-08 12:42:49 | ERROR    | trading_bot | Prediction error for xgboost: Model is neither trained nor loaded.
2026-01-08 12:43:26 | ERROR    | trading_bot | Prediction error for xgboost: Model is neither trained nor loaded.
2026-01-08 12:43:26 | ERROR    | trading_bot | Prediction error for lstm: input.size(-1) must be equal to input_size. Expected 57, got 56
2026-01-08 12:43:26 | ERROR    | trading_bot | Prediction error for xgboost: Model is neither trained nor loaded.
2026-01-08 12:43:26 | ERROR    | trading_bot | Prediction error for lstm: input.size(-1) must be equal to input_size. Expected 57, got 56
2026-01-08 12:43:26 | ERROR    | trading_bot | Prediction error for xgboost: Model is neither trained nor loaded.
2026-01-08 12:43:26 | ERROR    | trading_bot | Prediction error for lstm: input.size(-1) must be equal to input_size. Expected 57, got 56
2026-01-08 12:43:50 | ERROR    | trading_bot | Prediction error for xgboost: Model is neither trained nor loaded.
2026-01-08 12:43:51 | ERROR    | trading_bot | Prediction error for xgboost: Model is neither trained nor loaded.
2026-01-08 12:43:51 | ERROR    | trading_bot | Prediction error for xgboost: Model is neither trained nor loaded.
2026-01-08 12:44:27 | ERROR    | trading_bot | Prediction error for xgboost: Model is neither trained nor loaded.
2026-01-08 12:44:28 | ERROR    | trading_bot | Prediction error for lstm: input.size(-1) must be equal to input_size. Expected 57, got 56
2026-01-08 12:44:29 | ERROR    | trading_bot | Prediction error for xgboost: Model is neither trained nor loaded.
2026-01-08 12:44:29 | ERROR    | trading_bot | Prediction error for lstm: input.size(-1) must be equal to input_size. Expected 57, got 56
2026-01-08 12:44:31 | ERROR    | trading_bot | Prediction error for xgboost: Model is neither trained nor loaded.
2026-01-08 12:44:31 | ERROR    | trading_bot | Prediction error for lstm: input.size(-1) must be equal to input_size. Expected 57, got 56
2026-01-08 12:44:52 | ERROR    | trading_bot | Prediction error for xgboost: Model is neither trained nor loaded.
2026-01-08 12:44:53 | ERROR    | trading_bot | Prediction error for xgboost: Model is neither trained nor loaded.
2026-01-08 12:44:55 | ERROR    | trading_bot | Prediction error for xgboost: Model is neither trained nor loaded.
2026-01-08 12:45:32 | ERROR    | trading_bot | Prediction error for xgboost: Model is neither trained nor loaded.
2026-01-08 12:45:32 | ERROR    | trading_bot | Prediction error for lstm: input.size(-1) must be equal to input_size. Expected 57, got 56
2026-01-08 12:45:32 | ERROR    | trading_bot | Prediction error for xgboost: Model is neither trained nor loaded.
2026-01-08 12:45:33 | ERROR    | trading_bot | Prediction error for lstm: input.size(-1) must be equal to input_size. Expected 57, got 56
2026-01-08 12:45:33 | ERROR    | trading_bot | Prediction error for xgboost: Model is neither trained nor loaded.
2026-01-08 12:45:33 | ERROR    | trading_bot | Prediction error for lstm: input.size(-1) must be equal to input_size. Expected 57, got 56
2026-01-08 12:45:56 | ERROR    | trading_bot | Prediction error for xgboost: Model is neither trained nor loaded.
2026-01-08 12:46:01 | ERROR    | trading_bot | Prediction error for xgboost: Model is neither trained nor loaded.
2026-01-08 12:46:04 | ERROR    | trading_bot | Prediction error for xgboost: Model is neither trained nor loaded.
2026-01-08 12:46:36 | ERROR    | trading_bot | Prediction error for xgboost: Model is neither trained nor loaded.
2026-01-08 12:46:37 | ERROR    | trading_bot | Prediction error for lstm: input.size(-1) must be equal to input_size. Expected 57, got 56
2026-01-08 12:46:38 | ERROR    | trading_bot | Prediction error for xgboost: Model is neither trained nor loaded.
2026-01-08 12:46:39 | ERROR    | trading_bot | Prediction error for lstm: input.size(-1) must be equal to input_size. Expected 57, got 56
2026-01-08 12:46:41 | ERROR    | trading_bot | Prediction error for xgboost: Model is neither trained nor loaded.
2026-01-08 12:46:41 | ERROR    | trading_bot | Prediction error for lstm: input.size(-1) must be equal to input_size. Expected 57, got 56
2026-01-08 12:47:05 | ERROR    | trading_bot | Prediction error for xgboost: Model is neither trained nor loaded.
2026-01-08 12:47:06 | ERROR    | trading_bot | Prediction error for xgboost: Model is neither trained nor loaded.
2026-01-08 12:47:07 | ERROR    | trading_bot | Prediction error for xgboost: Model is neither trained nor loaded.
2026-01-08 12:47:42 | ERROR    | trading_bot | Prediction error for xgboost: Model is neither trained nor loaded.
2026-01-08 12:47:42 | ERROR    | trading_bot | Prediction error for lstm: input.size(-1) must be equal to input_size. Expected 57, got 56
2026-01-08 12:47:42 | ERROR    | trading_bot | Prediction error for xgboost: Model is neither trained nor loaded.
2026-01-08 12:47:42 | ERROR    | trading_bot | Prediction error for lstm: input.size(-1) must be equal to input_size. Expected 57, got 56
2026-01-08 12:47:42 | ERROR    | trading_bot | Prediction error for xgboost: Model is neither trained nor loaded.
2026-01-08 12:47:42 | ERROR    | trading_bot | Prediction error for lstm: input.size(-1) must be equal to input_size. Expected 57, got 56
2026-01-08 12:48:09 | ERROR    | trading_bot | Prediction error for xgboost: Model is neither trained nor loaded.
2026-01-08 12:48:09 | ERROR    | trading_bot | Prediction error for xgboost: Model is neither trained nor loaded.
2026-01-08 12:48:10 | ERROR    | trading_bot | Prediction error for xgboost: Model is neither trained nor loaded.
2026-01-08 12:48:43 | ERROR    | trading_bot | Prediction error for xgboost: Model is neither trained nor loaded.
2026-01-08 12:48:43 | ERROR    | trading_bot | Prediction error for lstm: input.size(-1) must be equal to input_size. Expected 57, got 56
2026-01-08 12:48:43 | ERROR    | trading_bot | Prediction error for xgboost: Model is neither trained nor loaded.
2026-01-08 12:48:43 | ERROR    | trading_bot | Prediction error for lstm: input.size(-1) must be equal to input_size. Expected 57, got 56
2026-01-08 12:48:43 | ERROR    | trading_bot | Prediction error for xgboost: Model is neither trained nor loaded.
2026-01-08 12:48:43 | ERROR    | trading_bot | Prediction error for lstm: input.size(-1) must be equal to input_size. Expected 57, got 56
2026-01-08 12:49:11 | ERROR    | trading_bot | Prediction error for xgboost: Model is neither trained nor loaded.
2026-01-08 12:49:11 | ERROR    | trading_bot | Prediction error for xgboost: Model is neither trained nor loaded.
2026-01-08 12:49:11 | ERROR    | trading_bot | Prediction error for xgboost: Model is neither trained nor loaded.
2026-01-08 12:49:44 | ERROR    | trading_bot | Prediction error for xgboost: Model is neither trained nor loaded.
2026-01-08 12:49:44 | ERROR    | trading_bot | Prediction error for lstm: input.size(-1) must be equal to input_size. Expected 57, got 56
2026-01-08 12:49:44 | ERROR    | trading_bot | Prediction error for xgboost: Model is neither trained nor loaded.
2026-01-08 12:49:44 | ERROR    | trading_bot | Prediction error for lstm: input.size(-1) must be equal to input_size. Expected 57, got 56
2026-01-08 12:49:44 | ERROR    | trading_bot | Prediction error for xgboost: Model is neither trained nor loaded.
2026-01-08 12:49:44 | ERROR    | trading_bot | Prediction error for lstm: input.size(-1) must be equal to input_size. Expected 57, got 56
2026-01-08 12:50:12 | ERROR    | trading_bot | Prediction error for xgboost: Model is neither trained nor loaded.
2026-01-08 12:50:13 | ERROR    | trading_bot | Prediction error for xgboost: Model is neither trained nor loaded.
2026-01-08 12:50:13 | ERROR    | trading_bot | Prediction error for xgboost: Model is neither trained nor loaded.
2026-01-08 12:50:44 | ERROR    | trading_bot | Prediction error for xgboost: Model is neither trained nor loaded.
2026-01-08 12:50:44 | ERROR    | trading_bot | Prediction error for lstm: input.size(-1) must be equal to input_size. Expected 57, got 56
2026-01-08 12:50:45 | ERROR    | trading_bot | Prediction error for xgboost: Model is neither trained nor loaded.
2026-01-08 12:50:45 | ERROR    | trading_bot | Prediction error for lstm: input.size(-1) must be equal to input_size. Expected 57, got 56
2026-01-08 12:50:45 | ERROR    | trading_bot | Prediction error for xgboost: Model is neither trained nor loaded.
2026-01-08 12:50:45 | ERROR    | trading_bot | Prediction error for lstm: input.size(-1) must be equal to input_size. Expected 57, got 56
2026-01-08 12:51:14 | ERROR    | trading_bot | Prediction error for xgboost: Model is neither trained nor loaded.
2026-01-08 12:51:15 | ERROR    | trading_bot | Prediction error for xgboost: Model is neither trained nor loaded.
2026-01-08 12:51:15 | ERROR    | trading_bot | Prediction error for xgboost: Model is neither trained nor loaded.
2026-01-08 12:51:45 | ERROR    | trading_bot | Prediction error for xgboost: Model is neither trained nor loaded.
2026-01-08 12:51:45 | ERROR    | trading_bot | Prediction error for lstm: input.size(-1) must be equal to input_size. Expected 57, got 56
2026-01-08 12:51:46 | ERROR    | trading_bot | Prediction error for xgboost: Model is neither trained nor loaded.
2026-01-08 12:51:46 | ERROR    | trading_bot | Prediction error for lstm: input.size(-1) must be equal to input_size. Expected 57, got 56
2026-01-08 12:51:46 | ERROR    | trading_bot | Prediction error for xgboost: Model is neither trained nor loaded.
2026-01-08 12:51:46 | ERROR    | trading_bot | Prediction error for lstm: input.size(-1) must be equal to input_size. Expected 57, got 56
2026-01-08 12:52:15 | ERROR    | trading_bot | Prediction error for xgboost: Model is neither trained nor loaded.
2026-01-08 12:52:16 | ERROR    | trading_bot | Prediction error for xgboost: Model is neither trained nor loaded.
2026-01-08 12:52:17 | ERROR    | trading_bot | Prediction error for xgboost: Model is neither trained nor loaded.
2026-01-08 12:52:46 | ERROR    | trading_bot | Prediction error for xgboost: Model is neither trained nor loaded.
2026-01-08 12:52:46 | ERROR    | trading_bot | Prediction error for lstm: input.size(-1) must be equal to input_size. Expected 57, got 56
2026-01-08 12:52:46 | ERROR    | trading_bot | Prediction error for xgboost: Model is neither trained nor loaded.
2026-01-08 12:52:46 | ERROR    | trading_bot | Prediction error for lstm: input.size(-1) must be equal to input_size. Expected 57, got 56
2026-01-08 12:52:47 | ERROR    | trading_bot | Prediction error for xgboost: Model is neither trained nor loaded.
2026-01-08 12:52:47 | ERROR    | trading_bot | Prediction error for lstm: input.size(-1) must be equal to input_size. Expected 57, got 56
2026-01-08 12:53:17 | ERROR    | trading_bot | Prediction error for xgboost: Model is neither trained nor loaded.
2026-01-08 12:53:18 | ERROR    | trading_bot | Prediction error for xgboost: Model is neither trained nor loaded.
2026-01-08 12:53:18 | ERROR    | trading_bot | Prediction error for xgboost: Model is neither trained nor loaded.
2026-01-08 12:53:47 | ERROR    | trading_bot | Prediction error for xgboost: Model is neither trained nor loaded.
2026-01-08 12:53:47 | ERROR    | trading_bot | Prediction error for lstm: input.size(-1) must be equal to input_size. Expected 57, got 56
2026-01-08 12:53:47 | ERROR    | trading_bot | Prediction error for xgboost: Model is neither trained nor loaded.
2026-01-08 12:53:47 | ERROR    | trading_bot | Prediction error for lstm: input.size(-1) must be equal to input_size. Expected 57, got 56
2026-01-08 12:53:48 | ERROR    | trading_bot | Prediction error for xgboost: Model is neither trained nor loaded.
2026-01-08 12:53:48 | ERROR    | trading_bot | Prediction error for lstm: input.size(-1) must be equal to input_size. Expected 57, got 56
2026-01-08 12:54:18 | ERROR    | trading_bot | Prediction error for xgboost: Model is neither trained nor loaded.
2026-01-08 12:54:19 | ERROR    | trading_bot | Prediction error for xgboost: Model is neither trained nor loaded.
2026-01-08 12:54:20 | ERROR    | trading_bot | Prediction error for xgboost: Model is neither trained nor loaded.
2026-01-08 12:54:48 | ERROR    | trading_bot | Prediction error for xgboost: Model is neither trained nor loaded.
2026-01-08 12:54:48 | ERROR    | trading_bot | Prediction error for lstm: input.size(-1) must be equal to input_size. Expected 57, got 56
2026-01-08 12:54:48 | ERROR    | trading_bot | Prediction error for xgboost: Model is neither trained nor loaded.
2026-01-08 12:54:48 | ERROR    | trading_bot | Prediction error for lstm: input.size(-1) must be equal to input_size. Expected 57, got 56
2026-01-08 12:54:48 | ERROR    | trading_bot | Prediction error for xgboost: Model is neither trained nor loaded.
2026-01-08 12:54:48 | ERROR    | trading_bot | Prediction error for lstm: input.size(-1) must be equal to input_size. Expected 57, got 56
2026-01-08 12:55:20 | ERROR    | trading_bot | Prediction error for xgboost: Model is neither trained nor loaded.
2026-01-08 12:55:20 | ERROR    | trading_bot | Prediction error for xgboost: Model is neither trained nor loaded.
2026-01-08 12:55:21 | ERROR    | trading_bot | Prediction error for xgboost: Model is neither trained nor loaded.
2026-01-08 12:55:49 | ERROR    | trading_bot | Prediction error for xgboost: Model is neither trained nor loaded.
2026-01-08 12:55:49 | ERROR    | trading_bot | Prediction error for lstm: input.size(-1) must be equal to input_size. Expected 57, got 56
2026-01-08 12:55:49 | ERROR    | trading_bot | Prediction error for xgboost: Model is neither trained nor loaded.
2026-01-08 12:55:49 | ERROR    | trading_bot | Prediction error for lstm: input.size(-1) must be equal to input_size. Expected 57, got 56
2026-01-08 12:55:49 | ERROR    | trading_bot | Prediction error for xgboost: Model is neither trained nor loaded.
2026-01-08 12:55:50 | ERROR    | trading_bot | Prediction error for lstm: input.size(-1) must be equal to input_size. Expected 57, got 56
2026-01-08 12:56:21 | ERROR    | trading_bot | Prediction error for xgboost: Model is neither trained nor loaded.
2026-01-08 12:56:22 | ERROR    | trading_bot | Prediction error for xgboost: Model is neither trained nor loaded.
2026-01-08 12:56:23 | ERROR    | trading_bot | Prediction error for xgboost: Model is neither trained nor loaded.
2026-01-08 12:56:51 | ERROR    | trading_bot | Prediction error for xgboost: Model is neither trained nor loaded.
2026-01-08 12:56:51 | ERROR    | trading_bot | Prediction error for lstm: input.size(-1) must be equal to input_size. Expected 57, got 56
2026-01-08 12:56:51 | ERROR    | trading_bot | Prediction error for xgboost: Model is neither trained nor loaded.
2026-01-08 12:56:51 | ERROR    | trading_bot | Prediction error for lstm: input.size(-1) must be equal to input_size. Expected 57, got 56
2026-01-08 12:56:51 | ERROR    | trading_bot | Prediction error for xgboost: Model is neither trained nor loaded.
2026-01-08 12:56:51 | ERROR    | trading_bot | Prediction error for lstm: input.size(-1) must be equal to input_size. Expected 57, got 56
2026-01-08 12:57:24 | ERROR    | trading_bot | Prediction error for xgboost: Model is neither trained nor loaded.
2026-01-08 12:57:24 | ERROR    | trading_bot | Prediction error for xgboost: Model is neither trained nor loaded.
2026-01-08 12:57:24 | ERROR    | trading_bot | Prediction error for xgboost: Model is neither trained nor loaded.
2026-01-08 12:57:51 | ERROR    | trading_bot | Prediction error for xgboost: Model is neither trained nor loaded.
2026-01-08 12:57:51 | ERROR    | trading_bot | Prediction error for lstm: input.size(-1) must be equal to input_size. Expected 57, got 56
2026-01-08 12:57:52 | ERROR    | trading_bot | Prediction error for xgboost: Model is neither trained nor loaded.
2026-01-08 12:57:52 | ERROR    | trading_bot | Prediction error for lstm: input.size(-1) must be equal to input_size. Expected 57, got 56
2026-01-08 12:57:52 | ERROR    | trading_bot | Prediction error for xgboost: Model is neither trained nor loaded.
2026-01-08 12:57:52 | ERROR    | trading_bot | Prediction error for lstm: input.size(-1) must be equal to input_size. Expected 57, got 56
2026-01-08 12:58:25 | ERROR    | trading_bot | Prediction error for xgboost: Model is neither trained nor loaded.
2026-01-08 12:58:26 | ERROR    | trading_bot | Prediction error for xgboost: Model is neither trained nor loaded.
2026-01-08 12:58:27 | ERROR    | trading_bot | Prediction error for xgboost: Model is neither trained nor loaded.
2026-01-08 12:58:52 | ERROR    | trading_bot | Prediction error for xgboost: Model is neither trained nor loaded.
2026-01-08 12:58:52 | ERROR    | trading_bot | Prediction error for lstm: input.size(-1) must be equal to input_size. Expected 57, got 56
2026-01-08 12:58:52 | ERROR    | trading_bot | Prediction error for xgboost: Model is neither trained nor loaded.
2026-01-08 12:58:53 | ERROR    | trading_bot | Prediction error for lstm: input.size(-1) must be equal to input_size. Expected 57, got 56
2026-01-08 12:58:53 | ERROR    | trading_bot | Prediction error for xgboost: Model is neither trained nor loaded.
2026-01-08 12:58:53 | ERROR    | trading_bot | Prediction error for lstm: input.size(-1) must be equal to input_size. Expected 57, got 56
2026-01-08 12:59:27 | ERROR    | trading_bot | Prediction error for xgboost: Model is neither trained nor loaded.
2026-01-08 12:59:28 | ERROR    | trading_bot | Prediction error for xgboost: Model is neither trained nor loaded.
2026-01-08 12:59:29 | ERROR    | trading_bot | Prediction error for xgboost: Model is neither trained nor loaded.
2026-01-08 12:59:53 | ERROR    | trading_bot | Prediction error for xgboost: Model is neither trained nor loaded.
2026-01-08 12:59:53 | ERROR    | trading_bot | Prediction error for lstm: input.size(-1) must be equal to input_size. Expected 57, got 56
2026-01-08 12:59:54 | ERROR    | trading_bot | Prediction error for xgboost: Model is neither trained nor loaded.
2026-01-08 12:59:54 | ERROR    | trading_bot | Prediction error for lstm: input.size(-1) must be equal to input_size. Expected 57, got 56
2026-01-08 12:59:54 | ERROR    | trading_bot | Prediction error for xgboost: Model is neither trained nor loaded.
2026-01-08 12:59:55 | ERROR    | trading_bot | Prediction error for lstm: input.size(-1) must be equal to input_size. Expected 57, got 56
2026-01-08 13:00:29 | ERROR    | trading_bot | Prediction error for xgboost: Model is neither trained nor loaded.
2026-01-08 13:00:29 | ERROR    | trading_bot | Prediction error for xgboost: Model is neither trained nor loaded.
2026-01-08 13:00:30 | ERROR    | trading_bot | Prediction error for xgboost: Model is neither trained nor loaded.
2026-01-08 13:00:55 | ERROR    | trading_bot | Prediction error for xgboost: Model is neither trained nor loaded.
2026-01-08 13:00:55 | ERROR    | trading_bot | Prediction error for lstm: input.size(-1) must be equal to input_size. Expected 57, got 56
2026-01-08 13:00:55 | ERROR    | trading_bot | Prediction error for xgboost: Model is neither trained nor loaded.
2026-01-08 13:00:55 | ERROR    | trading_bot | Prediction error for lstm: input.size(-1) must be equal to input_size. Expected 57, got 56
2026-01-08 13:00:55 | ERROR    | trading_bot | Prediction error for xgboost: Model is neither trained nor loaded.
2026-01-08 13:00:55 | ERROR    | trading_bot | Prediction error for lstm: input.size(-1) must be equal to input_size. Expected 57, got 56
2026-01-08 13:01:32 | ERROR    | trading_bot | Prediction error for xgboost: Model is neither trained nor loaded.
2026-01-08 13:01:32 | ERROR    | trading_bot | Prediction error for xgboost: Model is neither trained nor loaded.
2026-01-08 13:01:33 | ERROR    | trading_bot | Prediction error for xgboost: Model is neither trained nor loaded.
2026-01-08 13:01:55 | ERROR    | trading_bot | Prediction error for xgboost: Model is neither trained nor loaded.
2026-01-08 13:01:56 | ERROR    | trading_bot | Prediction error for lstm: input.size(-1) must be equal to input_size. Expected 57, got 56
2026-01-08 13:01:56 | ERROR    | trading_bot | Prediction error for xgboost: Model is neither trained nor loaded.
2026-01-08 13:01:56 | ERROR    | trading_bot | Prediction error for lstm: input.size(-1) must be equal to input_size. Expected 57, got 56
2026-01-08 13:01:56 | ERROR    | trading_bot | Prediction error for xgboost: Model is neither trained nor loaded.
2026-01-08 13:01:56 | ERROR    | trading_bot | Prediction error for lstm: input.size(-1) must be equal to input_size. Expected 57, got 56
2026-01-08 13:02:33 | ERROR    | trading_bot | Prediction error for xgboost: Model is neither trained nor loaded.
2026-01-08 13:02:34 | ERROR    | trading_bot | Prediction error for xgboost: Model is neither trained nor loaded.
2026-01-08 13:02:34 | ERROR    | trading_bot | Prediction error for xgboost: Model is neither trained nor loaded.
2026-01-08 13:02:56 | ERROR    | trading_bot | Prediction error for xgboost: Model is neither trained nor loaded.
2026-01-08 13:02:57 | ERROR    | trading_bot | Prediction error for lstm: input.size(-1) must be equal to input_size. Expected 57, got 56
2026-01-08 13:02:57 | ERROR    | trading_bot | Prediction error for xgboost: Model is neither trained nor loaded.
2026-01-08 13:02:57 | ERROR    | trading_bot | Prediction error for lstm: input.size(-1) must be equal to input_size. Expected 57, got 56
2026-01-08 13:02:57 | ERROR    | trading_bot | Prediction error for xgboost: Model is neither trained nor loaded.
2026-01-08 13:02:57 | ERROR    | trading_bot | Prediction error for lstm: input.size(-1) must be equal to input_size. Expected 57, got 56
2026-01-08 13:03:35 | ERROR    | trading_bot | Prediction error for xgboost: Model is neither trained nor loaded.
2026-01-08 13:03:35 | ERROR    | trading_bot | Prediction error for xgboost: Model is neither trained nor loaded.
2026-01-08 13:03:36 | ERROR    | trading_bot | Prediction error for xgboost: Model is neither trained nor loaded.
2026-01-08 13:03:58 | ERROR    | trading_bot | Prediction error for xgboost: Model is neither trained nor loaded.
2026-01-08 13:03:58 | ERROR    | trading_bot | Prediction error for lstm: input.size(-1) must be equal to input_size. Expected 57, got 56
2026-01-08 13:03:58 | ERROR    | trading_bot | Prediction error for xgboost: Model is neither trained nor loaded.
2026-01-08 13:03:58 | ERROR    | trading_bot | Prediction error for lstm: input.size(-1) must be equal to input_size. Expected 57, got 56
2026-01-08 13:03:58 | ERROR    | trading_bot | Prediction error for xgboost: Model is neither trained nor loaded.
2026-01-08 13:03:58 | ERROR    | trading_bot | Prediction error for lstm: input.size(-1) must be equal to input_size. Expected 57, got 56
2026-01-08 13:04:36 | ERROR    | trading_bot | Prediction error for xgboost: Model is neither trained nor loaded.
2026-01-08 13:04:37 | ERROR    | trading_bot | Prediction error for xgboost: Model is neither trained nor loaded.
2026-01-08 13:04:37 | ERROR    | trading_bot | Prediction error for xgboost: Model is neither trained nor loaded.
2026-01-08 13:04:58 | ERROR    | trading_bot | Prediction error for xgboost: Model is neither trained nor loaded.
2026-01-08 13:04:59 | ERROR    | trading_bot | Prediction error for lstm: input.size(-1) must be equal to input_size. Expected 57, got 56
2026-01-08 13:04:59 | ERROR    | trading_bot | Prediction error for xgboost: Model is neither trained nor loaded.
2026-01-08 13:04:59 | ERROR    | trading_bot | Prediction error for lstm: input.size(-1) must be equal to input_size. Expected 57, got 56
2026-01-08 13:04:59 | ERROR    | trading_bot | Prediction error for xgboost: Model is neither trained nor loaded.
2026-01-08 13:04:59 | ERROR    | trading_bot | Prediction error for lstm: input.size(-1) must be equal to input_size. Expected 57, got 56
2026-01-08 13:05:37 | ERROR    | trading_bot | Prediction error for xgboost: Model is neither trained nor loaded.
2026-01-08 13:05:38 | ERROR    | trading_bot | Prediction error for xgboost: Model is neither trained nor loaded.
2026-01-08 13:05:38 | ERROR    | trading_bot | Prediction error for xgboost: Model is neither trained nor loaded.
2026-01-08 13:05:59 | ERROR    | trading_bot | Prediction error for xgboost: Model is neither trained nor loaded.
2026-01-08 13:06:00 | ERROR    | trading_bot | Prediction error for lstm: input.size(-1) must be equal to input_size. Expected 57, got 56
2026-01-08 13:06:00 | ERROR    | trading_bot | Prediction error for xgboost: Model is neither trained nor loaded.
2026-01-08 13:06:00 | ERROR    | trading_bot | Prediction error for lstm: input.size(-1) must be equal to input_size. Expected 57, got 56
2026-01-08 13:06:00 | ERROR    | trading_bot | Prediction error for xgboost: Model is neither trained nor loaded.
2026-01-08 13:06:00 | ERROR    | trading_bot | Prediction error for lstm: input.size(-1) must be equal to input_size. Expected 57, got 56
2026-01-08 13:06:39 | ERROR    | trading_bot | Prediction error for xgboost: Model is neither trained nor loaded.
2026-01-08 13:06:39 | ERROR    | trading_bot | Prediction error for xgboost: Model is neither trained nor loaded.
2026-01-08 13:06:40 | ERROR    | trading_bot | Prediction error for xgboost: Model is neither trained nor loaded.
2026-01-08 13:07:01 | ERROR    | trading_bot | Prediction error for xgboost: Model is neither trained nor loaded.
2026-01-08 13:07:01 | ERROR    | trading_bot | Prediction error for lstm: input.size(-1) must be equal to input_size. Expected 57, got 56
2026-01-08 13:07:01 | ERROR    | trading_bot | Prediction error for xgboost: Model is neither trained nor loaded.
2026-01-08 13:07:01 | ERROR    | trading_bot | Prediction error for lstm: input.size(-1) must be equal to input_size. Expected 57, got 56
2026-01-08 13:07:01 | ERROR    | trading_bot | Prediction error for xgboost: Model is neither trained nor loaded.
2026-01-08 13:07:01 | ERROR    | trading_bot | Prediction error for lstm: input.size(-1) must be equal to input_size. Expected 57, got 56
2026-01-08 13:07:41 | ERROR    | trading_bot | Prediction error for xgboost: Model is neither trained nor loaded.
2026-01-08 13:07:41 | ERROR    | trading_bot | Prediction error for xgboost: Model is neither trained nor loaded.
2026-01-08 13:07:42 | ERROR    | trading_bot | Prediction error for xgboost: Model is neither trained nor loaded.
2026-01-08 13:08:01 | ERROR    | trading_bot | Prediction error for xgboost: Model is neither trained nor loaded.
2026-01-08 13:08:01 | ERROR    | trading_bot | Prediction error for lstm: input.size(-1) must be equal to input_size. Expected 57, got 56
2026-01-08 13:08:02 | ERROR    | trading_bot | Prediction error for xgboost: Model is neither trained nor loaded.
2026-01-08 13:08:02 | ERROR    | trading_bot | Prediction error for lstm: input.size(-1) must be equal to input_size. Expected 57, got 56
2026-01-08 13:08:02 | ERROR    | trading_bot | Prediction error for xgboost: Model is neither trained nor loaded.
2026-01-08 13:08:02 | ERROR    | trading_bot | Prediction error for lstm: input.size(-1) must be equal to input_size. Expected 57, got 56
2026-01-08 13:08:42 | ERROR    | trading_bot | Prediction error for xgboost: Model is neither trained nor loaded.
2026-01-08 13:08:43 | ERROR    | trading_bot | Prediction error for xgboost: Model is neither trained nor loaded.
2026-01-08 13:08:43 | ERROR    | trading_bot | Prediction error for xgboost: Model is neither trained nor loaded.
2026-01-08 13:09:03 | ERROR    | trading_bot | Prediction error for xgboost: Model is neither trained nor loaded.
2026-01-08 13:09:03 | ERROR    | trading_bot | Prediction error for lstm: input.size(-1) must be equal to input_size. Expected 57, got 56
2026-01-08 13:09:03 | ERROR    | trading_bot | Prediction error for xgboost: Model is neither trained nor loaded.
2026-01-08 13:09:03 | ERROR    | trading_bot | Prediction error for lstm: input.size(-1) must be equal to input_size. Expected 57, got 56
2026-01-08 13:09:04 | ERROR    | trading_bot | Prediction error for xgboost: Model is neither trained nor loaded.
2026-01-08 13:09:05 | ERROR    | trading_bot | Prediction error for lstm: input.size(-1) must be equal to input_size. Expected 57, got 56
2026-01-08 13:09:44 | ERROR    | trading_bot | Prediction error for xgboost: Model is neither trained nor loaded.
2026-01-08 13:09:44 | ERROR    | trading_bot | Prediction error for xgboost: Model is neither trained nor loaded.
2026-01-08 13:09:45 | ERROR    | trading_bot | Prediction error for xgboost: Model is neither trained nor loaded.
2026-01-08 13:10:05 | ERROR    | trading_bot | Prediction error for xgboost: Model is neither trained nor loaded.
2026-01-08 13:10:05 | ERROR    | trading_bot | Prediction error for lstm: input.size(-1) must be equal to input_size. Expected 57, got 56
2026-01-08 13:10:05 | ERROR    | trading_bot | Prediction error for xgboost: Model is neither trained nor loaded.
2026-01-08 13:10:05 | ERROR    | trading_bot | Prediction error for lstm: input.size(-1) must be equal to input_size. Expected 57, got 56
2026-01-08 13:10:05 | ERROR    | trading_bot | Prediction error for xgboost: Model is neither trained nor loaded.
2026-01-08 13:10:06 | ERROR    | trading_bot | Prediction error for lstm: input.size(-1) must be equal to input_size. Expected 57, got 56
2026-01-08 13:10:46 | ERROR    | trading_bot | Prediction error for xgboost: Model is neither trained nor loaded.
2026-01-08 13:10:47 | ERROR    | trading_bot | Prediction error for xgboost: Model is neither trained nor loaded.
2026-01-08 13:10:48 | ERROR    | trading_bot | Prediction error for xgboost: Model is neither trained nor loaded.
2026-01-08 13:11:06 | ERROR    | trading_bot | Prediction error for xgboost: Model is neither trained nor loaded.
2026-01-08 13:11:07 | ERROR    | trading_bot | Prediction error for lstm: input.size(-1) must be equal to input_size. Expected 57, got 56
2026-01-08 13:11:07 | ERROR    | trading_bot | Prediction error for xgboost: Model is neither trained nor loaded.
2026-01-08 13:11:07 | ERROR    | trading_bot | Prediction error for lstm: input.size(-1) must be equal to input_size. Expected 57, got 56
2026-01-08 13:11:07 | ERROR    | trading_bot | Prediction error for xgboost: Model is neither trained nor loaded.
2026-01-08 13:11:07 | ERROR    | trading_bot | Prediction error for lstm: input.size(-1) must be equal to input_size. Expected 57, got 56
2026-01-08 13:11:49 | ERROR    | trading_bot | Prediction error for xgboost: Model is neither trained nor loaded.
2026-01-08 13:11:49 | ERROR    | trading_bot | Prediction error for xgboost: Model is neither trained nor loaded.
2026-01-08 13:11:51 | ERROR    | trading_bot | Prediction error for xgboost: Model is neither trained nor loaded.
2026-01-08 13:12:08 | ERROR    | trading_bot | Prediction error for xgboost: Model is neither trained nor loaded.
2026-01-08 13:12:08 | ERROR    | trading_bot | Prediction error for lstm: input.size(-1) must be equal to input_size. Expected 57, got 56
2026-01-08 13:12:08 | ERROR    | trading_bot | Prediction error for xgboost: Model is neither trained nor loaded.
2026-01-08 13:12:08 | ERROR    | trading_bot | Prediction error for lstm: input.size(-1) must be equal to input_size. Expected 57, got 56
2026-01-08 13:12:08 | ERROR    | trading_bot | Prediction error for xgboost: Model is neither trained nor loaded.
2026-01-08 13:12:09 | ERROR    | trading_bot | Prediction error for lstm: input.size(-1) must be equal to input_size. Expected 57, got 56
2026-01-08 13:12:52 | ERROR    | trading_bot | Prediction error for xgboost: Model is neither trained nor loaded.
2026-01-08 13:12:53 | ERROR    | trading_bot | Prediction error for xgboost: Model is neither trained nor loaded.
2026-01-08 13:12:54 | ERROR    | trading_bot | Prediction error for xgboost: Model is neither trained nor loaded.
2026-01-08 13:13:09 | ERROR    | trading_bot | Prediction error for xgboost: Model is neither trained nor loaded.
2026-01-08 13:13:09 | ERROR    | trading_bot | Prediction error for lstm: input.size(-1) must be equal to input_size. Expected 57, got 56
2026-01-08 13:13:10 | ERROR    | trading_bot | Prediction error for xgboost: Model is neither trained nor loaded.
2026-01-08 13:13:10 | ERROR    | trading_bot | Prediction error for lstm: input.size(-1) must be equal to input_size. Expected 57, got 56
2026-01-08 13:13:10 | ERROR    | trading_bot | Prediction error for xgboost: Model is neither trained nor loaded.
2026-01-08 13:13:10 | ERROR    | trading_bot | Prediction error for lstm: input.size(-1) must be equal to input_size. Expected 57, got 56
2026-01-08 13:13:55 | ERROR    | trading_bot | Prediction error for xgboost: Model is neither trained nor loaded.
2026-01-08 13:13:55 | ERROR    | trading_bot | Prediction error for xgboost: Model is neither trained nor loaded.
2026-01-08 13:13:56 | ERROR    | trading_bot | Prediction error for xgboost: Model is neither trained nor loaded.
2026-01-08 13:14:10 | ERROR    | trading_bot | Prediction error for xgboost: Model is neither trained nor loaded.
2026-01-08 13:14:11 | ERROR    | trading_bot | Prediction error for lstm: input.size(-1) must be equal to input_size. Expected 57, got 56
2026-01-08 13:14:11 | ERROR    | trading_bot | Prediction error for xgboost: Model is neither trained nor loaded.
2026-01-08 13:14:11 | ERROR    | trading_bot | Prediction error for lstm: input.size(-1) must be equal to input_size. Expected 57, got 56
2026-01-08 13:14:11 | ERROR    | trading_bot | Prediction error for xgboost: Model is neither trained nor loaded.
2026-01-08 13:14:12 | ERROR    | trading_bot | Prediction error for lstm: input.size(-1) must be equal to input_size. Expected 57, got 56
2026-01-08 13:14:56 | ERROR    | trading_bot | Prediction error for xgboost: Model is neither trained nor loaded.
2026-01-08 13:14:57 | ERROR    | trading_bot | Prediction error for xgboost: Model is neither trained nor loaded.
2026-01-08 13:14:58 | ERROR    | trading_bot | Prediction error for xgboost: Model is neither trained nor loaded.
2026-01-08 13:15:12 | ERROR    | trading_bot | Prediction error for xgboost: Model is neither trained nor loaded.
2026-01-08 13:15:12 | ERROR    | trading_bot | Prediction error for lstm: input.size(-1) must be equal to input_size. Expected 57, got 56
2026-01-08 13:15:12 | ERROR    | trading_bot | Prediction error for xgboost: Model is neither trained nor loaded.
2026-01-08 13:15:13 | ERROR    | trading_bot | Prediction error for lstm: input.size(-1) must be equal to input_size. Expected 57, got 56
2026-01-08 13:15:13 | ERROR    | trading_bot | Prediction error for xgboost: Model is neither trained nor loaded.
2026-01-08 13:15:13 | ERROR    | trading_bot | Prediction error for lstm: input.size(-1) must be equal to input_size. Expected 57, got 56
2026-01-08 13:15:59 | ERROR    | trading_bot | Prediction error for xgboost: Model is neither trained nor loaded.
2026-01-08 13:15:59 | ERROR    | trading_bot | Prediction error for xgboost: Model is neither trained nor loaded.
2026-01-08 13:16:00 | ERROR    | trading_bot | Prediction error for xgboost: Model is neither trained nor loaded.
2026-01-08 13:16:13 | ERROR    | trading_bot | Prediction error for xgboost: Model is neither trained nor loaded.
2026-01-08 13:16:14 | ERROR    | trading_bot | Prediction error for lstm: input.size(-1) must be equal to input_size. Expected 57, got 56
2026-01-08 13:16:14 | ERROR    | trading_bot | Prediction error for xgboost: Model is neither trained nor loaded.
2026-01-08 13:16:14 | ERROR    | trading_bot | Prediction error for lstm: input.size(-1) must be equal to input_size. Expected 57, got 56
2026-01-08 13:16:15 | ERROR    | trading_bot | Prediction error for xgboost: Model is neither trained nor loaded.
2026-01-08 13:16:15 | ERROR    | trading_bot | Prediction error for lstm: input.size(-1) must be equal to input_size. Expected 57, got 56
2026-01-08 13:17:02 | ERROR    | trading_bot | Prediction error for xgboost: Model is neither trained nor loaded.
2026-01-08 13:17:02 | ERROR    | trading_bot | Prediction error for xgboost: Model is neither trained nor loaded.
2026-01-08 13:17:02 | ERROR    | trading_bot | Prediction error for xgboost: Model is neither trained nor loaded.
2026-01-08 13:17:16 | ERROR    | trading_bot | Prediction error for xgboost: Model is neither trained nor loaded.
2026-01-08 13:17:16 | ERROR    | trading_bot | Prediction error for lstm: input.size(-1) must be equal to input_size. Expected 57, got 56
2026-01-08 13:17:16 | ERROR    | trading_bot | Prediction error for xgboost: Model is neither trained nor loaded.
2026-01-08 13:17:16 | ERROR    | trading_bot | Prediction error for lstm: input.size(-1) must be equal to input_size. Expected 57, got 56
2026-01-08 13:17:16 | ERROR    | trading_bot | Prediction error for xgboost: Model is neither trained nor loaded.
2026-01-08 13:17:16 | ERROR    | trading_bot | Prediction error for lstm: input.size(-1) must be equal to input_size. Expected 57, got 56
2026-01-08 13:18:03 | ERROR    | trading_bot | Prediction error for xgboost: Model is neither trained nor loaded.
2026-01-08 13:18:04 | ERROR    | trading_bot | Prediction error for xgboost: Model is neither trained nor loaded.
2026-01-08 13:18:05 | ERROR    | trading_bot | Prediction error for xgboost: Model is neither trained nor loaded.
2026-01-08 13:18:17 | ERROR    | trading_bot | Prediction error for xgboost: Model is neither trained nor loaded.
2026-01-08 13:18:17 | ERROR    | trading_bot | Prediction error for lstm: input.size(-1) must be equal to input_size. Expected 57, got 56
2026-01-08 13:18:17 | ERROR    | trading_bot | Prediction error for xgboost: Model is neither trained nor loaded.
2026-01-08 13:18:17 | ERROR    | trading_bot | Prediction error for lstm: input.size(-1) must be equal to input_size. Expected 57, got 56
2026-01-08 13:18:18 | ERROR    | trading_bot | Prediction error for xgboost: Model is neither trained nor loaded.
2026-01-08 13:18:18 | ERROR    | trading_bot | Prediction error for lstm: input.size(-1) must be equal to input_size. Expected 57, got 56
2026-01-08 13:19:06 | ERROR    | trading_bot | Prediction error for xgboost: Model is neither trained nor loaded.
2026-01-08 13:19:06 | ERROR    | trading_bot | Prediction error for xgboost: Model is neither trained nor loaded.
2026-01-08 13:19:07 | ERROR    | trading_bot | Prediction error for xgboost: Model is neither trained nor loaded.
2026-01-08 13:19:18 | ERROR    | trading_bot | Prediction error for xgboost: Model is neither trained nor loaded.
2026-01-08 13:19:18 | ERROR    | trading_bot | Prediction error for lstm: input.size(-1) must be equal to input_size. Expected 57, got 56
2026-01-08 13:19:19 | ERROR    | trading_bot | Prediction error for xgboost: Model is neither trained nor loaded.
2026-01-08 13:19:19 | ERROR    | trading_bot | Prediction error for lstm: input.size(-1) must be equal to input_size. Expected 57, got 56
2026-01-08 13:19:19 | ERROR    | trading_bot | Prediction error for xgboost: Model is neither trained nor loaded.
2026-01-08 13:19:19 | ERROR    | trading_bot | Prediction error for lstm: input.size(-1) must be equal to input_size. Expected 57, got 56
2026-01-08 13:20:07 | ERROR    | trading_bot | Prediction error for xgboost: Model is neither trained nor loaded.
2026-01-08 13:20:08 | ERROR    | trading_bot | Prediction error for xgboost: Model is neither trained nor loaded.
2026-01-08 13:20:08 | ERROR    | trading_bot | Prediction error for xgboost: Model is neither trained nor loaded.
2026-01-08 13:20:19 | ERROR    | trading_bot | Prediction error for xgboost: Model is neither trained nor loaded.
2026-01-08 13:20:19 | ERROR    | trading_bot | Prediction error for lstm: input.size(-1) must be equal to input_size. Expected 57, got 56
2026-01-08 13:20:19 | ERROR    | trading_bot | Prediction error for xgboost: Model is neither trained nor loaded.
2026-01-08 13:20:19 | ERROR    | trading_bot | Prediction error for lstm: input.size(-1) must be equal to input_size. Expected 57, got 56
2026-01-08 13:20:20 | ERROR    | trading_bot | Prediction error for xgboost: Model is neither trained nor loaded.
2026-01-08 13:20:20 | ERROR    | trading_bot | Prediction error for lstm: input.size(-1) must be equal to input_size. Expected 57, got 56
2026-01-08 13:21:09 | ERROR    | trading_bot | Prediction error for xgboost: Model is neither trained nor loaded.
2026-01-08 13:21:10 | ERROR    | trading_bot | Prediction error for xgboost: Model is neither trained nor loaded.
2026-01-08 13:21:11 | ERROR    | trading_bot | Prediction error for xgboost: Model is neither trained nor loaded.
2026-01-08 13:21:20 | ERROR    | trading_bot | Prediction error for xgboost: Model is neither trained nor loaded.
2026-01-08 13:21:20 | ERROR    | trading_bot | Prediction error for lstm: input.size(-1) must be equal to input_size. Expected 57, got 56
2026-01-08 13:21:20 | ERROR    | trading_bot | Prediction error for xgboost: Model is neither trained nor loaded.
2026-01-08 13:21:20 | ERROR    | trading_bot | Prediction error for lstm: input.size(-1) must be equal to input_size. Expected 57, got 56
2026-01-08 13:21:21 | ERROR    | trading_bot | Prediction error for xgboost: Model is neither trained nor loaded.
2026-01-08 13:21:21 | ERROR    | trading_bot | Prediction error for lstm: input.size(-1) must be equal to input_size. Expected 57, got 56
2026-01-08 13:22:13 | ERROR    | trading_bot | Prediction error for xgboost: Model is neither trained nor loaded.
2026-01-08 13:22:13 | ERROR    | trading_bot | Prediction error for xgboost: Model is neither trained nor loaded.
2026-01-08 13:22:14 | ERROR    | trading_bot | Prediction error for xgboost: Model is neither trained nor loaded.
2026-01-08 13:22:21 | ERROR    | trading_bot | Prediction error for xgboost: Model is neither trained nor loaded.
2026-01-08 13:22:21 | ERROR    | trading_bot | Prediction error for lstm: input.size(-1) must be equal to input_size. Expected 57, got 56
2026-01-08 13:22:21 | ERROR    | trading_bot | Prediction error for xgboost: Model is neither trained nor loaded.
2026-01-08 13:22:21 | ERROR    | trading_bot | Prediction error for lstm: input.size(-1) must be equal to input_size. Expected 57, got 56
2026-01-08 13:22:22 | ERROR    | trading_bot | Prediction error for xgboost: Model is neither trained nor loaded.
2026-01-08 13:22:22 | ERROR    | trading_bot | Prediction error for lstm: input.size(-1) must be equal to input_size. Expected 57, got 56
2026-01-08 13:23:15 | ERROR    | trading_bot | Prediction error for xgboost: Model is neither trained nor loaded.
2026-01-08 13:23:15 | ERROR    | trading_bot | Prediction error for xgboost: Model is neither trained nor loaded.
2026-01-08 13:23:16 | ERROR    | trading_bot | Prediction error for xgboost: Model is neither trained nor loaded.
2026-01-08 13:23:22 | ERROR    | trading_bot | Prediction error for xgboost: Model is neither trained nor loaded.
2026-01-08 13:23:23 | ERROR    | trading_bot | Prediction error for lstm: input.size(-1) must be equal to input_size. Expected 57, got 56
2026-01-08 13:23:23 | ERROR    | trading_bot | Prediction error for xgboost: Model is neither trained nor loaded.
2026-01-08 13:23:23 | ERROR    | trading_bot | Prediction error for lstm: input.size(-1) must be equal to input_size. Expected 57, got 56
2026-01-08 13:23:23 | ERROR    | trading_bot | Prediction error for xgboost: Model is neither trained nor loaded.
2026-01-08 13:23:23 | ERROR    | trading_bot | Prediction error for lstm: input.size(-1) must be equal to input_size. Expected 57, got 56
2026-01-08 13:24:17 | ERROR    | trading_bot | Prediction error for xgboost: Model is neither trained nor loaded.
2026-01-08 13:24:17 | ERROR    | trading_bot | Prediction error for xgboost: Model is neither trained nor loaded.
2026-01-08 13:24:18 | ERROR    | trading_bot | Prediction error for xgboost: Model is neither trained nor loaded.
2026-01-08 13:24:23 | ERROR    | trading_bot | Prediction error for xgboost: Model is neither trained nor loaded.
2026-01-08 13:24:23 | ERROR    | trading_bot | Prediction error for lstm: input.size(-1) must be equal to input_size. Expected 57, got 56
2026-01-08 13:24:24 | ERROR    | trading_bot | Prediction error for xgboost: Model is neither trained nor loaded.
2026-01-08 13:24:24 | ERROR    | trading_bot | Prediction error for lstm: input.size(-1) must be equal to input_size. Expected 57, got 56
2026-01-08 13:24:24 | ERROR    | trading_bot | Prediction error for xgboost: Model is neither trained nor loaded.
2026-01-08 13:24:24 | ERROR    | trading_bot | Prediction error for lstm: input.size(-1) must be equal to input_size. Expected 57, got 56
2026-01-08 13:25:18 | ERROR    | trading_bot | Prediction error for xgboost: Model is neither trained nor loaded.
2026-01-08 13:25:19 | ERROR    | trading_bot | Prediction error for xgboost: Model is neither trained nor loaded.
2026-01-08 13:25:20 | ERROR    | trading_bot | Prediction error for xgboost: Model is neither trained nor loaded.
2026-01-08 13:25:25 | ERROR    | trading_bot | Prediction error for xgboost: Model is neither trained nor loaded.
2026-01-08 13:25:25 | ERROR    | trading_bot | Prediction error for lstm: input.size(-1) must be equal to input_size. Expected 57, got 56
2026-01-08 13:25:25 | ERROR    | trading_bot | Prediction error for xgboost: Model is neither trained nor loaded.
2026-01-08 13:25:25 | ERROR    | trading_bot | Prediction error for lstm: input.size(-1) must be equal to input_size. Expected 57, got 56
2026-01-08 13:25:25 | ERROR    | trading_bot | Prediction error for xgboost: Model is neither trained nor loaded.
2026-01-08 13:25:25 | ERROR    | trading_bot | Prediction error for lstm: input.size(-1) must be equal to input_size. Expected 57, got 56
2026-01-08 13:26:22 | ERROR    | trading_bot | Prediction error for xgboost: Model is neither trained nor loaded.
2026-01-08 13:26:23 | ERROR    | trading_bot | Prediction error for xgboost: Model is neither trained nor loaded.
2026-01-08 13:26:24 | ERROR    | trading_bot | Prediction error for xgboost: Model is neither trained nor loaded.
2026-01-08 13:26:26 | ERROR    | trading_bot | Prediction error for xgboost: Model is neither trained nor loaded.
2026-01-08 13:26:26 | ERROR    | trading_bot | Prediction error for lstm: input.size(-1) must be equal to input_size. Expected 57, got 56
2026-01-08 13:26:26 | ERROR    | trading_bot | Prediction error for xgboost: Model is neither trained nor loaded.
2026-01-08 13:26:27 | ERROR    | trading_bot | Prediction error for lstm: input.size(-1) must be equal to input_size. Expected 57, got 56
2026-01-08 13:26:27 | ERROR    | trading_bot | Prediction error for xgboost: Model is neither trained nor loaded.
2026-01-08 13:26:27 | ERROR    | trading_bot | Prediction error for lstm: input.size(-1) must be equal to input_size. Expected 57, got 56
2026-01-08 13:27:25 | ERROR    | trading_bot | Prediction error for xgboost: Model is neither trained nor loaded.
2026-01-08 13:27:26 | ERROR    | trading_bot | Prediction error for xgboost: Model is neither trained nor loaded.
2026-01-08 13:27:27 | ERROR    | trading_bot | Prediction error for xgboost: Model is neither trained nor loaded.
2026-01-08 13:28:28 | ERROR    | trading_bot | Prediction error for xgboost: Model is neither trained nor loaded.
2026-01-08 13:28:29 | ERROR    | trading_bot | Prediction error for xgboost: Model is neither trained nor loaded.
2026-01-08 13:28:30 | ERROR    | trading_bot | Prediction error for xgboost: Model is neither trained nor loaded.
2026-01-08 13:29:31 | ERROR    | trading_bot | Prediction error for xgboost: Model is neither trained nor loaded.
2026-01-08 13:29:32 | ERROR    | trading_bot | Prediction error for xgboost: Model is neither trained nor loaded.
2026-01-08 13:29:33 | ERROR    | trading_bot | Prediction error for xgboost: Model is neither trained nor loaded.
2026-01-08 13:30:34 | ERROR    | trading_bot | Prediction error for xgboost: Model is neither trained nor loaded.
2026-01-08 13:30:36 | ERROR    | trading_bot | Prediction error for xgboost: Model is neither trained nor loaded.
2026-01-08 13:30:37 | ERROR    | trading_bot | Prediction error for xgboost: Model is neither trained nor loaded.
2026-01-08 13:31:38 | ERROR    | trading_bot | Prediction error for xgboost: Model is neither trained nor loaded.
2026-01-08 13:31:39 | ERROR    | trading_bot | Prediction error for xgboost: Model is neither trained nor loaded.
2026-01-08 13:31:41 | ERROR    | trading_bot | Prediction error for xgboost: Model is neither trained nor loaded.
2026-01-08 13:32:42 | ERROR    | trading_bot | Prediction error for xgboost: Model is neither trained nor loaded.
2026-01-08 13:32:44 | ERROR    | trading_bot | Prediction error for xgboost: Model is neither trained nor loaded.
2026-01-08 13:32:45 | ERROR    | trading_bot | Prediction error for xgboost: Model is neither trained nor loaded.
2026-01-08 13:33:46 | ERROR    | trading_bot | Prediction error for xgboost: Model is neither trained nor loaded.
2026-01-08 13:33:47 | ERROR    | trading_bot | Prediction error for xgboost: Model is neither trained nor loaded.
2026-01-08 13:33:48 | ERROR    | trading_bot | Prediction error for xgboost: Model is neither trained nor loaded.
2026-01-08 13:34:50 | ERROR    | trading_bot | Prediction error for xgboost: Model is neither trained nor loaded.
2026-01-08 13:34:51 | ERROR    | trading_bot | Prediction error for xgboost: Model is neither trained nor loaded.
2026-01-08 13:34:51 | ERROR    | trading_bot | Prediction error for xgboost: Model is neither trained nor loaded.
2026-01-08 13:35:53 | ERROR    | trading_bot | Prediction error for xgboost: Model is neither trained nor loaded.
2026-01-08 13:35:54 | ERROR    | trading_bot | Prediction error for xgboost: Model is neither trained nor loaded.
2026-01-08 13:35:56 | ERROR    | trading_bot | Prediction error for xgboost: Model is neither trained nor loaded.
2026-01-08 13:36:58 | ERROR    | trading_bot | Prediction error for xgboost: Model is neither trained nor loaded.
2026-01-08 13:36:58 | ERROR    | trading_bot | Prediction error for xgboost: Model is neither trained nor loaded.
2026-01-08 13:37:00 | ERROR    | trading_bot | Prediction error for xgboost: Model is neither trained nor loaded.
2026-01-08 13:38:00 | ERROR    | trading_bot | Prediction error for xgboost: Model is neither trained nor loaded.
2026-01-08 13:38:01 | ERROR    | trading_bot | Prediction error for xgboost: Model is neither trained nor loaded.
2026-01-08 13:38:02 | ERROR    | trading_bot | Prediction error for xgboost: Model is neither trained nor loaded.
2026-01-08 13:39:02 | ERROR    | trading_bot | Prediction error for xgboost: Model is neither trained nor loaded.
2026-01-08 13:39:03 | ERROR    | trading_bot | Prediction error for xgboost: Model is neither trained nor loaded.
2026-01-08 13:39:04 | ERROR    | trading_bot | Prediction error for xgboost: Model is neither trained nor loaded.
2026-01-08 13:40:04 | ERROR    | trading_bot | Prediction error for xgboost: Model is neither trained nor loaded.
2026-01-08 13:40:05 | ERROR    | trading_bot | Prediction error for xgboost: Model is neither trained nor loaded.
2026-01-08 13:40:06 | ERROR    | trading_bot | Prediction error for xgboost: Model is neither trained nor loaded.
2026-01-08 13:41:06 | ERROR    | trading_bot | Prediction error for xgboost: Model is neither trained nor loaded.
2026-01-08 13:41:07 | ERROR    | trading_bot | Prediction error for xgboost: Model is neither trained nor loaded.
2026-01-08 13:41:08 | ERROR    | trading_bot | Prediction error for xgboost: Model is neither trained nor loaded.
2026-01-08 13:42:08 | ERROR    | trading_bot | Prediction error for xgboost: Model is neither trained nor loaded.
2026-01-08 13:42:09 | ERROR    | trading_bot | Prediction error for xgboost: Model is neither trained nor loaded.
2026-01-08 13:42:09 | ERROR    | trading_bot | Prediction error for xgboost: Model is neither trained nor loaded.
2026-01-08 13:43:10 | ERROR    | trading_bot | Prediction error for xgboost: Model is neither trained nor loaded.
2026-01-08 13:43:11 | ERROR    | trading_bot | Prediction error for xgboost: Model is neither trained nor loaded.
2026-01-08 13:43:12 | ERROR    | trading_bot | Prediction error for xgboost: Model is neither trained nor loaded.
2026-01-08 13:44:12 | ERROR    | trading_bot | Prediction error for xgboost: Model is neither trained nor loaded.
2026-01-08 13:44:13 | ERROR    | trading_bot | Prediction error for xgboost: Model is neither trained nor loaded.
2026-01-08 13:44:13 | ERROR    | trading_bot | Prediction error for xgboost: Model is neither trained nor loaded.
2026-01-08 13:45:13 | ERROR    | trading_bot | Prediction error for xgboost: Model is neither trained nor loaded.
2026-01-08 13:45:14 | ERROR    | trading_bot | Prediction error for xgboost: Model is neither trained nor loaded.
2026-01-08 13:45:14 | ERROR    | trading_bot | Prediction error for xgboost: Model is neither trained nor loaded.
2026-01-08 13:46:14 | ERROR    | trading_bot | Prediction error for xgboost: Model is neither trained nor loaded.
2026-01-08 13:46:15 | ERROR    | trading_bot | Prediction error for xgboost: Model is neither trained nor loaded.
2026-01-08 13:46:15 | ERROR    | trading_bot | Prediction error for xgboost: Model is neither trained nor loaded.
2026-01-08 13:47:15 | ERROR    | trading_bot | Prediction error for xgboost: Model is neither trained nor loaded.
2026-01-08 13:47:16 | ERROR    | trading_bot | Prediction error for xgboost: Model is neither trained nor loaded.
2026-01-08 13:47:16 | ERROR    | trading_bot | Prediction error for xgboost: Model is neither trained nor loaded.
2026-01-08 13:48:17 | ERROR    | trading_bot | Prediction error for xgboost: Model is neither trained nor loaded.
2026-01-08 13:48:17 | ERROR    | trading_bot | Prediction error for xgboost: Model is neither trained nor loaded.
2026-01-08 13:48:17 | ERROR    | trading_bot | Prediction error for xgboost: Model is neither trained nor loaded.
2026-01-08 13:49:18 | ERROR    | trading_bot | Prediction error for xgboost: Model is neither trained nor loaded.
2026-01-08 13:49:18 | ERROR    | trading_bot | Prediction error for xgboost: Model is neither trained nor loaded.
2026-01-08 13:49:18 | ERROR    | trading_bot | Prediction error for xgboost: Model is neither trained nor loaded.
2026-01-08 13:50:19 | ERROR    | trading_bot | Prediction error for xgboost: Model is neither trained nor loaded.
2026-01-08 13:50:19 | ERROR    | trading_bot | Prediction error for xgboost: Model is neither trained nor loaded.
2026-01-08 13:50:20 | ERROR    | trading_bot | Prediction error for xgboost: Model is neither trained nor loaded.
2026-01-08 13:51:21 | ERROR    | trading_bot | Prediction error for xgboost: Model is neither trained nor loaded.
2026-01-08 13:51:21 | ERROR    | trading_bot | Prediction error for xgboost: Model is neither trained nor loaded.
2026-01-08 13:51:22 | ERROR    | trading_bot | Prediction error for xgboost: Model is neither trained nor loaded.
2026-01-08 13:52:22 | ERROR    | trading_bot | Prediction error for xgboost: Model is neither trained nor loaded.
2026-01-08 13:52:22 | ERROR    | trading_bot | Prediction error for xgboost: Model is neither trained nor loaded.
2026-01-08 13:52:23 | ERROR    | trading_bot | Prediction error for xgboost: Model is neither trained nor loaded.
2026-01-08 13:53:23 | ERROR    | trading_bot | Prediction error for xgboost: Model is neither trained nor loaded.
2026-01-08 13:53:23 | ERROR    | trading_bot | Prediction error for xgboost: Model is neither trained nor loaded.
2026-01-08 13:53:24 | ERROR    | trading_bot | Prediction error for xgboost: Model is neither trained nor loaded.
2026-01-08 13:54:24 | ERROR    | trading_bot | Prediction error for xgboost: Model is neither trained nor loaded.
2026-01-08 13:54:25 | ERROR    | trading_bot | Prediction error for xgboost: Model is neither trained nor loaded.
2026-01-08 13:54:25 | ERROR    | trading_bot | Prediction error for xgboost: Model is neither trained nor loaded.
2026-01-08 13:55:26 | ERROR    | trading_bot | Prediction error for xgboost: Model is neither trained nor loaded.
2026-01-08 13:55:26 | ERROR    | trading_bot | Prediction error for xgboost: Model is neither trained nor loaded.
2026-01-08 13:55:27 | ERROR    | trading_bot | Prediction error for xgboost: Model is neither trained nor loaded.
2026-01-08 13:56:27 | ERROR    | trading_bot | Prediction error for xgboost: Model is neither trained nor loaded.
2026-01-08 13:56:28 | ERROR    | trading_bot | Prediction error for xgboost: Model is neither trained nor loaded.
2026-01-08 13:56:28 | ERROR    | trading_bot | Prediction error for xgboost: Model is neither trained nor loaded.
2026-01-08 13:57:29 | ERROR    | trading_bot | Prediction error for xgboost: Model is neither trained nor loaded.
2026-01-08 13:57:29 | ERROR    | trading_bot | Prediction error for xgboost: Model is neither trained nor loaded.
2026-01-08 13:57:30 | ERROR    | trading_bot | Prediction error for xgboost: Model is neither trained nor loaded.
2026-01-08 13:58:30 | ERROR    | trading_bot | Prediction error for xgboost: Model is neither trained nor loaded.
2026-01-08 13:58:30 | ERROR    | trading_bot | Prediction error for xgboost: Model is neither trained nor loaded.
2026-01-08 13:58:31 | ERROR    | trading_bot | Prediction error for xgboost: Model is neither trained nor loaded.
2026-01-08 13:59:31 | ERROR    | trading_bot | Prediction error for xgboost: Model is neither trained nor loaded.
2026-01-08 13:59:31 | ERROR    | trading_bot | Prediction error for xgboost: Model is neither trained nor loaded.
2026-01-08 13:59:32 | ERROR    | trading_bot | Prediction error for xgboost: Model is neither trained nor loaded.
2026-01-08 14:00:32 | ERROR    | trading_bot | Prediction error for xgboost: Model is neither trained nor loaded.
2026-01-08 14:00:33 | ERROR    | trading_bot | Prediction error for xgboost: Model is neither trained nor loaded.
2026-01-08 14:00:33 | ERROR    | trading_bot | Prediction error for xgboost: Model is neither trained nor loaded.
2026-01-08 14:01:34 | ERROR    | trading_bot | Prediction error for xgboost: Model is neither trained nor loaded.
2026-01-08 14:01:34 | ERROR    | trading_bot | Prediction error for xgboost: Model is neither trained nor loaded.
2026-01-08 14:01:35 | ERROR    | trading_bot | Prediction error for xgboost: Model is neither trained nor loaded.
2026-01-08 14:02:35 | ERROR    | trading_bot | Prediction error for xgboost: Model is neither trained nor loaded.
2026-01-08 14:02:35 | ERROR    | trading_bot | Prediction error for xgboost: Model is neither trained nor loaded.
2026-01-08 14:02:36 | ERROR    | trading_bot | Prediction error for xgboost: Model is neither trained nor loaded.
2026-01-08 14:03:36 | ERROR    | trading_bot | Prediction error for xgboost: Model is neither trained nor loaded.
2026-01-08 14:03:36 | ERROR    | trading_bot | Prediction error for xgboost: Model is neither trained nor loaded.
2026-01-08 14:03:37 | ERROR    | trading_bot | Prediction error for xgboost: Model is neither trained nor loaded.
2026-01-08 14:04:37 | ERROR    | trading_bot | Prediction error for xgboost: Model is neither trained nor loaded.
2026-01-08 14:04:38 | ERROR    | trading_bot | Prediction error for xgboost: Model is neither trained nor loaded.
2026-01-08 14:04:38 | ERROR    | trading_bot | Prediction error for xgboost: Model is neither trained nor loaded.
2026-01-08 14:05:38 | ERROR    | trading_bot | Prediction error for xgboost: Model is neither trained nor loaded.
2026-01-08 14:05:39 | ERROR    | trading_bot | Prediction error for xgboost: Model is neither trained nor loaded.
2026-01-08 14:05:39 | ERROR    | trading_bot | Prediction error for xgboost: Model is neither trained nor loaded.
2026-01-08 14:06:39 | ERROR    | trading_bot | Prediction error for xgboost: Model is neither trained nor loaded.
2026-01-08 14:06:40 | ERROR    | trading_bot | Prediction error for xgboost: Model is neither trained nor loaded.
2026-01-08 14:06:40 | ERROR    | trading_bot | Prediction error for xgboost: Model is neither trained nor loaded.
2026-01-08 14:07:40 | ERROR    | trading_bot | Prediction error for xgboost: Model is neither trained nor loaded.
2026-01-08 14:07:41 | ERROR    | trading_bot | Prediction error for xgboost: Model is neither trained nor loaded.
2026-01-08 14:07:41 | ERROR    | trading_bot | Prediction error for xgboost: Model is neither trained nor loaded.
2026-01-08 14:08:41 | ERROR    | trading_bot | Prediction error for xgboost: Model is neither trained nor loaded.
2026-01-08 14:08:42 | ERROR    | trading_bot | Prediction error for xgboost: Model is neither trained nor loaded.
2026-01-08 14:08:42 | ERROR    | trading_bot | Prediction error for xgboost: Model is neither trained nor loaded.
2026-01-08 14:09:43 | ERROR    | trading_bot | Prediction error for xgboost: Model is neither trained nor loaded.
2026-01-08 14:09:43 | ERROR    | trading_bot | Prediction error for xgboost: Model is neither trained nor loaded.
2026-01-08 14:09:44 | ERROR    | trading_bot | Prediction error for xgboost: Model is neither trained nor loaded.
2026-01-08 14:10:45 | ERROR    | trading_bot | Prediction error for xgboost: Model is neither trained nor loaded.
2026-01-08 14:10:45 | ERROR    | trading_bot | Prediction error for xgboost: Model is neither trained nor loaded.
2026-01-08 14:10:46 | ERROR    | trading_bot | Prediction error for xgboost: Model is neither trained nor loaded.
2026-01-08 14:11:47 | ERROR    | trading_bot | Prediction error for xgboost: Model is neither trained nor loaded.
2026-01-08 14:11:47 | ERROR    | trading_bot | Prediction error for xgboost: Model is neither trained nor loaded.
2026-01-08 14:11:48 | ERROR    | trading_bot | Prediction error for xgboost: Model is neither trained nor loaded.
2026-01-08 14:12:48 | ERROR    | trading_bot | Prediction error for xgboost: Model is neither trained nor loaded.
2026-01-08 14:12:49 | ERROR    | trading_bot | Prediction error for xgboost: Model is neither trained nor loaded.
2026-01-08 14:12:49 | ERROR    | trading_bot | Prediction error for xgboost: Model is neither trained nor loaded.
2026-01-08 14:13:50 | ERROR    | trading_bot | Prediction error for xgboost: Model is neither trained nor loaded.
2026-01-08 14:13:50 | ERROR    | trading_bot | Prediction error for xgboost: Model is neither trained nor loaded.
2026-01-08 14:13:50 | ERROR    | trading_bot | Prediction error for xgboost: Model is neither trained nor loaded.
2026-01-08 14:14:51 | ERROR    | trading_bot | Prediction error for xgboost: Model is neither trained nor loaded.
2026-01-08 14:14:51 | ERROR    | trading_bot | Prediction error for xgboost: Model is neither trained nor loaded.
2026-01-08 14:14:51 | ERROR    | trading_bot | Prediction error for xgboost: Model is neither trained nor loaded.
2026-01-08 14:15:52 | ERROR    | trading_bot | Prediction error for xgboost: Model is neither trained nor loaded.
2026-01-08 14:15:52 | ERROR    | trading_bot | Prediction error for xgboost: Model is neither trained nor loaded.
2026-01-08 14:15:52 | ERROR    | trading_bot | Prediction error for xgboost: Model is neither trained nor loaded.
2026-01-08 14:16:52 | ERROR    | trading_bot | Prediction error for xgboost: Model is neither trained nor loaded.
2026-01-08 14:16:53 | ERROR    | trading_bot | Prediction error for xgboost: Model is neither trained nor loaded.
2026-01-08 14:16:53 | ERROR    | trading_bot | Prediction error for xgboost: Model is neither trained nor loaded.
2026-01-08 14:17:53 | ERROR    | trading_bot | Prediction error for xgboost: Model is neither trained nor loaded.
2026-01-08 14:17:54 | ERROR    | trading_bot | Prediction error for xgboost: Model is neither trained nor loaded.
2026-01-08 14:17:54 | ERROR    | trading_bot | Prediction error for xgboost: Model is neither trained nor loaded.
2026-01-08 14:18:54 | ERROR    | trading_bot | Prediction error for xgboost: Model is neither trained nor loaded.
2026-01-08 14:18:55 | ERROR    | trading_bot | Prediction error for xgboost: Model is neither trained nor loaded.
2026-01-08 14:18:56 | ERROR    | trading_bot | Prediction error for xgboost: Model is neither trained nor loaded.
2026-01-08 14:19:57 | ERROR    | trading_bot | Prediction error for xgboost: Model is neither trained nor loaded.
2026-01-08 14:19:58 | ERROR    | trading_bot | Prediction error for xgboost: Model is neither trained nor loaded.
2026-01-08 14:19:58 | ERROR    | trading_bot | Prediction error for xgboost: Model is neither trained nor loaded.
2026-01-08 14:20:59 | ERROR    | trading_bot | Prediction error for xgboost: Model is neither trained nor loaded.
2026-01-08 14:20:59 | ERROR    | trading_bot | Prediction error for xgboost: Model is neither trained nor loaded.
2026-01-08 14:21:00 | ERROR    | trading_bot | Prediction error for xgboost: Model is neither trained nor loaded.
2026-01-08 14:21:22 | ERROR    | trading_bot | Prediction error for xgboost: Model is neither trained nor loaded.
2026-01-08 14:21:22 | ERROR    | trading_bot | Prediction error for xgboost: Model is neither trained nor loaded.
2026-01-08 14:21:23 | ERROR    | trading_bot | Prediction error for xgboost: Model is neither trained nor loaded.
2026-01-08 14:22:01 | ERROR    | trading_bot | Prediction error for xgboost: Model is neither trained nor loaded.
2026-01-08 14:22:01 | ERROR    | trading_bot | Prediction error for xgboost: Model is neither trained nor loaded.
2026-01-08 14:22:02 | ERROR    | trading_bot | Prediction error for xgboost: Model is neither trained nor loaded.
2026-01-08 14:22:23 | ERROR    | trading_bot | Prediction error for xgboost: Model is neither trained nor loaded.
2026-01-08 14:22:23 | ERROR    | trading_bot | Prediction error for xgboost: Model is neither trained nor loaded.
2026-01-08 14:22:24 | ERROR    | trading_bot | Prediction error for xgboost: Model is neither trained nor loaded.
2026-01-08 14:23:03 | ERROR    | trading_bot | Prediction error for xgboost: Model is neither trained nor loaded.
2026-01-08 14:23:04 | ERROR    | trading_bot | Prediction error for xgboost: Model is neither trained nor loaded.
2026-01-08 14:23:05 | ERROR    | trading_bot | Prediction error for xgboost: Model is neither trained nor loaded.
2026-01-08 14:23:50 | ERROR    | trading_bot | Prediction error for xgboost: Model is neither trained nor loaded.
2026-01-08 14:23:51 | ERROR    | trading_bot | Prediction error for xgboost: Model is neither trained nor loaded.
2026-01-08 14:23:51 | ERROR    | trading_bot | Prediction error for xgboost: Model is neither trained nor loaded.
2026-01-08 14:24:06 | ERROR    | trading_bot | Prediction error for xgboost: Model is neither trained nor loaded.
2026-01-08 14:24:06 | ERROR    | trading_bot | Prediction error for xgboost: Model is neither trained nor loaded.
2026-01-08 14:24:07 | ERROR    | trading_bot | Prediction error for xgboost: Model is neither trained nor loaded.
2026-01-08 14:25:08 | ERROR    | trading_bot | Prediction error for xgboost: Model is neither trained nor loaded.
2026-01-08 14:25:09 | ERROR    | trading_bot | Prediction error for xgboost: Model is neither trained nor loaded.
2026-01-08 14:25:09 | ERROR    | trading_bot | Prediction error for xgboost: Model is neither trained nor loaded.
2026-01-08 14:26:10 | ERROR    | trading_bot | Prediction error for xgboost: Model is neither trained nor loaded.
2026-01-08 14:26:11 | ERROR    | trading_bot | Prediction error for xgboost: Model is neither trained nor loaded.
2026-01-08 14:26:11 | ERROR    | trading_bot | Prediction error for xgboost: Model is neither trained nor loaded.
2026-01-08 14:27:12 | ERROR    | trading_bot | Prediction error for xgboost: Model is neither trained nor loaded.
2026-01-08 14:27:13 | ERROR    | trading_bot | Prediction error for xgboost: Model is neither trained nor loaded.
2026-01-08 14:27:14 | ERROR    | trading_bot | Prediction error for xgboost: Model is neither trained nor loaded.
2026-01-08 14:28:14 | ERROR    | trading_bot | Prediction error for xgboost: Model is neither trained nor loaded.
2026-01-08 14:28:15 | ERROR    | trading_bot | Prediction error for xgboost: Model is neither trained nor loaded.
2026-01-08 14:28:15 | ERROR    | trading_bot | Prediction error for xgboost: Model is neither trained nor loaded.
2026-01-08 14:29:16 | ERROR    | trading_bot | Prediction error for xgboost: Model is neither trained nor loaded.
2026-01-08 14:29:16 | ERROR    | trading_bot | Prediction error for xgboost: Model is neither trained nor loaded.
2026-01-08 14:29:17 | ERROR    | trading_bot | Prediction error for xgboost: Model is neither trained nor loaded.
2026-01-08 14:30:18 | ERROR    | trading_bot | Prediction error for xgboost: Model is neither trained nor loaded.
2026-01-08 14:30:19 | ERROR    | trading_bot | Prediction error for xgboost: Model is neither trained nor loaded.
2026-01-08 14:30:19 | ERROR    | trading_bot | Prediction error for xgboost: Model is neither trained nor loaded.
2026-01-08 14:31:20 | ERROR    | trading_bot | Prediction error for xgboost: Model is neither trained nor loaded.
2026-01-08 14:31:21 | ERROR    | trading_bot | Prediction error for xgboost: Model is neither trained nor loaded.
2026-01-08 14:31:22 | ERROR    | trading_bot | Prediction error for xgboost: Model is neither trained nor loaded.
2026-01-08 14:32:22 | ERROR    | trading_bot | Prediction error for xgboost: Model is neither trained nor loaded.
2026-01-08 14:32:23 | ERROR    | trading_bot | Prediction error for xgboost: Model is neither trained nor loaded.
2026-01-08 14:32:23 | ERROR    | trading_bot | Prediction error for xgboost: Model is neither trained nor loaded.
2026-01-08 14:33:24 | ERROR    | trading_bot | Prediction error for xgboost: Model is neither trained nor loaded.
2026-01-08 14:33:25 | ERROR    | trading_bot | Prediction error for xgboost: Model is neither trained nor loaded.
2026-01-08 14:33:26 | ERROR    | trading_bot | Prediction error for xgboost: Model is neither trained nor loaded.
2026-01-08 14:34:26 | ERROR    | trading_bot | Prediction error for xgboost: Model is neither trained nor loaded.
2026-01-08 14:34:27 | ERROR    | trading_bot | Prediction error for xgboost: Model is neither trained nor loaded.
2026-01-08 14:34:27 | ERROR    | trading_bot | Prediction error for xgboost: Model is neither trained nor loaded.
2026-01-08 14:35:28 | ERROR    | trading_bot | Prediction error for xgboost: Model is neither trained nor loaded.
2026-01-08 14:35:29 | ERROR    | trading_bot | Prediction error for xgboost: Model is neither trained nor loaded.
2026-01-08 14:35:29 | ERROR    | trading_bot | Prediction error for xgboost: Model is neither trained nor loaded.
2026-01-08 14:36:30 | ERROR    | trading_bot | Prediction error for xgboost: Model is neither trained nor loaded.
2026-01-08 14:36:30 | ERROR    | trading_bot | Prediction error for xgboost: Model is neither trained nor loaded.
2026-01-08 14:36:31 | ERROR    | trading_bot | Prediction error for xgboost: Model is neither trained nor loaded.
2026-01-08 14:37:31 | ERROR    | trading_bot | Prediction error for xgboost: Model is neither trained nor loaded.
2026-01-08 14:37:32 | ERROR    | trading_bot | Prediction error for xgboost: Model is neither trained nor loaded.
2026-01-08 14:37:33 | ERROR    | trading_bot | Prediction error for xgboost: Model is neither trained nor loaded.
2026-01-08 14:38:34 | ERROR    | trading_bot | Prediction error for xgboost: Model is neither trained nor loaded.
2026-01-08 14:38:34 | ERROR    | trading_bot | Prediction error for xgboost: Model is neither trained nor loaded.
2026-01-08 14:38:35 | ERROR    | trading_bot | Prediction error for xgboost: Model is neither trained nor loaded.
2026-01-08 14:39:36 | ERROR    | trading_bot | Prediction error for xgboost: Model is neither trained nor loaded.
2026-01-08 14:39:36 | ERROR    | trading_bot | Prediction error for xgboost: Model is neither trained nor loaded.
2026-01-08 14:39:37 | ERROR    | trading_bot | Prediction error for xgboost: Model is neither trained nor loaded.
2026-01-08 14:40:38 | ERROR    | trading_bot | Prediction error for xgboost: Model is neither trained nor loaded.
2026-01-08 14:40:38 | ERROR    | trading_bot | Prediction error for xgboost: Model is neither trained nor loaded.
2026-01-08 14:40:39 | ERROR    | trading_bot | Prediction error for xgboost: Model is neither trained nor loaded.
2026-01-08 14:41:39 | ERROR    | trading_bot | Prediction error for xgboost: Model is neither trained nor loaded.
2026-01-08 14:41:40 | ERROR    | trading_bot | Prediction error for xgboost: Model is neither trained nor loaded.
2026-01-08 14:41:40 | ERROR    | trading_bot | Prediction error for xgboost: Model is neither trained nor loaded.
2026-01-08 14:42:41 | ERROR    | trading_bot | Prediction error for xgboost: Model is neither trained nor loaded.
2026-01-08 14:42:41 | ERROR    | trading_bot | Prediction error for xgboost: Model is neither trained nor loaded.
2026-01-08 14:42:41 | ERROR    | trading_bot | Prediction error for xgboost: Model is neither trained nor loaded.
2026-01-08 14:43:42 | ERROR    | trading_bot | Prediction error for xgboost: Model is neither trained nor loaded.
2026-01-08 14:43:42 | ERROR    | trading_bot | Prediction error for xgboost: Model is neither trained nor loaded.
2026-01-08 14:43:42 | ERROR    | trading_bot | Prediction error for xgboost: Model is neither trained nor loaded.
2026-01-08 14:44:43 | ERROR    | trading_bot | Prediction error for xgboost: Model is neither trained nor loaded.
2026-01-08 14:44:43 | ERROR    | trading_bot | Prediction error for xgboost: Model is neither trained nor loaded.
2026-01-08 14:44:43 | ERROR    | trading_bot | Prediction error for xgboost: Model is neither trained nor loaded.
2026-01-08 14:45:43 | ERROR    | trading_bot | Prediction error for xgboost: Model is neither trained nor loaded.
2026-01-08 14:45:44 | ERROR    | trading_bot | Prediction error for xgboost: Model is neither trained nor loaded.
2026-01-08 14:45:44 | ERROR    | trading_bot | Prediction error for xgboost: Model is neither trained nor loaded.
2026-01-08 14:46:44 | ERROR    | trading_bot | Prediction error for xgboost: Model is neither trained nor loaded.
2026-01-08 14:46:45 | ERROR    | trading_bot | Prediction error for xgboost: Model is neither trained nor loaded.
2026-01-08 14:46:45 | ERROR    | trading_bot | Prediction error for xgboost: Model is neither trained nor loaded.
2026-01-08 14:47:45 | ERROR    | trading_bot | Prediction error for xgboost: Model is neither trained nor loaded.
2026-01-08 14:47:45 | ERROR    | trading_bot | Prediction error for xgboost: Model is neither trained nor loaded.
2026-01-08 14:47:46 | ERROR    | trading_bot | Prediction error for xgboost: Model is neither trained nor loaded.
2026-01-08 14:48:46 | ERROR    | trading_bot | Prediction error for xgboost: Model is neither trained nor loaded.
2026-01-08 14:48:46 | ERROR    | trading_bot | Prediction error for xgboost: Model is neither trained nor loaded.
2026-01-08 14:48:46 | ERROR    | trading_bot | Prediction error for xgboost: Model is neither trained nor loaded.
2026-01-08 14:49:47 | ERROR    | trading_bot | Prediction error for xgboost: Model is neither trained nor loaded.
2026-01-08 14:49:47 | ERROR    | trading_bot | Prediction error for xgboost: Model is neither trained nor loaded.
2026-01-08 14:49:47 | ERROR    | trading_bot | Prediction error for xgboost: Model is neither trained nor loaded.
2026-01-08 14:50:47 | ERROR    | trading_bot | Prediction error for xgboost: Model is neither trained nor loaded.
2026-01-08 14:50:48 | ERROR    | trading_bot | Prediction error for xgboost: Model is neither trained nor loaded.
2026-01-08 14:50:48 | ERROR    | trading_bot | Prediction error for xgboost: Model is neither trained nor loaded.
2026-01-08 14:51:48 | ERROR    | trading_bot | Prediction error for xgboost: Model is neither trained nor loaded.
2026-01-08 14:51:48 | ERROR    | trading_bot | Prediction error for xgboost: Model is neither trained nor loaded.
2026-01-08 14:51:49 | ERROR    | trading_bot | Prediction error for xgboost: Model is neither trained nor loaded.
2026-01-08 14:52:32 | ERROR    | trading_bot | Prediction error for xgboost: Model is neither trained nor loaded.
2026-01-08 14:52:32 | ERROR    | trading_bot | Prediction error for xgboost: Model is neither trained nor loaded.
2026-01-08 14:52:33 | ERROR    | trading_bot | Prediction error for xgboost: Model is neither trained nor loaded.
2026-01-08 14:52:49 | ERROR    | trading_bot | Prediction error for xgboost: Model is neither trained nor loaded.
2026-01-08 14:52:50 | ERROR    | trading_bot | Prediction error for xgboost: Model is neither trained nor loaded.
2026-01-08 14:52:52 | ERROR    | trading_bot | Prediction error for xgboost: Model is neither trained nor loaded.
2026-01-08 14:53:33 | ERROR    | trading_bot | Prediction error for xgboost: Model is neither trained nor loaded.
2026-01-08 14:53:33 | ERROR    | trading_bot | Prediction error for xgboost: Model is neither trained nor loaded.
2026-01-08 14:53:34 | ERROR    | trading_bot | Prediction error for xgboost: Model is neither trained nor loaded.
2026-01-08 14:53:53 | ERROR    | trading_bot | Prediction error for xgboost: Model is neither trained nor loaded.
2026-01-08 14:53:53 | ERROR    | trading_bot | Prediction error for xgboost: Model is neither trained nor loaded.
2026-01-08 14:53:54 | ERROR    | trading_bot | Prediction error for xgboost: Model is neither trained nor loaded.
2026-01-08 14:54:15 | ERROR    | trading_bot | Prediction error for xgboost: Model is neither trained nor loaded.
2026-01-08 14:54:16 | ERROR    | trading_bot | Prediction error for xgboost: Model is neither trained nor loaded.
2026-01-08 14:54:16 | ERROR    | trading_bot | Prediction error for xgboost: Model is neither trained nor loaded.
2026-01-08 14:54:56 | ERROR    | trading_bot | Prediction error for xgboost: Model is neither trained nor loaded.
2026-01-08 14:54:57 | ERROR    | trading_bot | Prediction error for xgboost: Model is neither trained nor loaded.
2026-01-08 14:54:58 | ERROR    | trading_bot | Prediction error for xgboost: Model is neither trained nor loaded.
2026-01-08 14:55:16 | ERROR    | trading_bot | Prediction error for xgboost: Model is neither trained nor loaded.
2026-01-08 14:55:17 | ERROR    | trading_bot | Prediction error for xgboost: Model is neither trained nor loaded.
2026-01-08 14:55:17 | ERROR    | trading_bot | Prediction error for xgboost: Model is neither trained nor loaded.
2026-01-08 14:55:59 | ERROR    | trading_bot | Prediction error for xgboost: Model is neither trained nor loaded.
2026-01-08 14:56:00 | ERROR    | trading_bot | Prediction error for xgboost: Model is neither trained nor loaded.
2026-01-08 14:56:00 | ERROR    | trading_bot | Prediction error for xgboost: Model is neither trained nor loaded.
2026-01-08 14:56:17 | ERROR    | trading_bot | Prediction error for xgboost: Model is neither trained nor loaded.
2026-01-08 14:56:18 | ERROR    | trading_bot | Prediction error for xgboost: Model is neither trained nor loaded.
2026-01-08 14:56:18 | ERROR    | trading_bot | Prediction error for xgboost: Model is neither trained nor loaded.
2026-01-08 14:57:02 | ERROR    | trading_bot | Prediction error for xgboost: Model is neither trained nor loaded.
2026-01-08 14:57:02 | ERROR    | trading_bot | Prediction error for xgboost: Model is neither trained nor loaded.
2026-01-08 14:57:03 | ERROR    | trading_bot | Prediction error for xgboost: Model is neither trained nor loaded.
2026-01-08 14:57:18 | ERROR    | trading_bot | Prediction error for xgboost: Model is neither trained nor loaded.
2026-01-08 14:57:19 | ERROR    | trading_bot | Prediction error for xgboost: Model is neither trained nor loaded.
2026-01-08 14:57:19 | ERROR    | trading_bot | Prediction error for xgboost: Model is neither trained nor loaded.
2026-01-13 10:46:48 | ERROR    | trading_bot | Failed to reconcile state with broker: 'DerivExecutorSync' object has no attribute 'get_open_positions'
2026-01-13 10:46:57 | ERROR    | trading_bot | Traceback (most recent call last):
  File "C:\Users\Hp\Downloads\Forex-bot-main\trading_bot.py", line 309, in make_prediction
    probs = model.predict(latest_features) # returns prob of class 1
            ^^^^^^^^^^^^^^^^^^^^^^^^^^^^^^
  File "C:\Users\Hp\Downloads\Forex-bot-main\ai_model.py", line 45, in predict
    raise RuntimeError("Model is neither trained nor loaded.")
RuntimeError: Model is neither trained nor loaded.

2026-01-13 10:46:57 | ERROR    | trading_bot | Critical Loop Error: unsupported format string passed to NoneType.__format__
2026-01-13 10:47:02 | ERROR    | trading_bot | Traceback (most recent call last):
  File "C:\Users\Hp\Downloads\Forex-bot-main\trading_bot.py", line 309, in make_prediction
    probs = model.predict(latest_features) # returns prob of class 1
            ^^^^^^^^^^^^^^^^^^^^^^^^^^^^^^
  File "C:\Users\Hp\Downloads\Forex-bot-main\ai_model.py", line 45, in predict
    raise RuntimeError("Model is neither trained nor loaded.")
RuntimeError: Model is neither trained nor loaded.

2026-01-13 10:47:02 | ERROR    | trading_bot | Critical Loop Error: unsupported format string passed to NoneType.__format__
2026-01-13 10:47:08 | ERROR    | trading_bot | Traceback (most recent call last):
  File "C:\Users\Hp\Downloads\Forex-bot-main\trading_bot.py", line 309, in make_prediction
    probs = model.predict(latest_features) # returns prob of class 1
            ^^^^^^^^^^^^^^^^^^^^^^^^^^^^^^
  File "C:\Users\Hp\Downloads\Forex-bot-main\ai_model.py", line 45, in predict
    raise RuntimeError("Model is neither trained nor loaded.")
RuntimeError: Model is neither trained nor loaded.

2026-01-13 10:47:08 | ERROR    | trading_bot | Critical Loop Error: unsupported format string passed to NoneType.__format__
2026-01-13 10:47:13 | ERROR    | trading_bot | Traceback (most recent call last):
  File "C:\Users\Hp\Downloads\Forex-bot-main\trading_bot.py", line 309, in make_prediction
    probs = model.predict(latest_features) # returns prob of class 1
            ^^^^^^^^^^^^^^^^^^^^^^^^^^^^^^
  File "C:\Users\Hp\Downloads\Forex-bot-main\ai_model.py", line 45, in predict
    raise RuntimeError("Model is neither trained nor loaded.")
RuntimeError: Model is neither trained nor loaded.

2026-01-13 10:47:13 | ERROR    | trading_bot | Critical Loop Error: unsupported format string passed to NoneType.__format__
2026-01-13 10:47:18 | ERROR    | trading_bot | Traceback (most recent call last):
  File "C:\Users\Hp\Downloads\Forex-bot-main\trading_bot.py", line 309, in make_prediction
    probs = model.predict(latest_features) # returns prob of class 1
            ^^^^^^^^^^^^^^^^^^^^^^^^^^^^^^
  File "C:\Users\Hp\Downloads\Forex-bot-main\ai_model.py", line 45, in predict
    raise RuntimeError("Model is neither trained nor loaded.")
RuntimeError: Model is neither trained nor loaded.

2026-01-13 10:47:18 | ERROR    | trading_bot | Critical Loop Error: unsupported format string passed to NoneType.__format__
2026-01-13 10:47:24 | ERROR    | trading_bot | Traceback (most recent call last):
  File "C:\Users\Hp\Downloads\Forex-bot-main\trading_bot.py", line 309, in make_prediction
    probs = model.predict(latest_features) # returns prob of class 1
            ^^^^^^^^^^^^^^^^^^^^^^^^^^^^^^
  File "C:\Users\Hp\Downloads\Forex-bot-main\ai_model.py", line 45, in predict
    raise RuntimeError("Model is neither trained nor loaded.")
RuntimeError: Model is neither trained nor loaded.

2026-01-13 10:47:24 | ERROR    | trading_bot | Critical Loop Error: unsupported format string passed to NoneType.__format__
2026-01-13 10:47:29 | ERROR    | trading_bot | Traceback (most recent call last):
  File "C:\Users\Hp\Downloads\Forex-bot-main\trading_bot.py", line 309, in make_prediction
    probs = model.predict(latest_features) # returns prob of class 1
            ^^^^^^^^^^^^^^^^^^^^^^^^^^^^^^
  File "C:\Users\Hp\Downloads\Forex-bot-main\ai_model.py", line 45, in predict
    raise RuntimeError("Model is neither trained nor loaded.")
RuntimeError: Model is neither trained nor loaded.

2026-01-13 10:47:29 | ERROR    | trading_bot | Critical Loop Error: unsupported format string passed to NoneType.__format__
2026-01-13 10:47:34 | ERROR    | trading_bot | Traceback (most recent call last):
  File "C:\Users\Hp\Downloads\Forex-bot-main\trading_bot.py", line 309, in make_prediction
    probs = model.predict(latest_features) # returns prob of class 1
            ^^^^^^^^^^^^^^^^^^^^^^^^^^^^^^
  File "C:\Users\Hp\Downloads\Forex-bot-main\ai_model.py", line 45, in predict
    raise RuntimeError("Model is neither trained nor loaded.")
RuntimeError: Model is neither trained nor loaded.

2026-01-13 10:47:34 | ERROR    | trading_bot | Critical Loop Error: unsupported format string passed to NoneType.__format__
2026-01-13 10:47:39 | ERROR    | trading_bot | Traceback (most recent call last):
  File "C:\Users\Hp\Downloads\Forex-bot-main\trading_bot.py", line 309, in make_prediction
    probs = model.predict(latest_features) # returns prob of class 1
            ^^^^^^^^^^^^^^^^^^^^^^^^^^^^^^
  File "C:\Users\Hp\Downloads\Forex-bot-main\ai_model.py", line 45, in predict
    raise RuntimeError("Model is neither trained nor loaded.")
RuntimeError: Model is neither trained nor loaded.

2026-01-13 10:47:39 | ERROR    | trading_bot | Critical Loop Error: unsupported format string passed to NoneType.__format__
2026-01-13 10:47:45 | ERROR    | trading_bot | Traceback (most recent call last):
  File "C:\Users\Hp\Downloads\Forex-bot-main\trading_bot.py", line 309, in make_prediction
    probs = model.predict(latest_features) # returns prob of class 1
            ^^^^^^^^^^^^^^^^^^^^^^^^^^^^^^
  File "C:\Users\Hp\Downloads\Forex-bot-main\ai_model.py", line 45, in predict
    raise RuntimeError("Model is neither trained nor loaded.")
RuntimeError: Model is neither trained nor loaded.

2026-01-13 10:47:45 | ERROR    | trading_bot | Critical Loop Error: unsupported format string passed to NoneType.__format__
2026-01-13 10:47:50 | ERROR    | trading_bot | Traceback (most recent call last):
  File "C:\Users\Hp\Downloads\Forex-bot-main\trading_bot.py", line 309, in make_prediction
    probs = model.predict(latest_features) # returns prob of class 1
            ^^^^^^^^^^^^^^^^^^^^^^^^^^^^^^
  File "C:\Users\Hp\Downloads\Forex-bot-main\ai_model.py", line 45, in predict
    raise RuntimeError("Model is neither trained nor loaded.")
RuntimeError: Model is neither trained nor loaded.

2026-01-13 10:47:50 | ERROR    | trading_bot | Critical Loop Error: unsupported format string passed to NoneType.__format__
2026-01-13 10:47:55 | ERROR    | trading_bot | Traceback (most recent call last):
  File "C:\Users\Hp\Downloads\Forex-bot-main\trading_bot.py", line 309, in make_prediction
    probs = model.predict(latest_features) # returns prob of class 1
            ^^^^^^^^^^^^^^^^^^^^^^^^^^^^^^
  File "C:\Users\Hp\Downloads\Forex-bot-main\ai_model.py", line 45, in predict
    raise RuntimeError("Model is neither trained nor loaded.")
RuntimeError: Model is neither trained nor loaded.

2026-01-13 10:47:55 | ERROR    | trading_bot | Critical Loop Error: unsupported format string passed to NoneType.__format__
2026-01-13 10:48:00 | ERROR    | trading_bot | Traceback (most recent call last):
  File "C:\Users\Hp\Downloads\Forex-bot-main\trading_bot.py", line 309, in make_prediction
    probs = model.predict(latest_features) # returns prob of class 1
            ^^^^^^^^^^^^^^^^^^^^^^^^^^^^^^
  File "C:\Users\Hp\Downloads\Forex-bot-main\ai_model.py", line 45, in predict
    raise RuntimeError("Model is neither trained nor loaded.")
RuntimeError: Model is neither trained nor loaded.

2026-01-13 10:48:00 | ERROR    | trading_bot | Critical Loop Error: unsupported format string passed to NoneType.__format__
2026-01-13 10:48:06 | ERROR    | trading_bot | Traceback (most recent call last):
  File "C:\Users\Hp\Downloads\Forex-bot-main\trading_bot.py", line 309, in make_prediction
    probs = model.predict(latest_features) # returns prob of class 1
            ^^^^^^^^^^^^^^^^^^^^^^^^^^^^^^
  File "C:\Users\Hp\Downloads\Forex-bot-main\ai_model.py", line 45, in predict
    raise RuntimeError("Model is neither trained nor loaded.")
RuntimeError: Model is neither trained nor loaded.

2026-01-13 10:48:06 | ERROR    | trading_bot | Critical Loop Error: unsupported format string passed to NoneType.__format__
2026-01-13 10:48:11 | ERROR    | trading_bot | Traceback (most recent call last):
  File "C:\Users\Hp\Downloads\Forex-bot-main\trading_bot.py", line 309, in make_prediction
    probs = model.predict(latest_features) # returns prob of class 1
            ^^^^^^^^^^^^^^^^^^^^^^^^^^^^^^
  File "C:\Users\Hp\Downloads\Forex-bot-main\ai_model.py", line 45, in predict
    raise RuntimeError("Model is neither trained nor loaded.")
RuntimeError: Model is neither trained nor loaded.

2026-01-13 10:48:11 | ERROR    | trading_bot | Critical Loop Error: unsupported format string passed to NoneType.__format__
2026-01-13 10:48:16 | ERROR    | trading_bot | Traceback (most recent call last):
  File "C:\Users\Hp\Downloads\Forex-bot-main\trading_bot.py", line 309, in make_prediction
    probs = model.predict(latest_features) # returns prob of class 1
            ^^^^^^^^^^^^^^^^^^^^^^^^^^^^^^
  File "C:\Users\Hp\Downloads\Forex-bot-main\ai_model.py", line 45, in predict
    raise RuntimeError("Model is neither trained nor loaded.")
RuntimeError: Model is neither trained nor loaded.

2026-01-13 10:48:16 | ERROR    | trading_bot | Critical Loop Error: unsupported format string passed to NoneType.__format__
2026-01-13 10:48:22 | ERROR    | trading_bot | Traceback (most recent call last):
  File "C:\Users\Hp\Downloads\Forex-bot-main\trading_bot.py", line 309, in make_prediction
    probs = model.predict(latest_features) # returns prob of class 1
            ^^^^^^^^^^^^^^^^^^^^^^^^^^^^^^
  File "C:\Users\Hp\Downloads\Forex-bot-main\ai_model.py", line 45, in predict
    raise RuntimeError("Model is neither trained nor loaded.")
RuntimeError: Model is neither trained nor loaded.

2026-01-13 10:48:22 | ERROR    | trading_bot | Critical Loop Error: unsupported format string passed to NoneType.__format__
2026-01-13 10:48:27 | ERROR    | trading_bot | Traceback (most recent call last):
  File "C:\Users\Hp\Downloads\Forex-bot-main\trading_bot.py", line 309, in make_prediction
    probs = model.predict(latest_features) # returns prob of class 1
            ^^^^^^^^^^^^^^^^^^^^^^^^^^^^^^
  File "C:\Users\Hp\Downloads\Forex-bot-main\ai_model.py", line 45, in predict
    raise RuntimeError("Model is neither trained nor loaded.")
RuntimeError: Model is neither trained nor loaded.

2026-01-13 10:48:27 | ERROR    | trading_bot | Critical Loop Error: unsupported format string passed to NoneType.__format__
2026-01-13 10:48:32 | ERROR    | trading_bot | Traceback (most recent call last):
  File "C:\Users\Hp\Downloads\Forex-bot-main\trading_bot.py", line 309, in make_prediction
    probs = model.predict(latest_features) # returns prob of class 1
            ^^^^^^^^^^^^^^^^^^^^^^^^^^^^^^
  File "C:\Users\Hp\Downloads\Forex-bot-main\ai_model.py", line 45, in predict
    raise RuntimeError("Model is neither trained nor loaded.")
RuntimeError: Model is neither trained nor loaded.

2026-01-13 10:48:32 | ERROR    | trading_bot | Critical Loop Error: unsupported format string passed to NoneType.__format__
2026-01-13 10:48:37 | ERROR    | trading_bot | Traceback (most recent call last):
  File "C:\Users\Hp\Downloads\Forex-bot-main\trading_bot.py", line 309, in make_prediction
    probs = model.predict(latest_features) # returns prob of class 1
            ^^^^^^^^^^^^^^^^^^^^^^^^^^^^^^
  File "C:\Users\Hp\Downloads\Forex-bot-main\ai_model.py", line 45, in predict
    raise RuntimeError("Model is neither trained nor loaded.")
RuntimeError: Model is neither trained nor loaded.

2026-01-13 10:48:37 | ERROR    | trading_bot | Critical Loop Error: unsupported format string passed to NoneType.__format__
2026-01-13 10:48:43 | ERROR    | trading_bot | Traceback (most recent call last):
  File "C:\Users\Hp\Downloads\Forex-bot-main\trading_bot.py", line 309, in make_prediction
    probs = model.predict(latest_features) # returns prob of class 1
            ^^^^^^^^^^^^^^^^^^^^^^^^^^^^^^
  File "C:\Users\Hp\Downloads\Forex-bot-main\ai_model.py", line 45, in predict
    raise RuntimeError("Model is neither trained nor loaded.")
RuntimeError: Model is neither trained nor loaded.

2026-01-13 10:48:43 | ERROR    | trading_bot | Critical Loop Error: unsupported format string passed to NoneType.__format__
2026-01-13 10:48:49 | ERROR    | trading_bot | Traceback (most recent call last):
  File "C:\Users\Hp\Downloads\Forex-bot-main\trading_bot.py", line 309, in make_prediction
    probs = model.predict(latest_features) # returns prob of class 1
            ^^^^^^^^^^^^^^^^^^^^^^^^^^^^^^
  File "C:\Users\Hp\Downloads\Forex-bot-main\ai_model.py", line 45, in predict
    raise RuntimeError("Model is neither trained nor loaded.")
RuntimeError: Model is neither trained nor loaded.

2026-01-13 10:48:49 | ERROR    | trading_bot | Critical Loop Error: unsupported format string passed to NoneType.__format__
2026-01-13 10:48:55 | ERROR    | trading_bot | Traceback (most recent call last):
  File "C:\Users\Hp\Downloads\Forex-bot-main\trading_bot.py", line 309, in make_prediction
    probs = model.predict(latest_features) # returns prob of class 1
            ^^^^^^^^^^^^^^^^^^^^^^^^^^^^^^
  File "C:\Users\Hp\Downloads\Forex-bot-main\ai_model.py", line 48, in predict
    return self.model.predict_proba(X)[:, 1]
           ^^^^^^^^^^^^^^^^^^^^^^^^^^^
  File "C:\Users\Hp\AppData\Local\Programs\Python\Python311\Lib\site-packages\xgboost\sklearn.py", line 1921, in predict_proba
    class_probs = super().predict(
                  ^^^^^^^^^^^^^^^^
  File "C:\Users\Hp\AppData\Local\Programs\Python\Python311\Lib\site-packages\xgboost\core.py", line 774, in inner_f
    return func(**kwargs)
           ^^^^^^^^^^^^^^
  File "C:\Users\Hp\AppData\Local\Programs\Python\Python311\Lib\site-packages\xgboost\sklearn.py", line 1446, in predict
    predts = self.get_booster().inplace_predict(
             ^^^^^^^^^^^^^^^^^^^^^^^^^^^^^^^^^^^
  File "C:\Users\Hp\AppData\Local\Programs\Python\Python311\Lib\site-packages\xgboost\core.py", line 774, in inner_f
    return func(**kwargs)
           ^^^^^^^^^^^^^^
  File "C:\Users\Hp\AppData\Local\Programs\Python\Python311\Lib\site-packages\xgboost\core.py", line 2854, in inplace_predict
    self._validate_features(fns)
  File "C:\Users\Hp\AppData\Local\Programs\Python\Python311\Lib\site-packages\xgboost\core.py", line 3431, in _validate_features
    raise ValueError(msg.format(self.feature_names, feature_names))
ValueError: feature_names mismatch: ['Hour_Sin', 'Hour_Cos', 'Day_Sin', 'Day_Cos', 'SMA_50', 'SMA_200', 'Dist_SMA_50', 'Dist_SMA_200', 'EMA_20', 'Dist_EMA_20', 'ADX', 'ADX_Pos', 'ADX_Neg', 'Efficiency_Ratio', 'RSI', 'ROC', 'Stoch_K', 'Stoch_D', 'BB_Width', 'BB_Pos', 'ATR', 'ATR_Pct', 'VWAP', 'Dist_VWAP', 'SuperTrend_Upper', 'SuperTrend_Lower', 'Dist_ST_Upper', 'Dist_ST_Lower', 'Pivot_Point', 'Pivot_R1', 'Pivot_S1', 'Dist_Pivot', 'Log_Return', 'Return_Lag_1', 'Return_Lag_2', 'Return_Lag_3', 'Return_Lag_5', 'Volume_Change', 'Aroon_Up', 'Aroon_Down', 'Aroon_Osc', 'AO', 'Hist_Vol', 'RVI', 'Fractal_Up', 'Fractal_Down', 'Bars_Since_Fractal_Up', 'Bars_Since_Fractal_Down', 'BB_Upper', 'BB_Lower', 'BB_Mid', 'BB_PctB'] ['Hour_Sin', 'Hour_Cos', 'Day_Sin', 'Day_Cos', 'SMA_50', 'SMA_200', 'Dist_SMA_50', 'Dist_SMA_200', 'EMA_20', 'Dist_EMA_20', 'ADX', 'ADX_Pos', 'ADX_Neg', 'Efficiency_Ratio', 'RSI', 'ROC', 'Stoch_K', 'Stoch_D', 'BB_Width', 'BB_Pos', 'ATR', 'ATR_Pct', 'VWAP', 'Dist_VWAP', 'SuperTrend_Upper', 'SuperTrend_Lower', 'Dist_ST_Upper', 'Dist_ST_Lower', 'Pivot_Point', 'Pivot_R1', 'Pivot_S1', 'Dist_Pivot', 'Log_Return', 'Day_of_Week', 'Return_Lag_1', 'Return_Lag_2', 'Return_Lag_3', 'Return_Lag_5', 'Volume_Change', 'Aroon_Up', 'Aroon_Down', 'Aroon_Osc', 'AO', 'Hist_Vol', 'RVI', 'Fractal_Up', 'Fractal_Down', 'Bars_Since_Fractal_Up', 'Bars_Since_Fractal_Down', 'BB_Upper', 'BB_Lower', 'BB_Mid', 'BB_PctB']
training data did not have the following fields: Day_of_Week

2026-01-13 10:48:55 | ERROR    | trading_bot | Critical Loop Error: unsupported format string passed to NoneType.__format__
2026-01-13 10:49:00 | ERROR    | trading_bot | Traceback (most recent call last):
  File "C:\Users\Hp\Downloads\Forex-bot-main\trading_bot.py", line 309, in make_prediction
    probs = model.predict(latest_features) # returns prob of class 1
            ^^^^^^^^^^^^^^^^^^^^^^^^^^^^^^
  File "C:\Users\Hp\Downloads\Forex-bot-main\ai_model.py", line 48, in predict
    return self.model.predict_proba(X)[:, 1]
           ^^^^^^^^^^^^^^^^^^^^^^^^^^^
  File "C:\Users\Hp\AppData\Local\Programs\Python\Python311\Lib\site-packages\xgboost\sklearn.py", line 1921, in predict_proba
    class_probs = super().predict(
                  ^^^^^^^^^^^^^^^^
  File "C:\Users\Hp\AppData\Local\Programs\Python\Python311\Lib\site-packages\xgboost\core.py", line 774, in inner_f
    return func(**kwargs)
           ^^^^^^^^^^^^^^
  File "C:\Users\Hp\AppData\Local\Programs\Python\Python311\Lib\site-packages\xgboost\sklearn.py", line 1446, in predict
    predts = self.get_booster().inplace_predict(
             ^^^^^^^^^^^^^^^^^^^^^^^^^^^^^^^^^^^
  File "C:\Users\Hp\AppData\Local\Programs\Python\Python311\Lib\site-packages\xgboost\core.py", line 774, in inner_f
    return func(**kwargs)
           ^^^^^^^^^^^^^^
  File "C:\Users\Hp\AppData\Local\Programs\Python\Python311\Lib\site-packages\xgboost\core.py", line 2854, in inplace_predict
    self._validate_features(fns)
  File "C:\Users\Hp\AppData\Local\Programs\Python\Python311\Lib\site-packages\xgboost\core.py", line 3431, in _validate_features
    raise ValueError(msg.format(self.feature_names, feature_names))
ValueError: feature_names mismatch: ['Hour_Sin', 'Hour_Cos', 'Day_Sin', 'Day_Cos', 'SMA_50', 'SMA_200', 'Dist_SMA_50', 'Dist_SMA_200', 'EMA_20', 'Dist_EMA_20', 'ADX', 'ADX_Pos', 'ADX_Neg', 'Efficiency_Ratio', 'RSI', 'ROC', 'Stoch_K', 'Stoch_D', 'BB_Width', 'BB_Pos', 'ATR', 'ATR_Pct', 'VWAP', 'Dist_VWAP', 'SuperTrend_Upper', 'SuperTrend_Lower', 'Dist_ST_Upper', 'Dist_ST_Lower', 'Pivot_Point', 'Pivot_R1', 'Pivot_S1', 'Dist_Pivot', 'Log_Return', 'Return_Lag_1', 'Return_Lag_2', 'Return_Lag_3', 'Return_Lag_5', 'Volume_Change', 'Aroon_Up', 'Aroon_Down', 'Aroon_Osc', 'AO', 'Hist_Vol', 'RVI', 'Fractal_Up', 'Fractal_Down', 'Bars_Since_Fractal_Up', 'Bars_Since_Fractal_Down', 'BB_Upper', 'BB_Lower', 'BB_Mid', 'BB_PctB'] ['Hour_Sin', 'Hour_Cos', 'Day_Sin', 'Day_Cos', 'SMA_50', 'SMA_200', 'Dist_SMA_50', 'Dist_SMA_200', 'EMA_20', 'Dist_EMA_20', 'ADX', 'ADX_Pos', 'ADX_Neg', 'Efficiency_Ratio', 'RSI', 'ROC', 'Stoch_K', 'Stoch_D', 'BB_Width', 'BB_Pos', 'ATR', 'ATR_Pct', 'VWAP', 'Dist_VWAP', 'SuperTrend_Upper', 'SuperTrend_Lower', 'Dist_ST_Upper', 'Dist_ST_Lower', 'Pivot_Point', 'Pivot_R1', 'Pivot_S1', 'Dist_Pivot', 'Log_Return', 'Day_of_Week', 'Return_Lag_1', 'Return_Lag_2', 'Return_Lag_3', 'Return_Lag_5', 'Volume_Change', 'Aroon_Up', 'Aroon_Down', 'Aroon_Osc', 'AO', 'Hist_Vol', 'RVI', 'Fractal_Up', 'Fractal_Down', 'Bars_Since_Fractal_Up', 'Bars_Since_Fractal_Down', 'BB_Upper', 'BB_Lower', 'BB_Mid', 'BB_PctB']
training data did not have the following fields: Day_of_Week

2026-01-13 10:49:00 | ERROR    | trading_bot | Critical Loop Error: unsupported format string passed to NoneType.__format__
2026-01-13 10:49:06 | ERROR    | trading_bot | Traceback (most recent call last):
  File "C:\Users\Hp\Downloads\Forex-bot-main\trading_bot.py", line 309, in make_prediction
    probs = model.predict(latest_features) # returns prob of class 1
            ^^^^^^^^^^^^^^^^^^^^^^^^^^^^^^
  File "C:\Users\Hp\Downloads\Forex-bot-main\ai_model.py", line 48, in predict
    return self.model.predict_proba(X)[:, 1]
           ^^^^^^^^^^^^^^^^^^^^^^^^^^^
  File "C:\Users\Hp\AppData\Local\Programs\Python\Python311\Lib\site-packages\xgboost\sklearn.py", line 1921, in predict_proba
    class_probs = super().predict(
                  ^^^^^^^^^^^^^^^^
  File "C:\Users\Hp\AppData\Local\Programs\Python\Python311\Lib\site-packages\xgboost\core.py", line 774, in inner_f
    return func(**kwargs)
           ^^^^^^^^^^^^^^
  File "C:\Users\Hp\AppData\Local\Programs\Python\Python311\Lib\site-packages\xgboost\sklearn.py", line 1446, in predict
    predts = self.get_booster().inplace_predict(
             ^^^^^^^^^^^^^^^^^^^^^^^^^^^^^^^^^^^
  File "C:\Users\Hp\AppData\Local\Programs\Python\Python311\Lib\site-packages\xgboost\core.py", line 774, in inner_f
    return func(**kwargs)
           ^^^^^^^^^^^^^^
  File "C:\Users\Hp\AppData\Local\Programs\Python\Python311\Lib\site-packages\xgboost\core.py", line 2854, in inplace_predict
    self._validate_features(fns)
  File "C:\Users\Hp\AppData\Local\Programs\Python\Python311\Lib\site-packages\xgboost\core.py", line 3431, in _validate_features
    raise ValueError(msg.format(self.feature_names, feature_names))
ValueError: feature_names mismatch: ['Hour_Sin', 'Hour_Cos', 'Day_Sin', 'Day_Cos', 'SMA_50', 'SMA_200', 'Dist_SMA_50', 'Dist_SMA_200', 'EMA_20', 'Dist_EMA_20', 'ADX', 'ADX_Pos', 'ADX_Neg', 'Efficiency_Ratio', 'RSI', 'ROC', 'Stoch_K', 'Stoch_D', 'BB_Width', 'BB_Pos', 'ATR', 'ATR_Pct', 'VWAP', 'Dist_VWAP', 'SuperTrend_Upper', 'SuperTrend_Lower', 'Dist_ST_Upper', 'Dist_ST_Lower', 'Pivot_Point', 'Pivot_R1', 'Pivot_S1', 'Dist_Pivot', 'Log_Return', 'Return_Lag_1', 'Return_Lag_2', 'Return_Lag_3', 'Return_Lag_5', 'Volume_Change', 'Aroon_Up', 'Aroon_Down', 'Aroon_Osc', 'AO', 'Hist_Vol', 'RVI', 'Fractal_Up', 'Fractal_Down', 'Bars_Since_Fractal_Up', 'Bars_Since_Fractal_Down', 'BB_Upper', 'BB_Lower', 'BB_Mid', 'BB_PctB'] ['Hour_Sin', 'Hour_Cos', 'Day_Sin', 'Day_Cos', 'SMA_50', 'SMA_200', 'Dist_SMA_50', 'Dist_SMA_200', 'EMA_20', 'Dist_EMA_20', 'ADX', 'ADX_Pos', 'ADX_Neg', 'Efficiency_Ratio', 'RSI', 'ROC', 'Stoch_K', 'Stoch_D', 'BB_Width', 'BB_Pos', 'ATR', 'ATR_Pct', 'VWAP', 'Dist_VWAP', 'SuperTrend_Upper', 'SuperTrend_Lower', 'Dist_ST_Upper', 'Dist_ST_Lower', 'Pivot_Point', 'Pivot_R1', 'Pivot_S1', 'Dist_Pivot', 'Log_Return', 'Day_of_Week', 'Return_Lag_1', 'Return_Lag_2', 'Return_Lag_3', 'Return_Lag_5', 'Volume_Change', 'Aroon_Up', 'Aroon_Down', 'Aroon_Osc', 'AO', 'Hist_Vol', 'RVI', 'Fractal_Up', 'Fractal_Down', 'Bars_Since_Fractal_Up', 'Bars_Since_Fractal_Down', 'BB_Upper', 'BB_Lower', 'BB_Mid', 'BB_PctB']
training data did not have the following fields: Day_of_Week

2026-01-13 10:49:06 | ERROR    | trading_bot | Critical Loop Error: unsupported format string passed to NoneType.__format__
2026-01-13 10:49:11 | ERROR    | trading_bot | Traceback (most recent call last):
  File "C:\Users\Hp\Downloads\Forex-bot-main\trading_bot.py", line 309, in make_prediction
    probs = model.predict(latest_features) # returns prob of class 1
            ^^^^^^^^^^^^^^^^^^^^^^^^^^^^^^
  File "C:\Users\Hp\Downloads\Forex-bot-main\ai_model.py", line 48, in predict
    return self.model.predict_proba(X)[:, 1]
           ^^^^^^^^^^^^^^^^^^^^^^^^^^^
  File "C:\Users\Hp\AppData\Local\Programs\Python\Python311\Lib\site-packages\xgboost\sklearn.py", line 1921, in predict_proba
    class_probs = super().predict(
                  ^^^^^^^^^^^^^^^^
  File "C:\Users\Hp\AppData\Local\Programs\Python\Python311\Lib\site-packages\xgboost\core.py", line 774, in inner_f
    return func(**kwargs)
           ^^^^^^^^^^^^^^
  File "C:\Users\Hp\AppData\Local\Programs\Python\Python311\Lib\site-packages\xgboost\sklearn.py", line 1446, in predict
    predts = self.get_booster().inplace_predict(
             ^^^^^^^^^^^^^^^^^^^^^^^^^^^^^^^^^^^
  File "C:\Users\Hp\AppData\Local\Programs\Python\Python311\Lib\site-packages\xgboost\core.py", line 774, in inner_f
    return func(**kwargs)
           ^^^^^^^^^^^^^^
  File "C:\Users\Hp\AppData\Local\Programs\Python\Python311\Lib\site-packages\xgboost\core.py", line 2854, in inplace_predict
    self._validate_features(fns)
  File "C:\Users\Hp\AppData\Local\Programs\Python\Python311\Lib\site-packages\xgboost\core.py", line 3431, in _validate_features
    raise ValueError(msg.format(self.feature_names, feature_names))
ValueError: feature_names mismatch: ['Hour_Sin', 'Hour_Cos', 'Day_Sin', 'Day_Cos', 'SMA_50', 'SMA_200', 'Dist_SMA_50', 'Dist_SMA_200', 'EMA_20', 'Dist_EMA_20', 'ADX', 'ADX_Pos', 'ADX_Neg', 'Efficiency_Ratio', 'RSI', 'ROC', 'Stoch_K', 'Stoch_D', 'BB_Width', 'BB_Pos', 'ATR', 'ATR_Pct', 'VWAP', 'Dist_VWAP', 'SuperTrend_Upper', 'SuperTrend_Lower', 'Dist_ST_Upper', 'Dist_ST_Lower', 'Pivot_Point', 'Pivot_R1', 'Pivot_S1', 'Dist_Pivot', 'Log_Return', 'Return_Lag_1', 'Return_Lag_2', 'Return_Lag_3', 'Return_Lag_5', 'Volume_Change', 'Aroon_Up', 'Aroon_Down', 'Aroon_Osc', 'AO', 'Hist_Vol', 'RVI', 'Fractal_Up', 'Fractal_Down', 'Bars_Since_Fractal_Up', 'Bars_Since_Fractal_Down', 'BB_Upper', 'BB_Lower', 'BB_Mid', 'BB_PctB'] ['Hour_Sin', 'Hour_Cos', 'Day_Sin', 'Day_Cos', 'SMA_50', 'SMA_200', 'Dist_SMA_50', 'Dist_SMA_200', 'EMA_20', 'Dist_EMA_20', 'ADX', 'ADX_Pos', 'ADX_Neg', 'Efficiency_Ratio', 'RSI', 'ROC', 'Stoch_K', 'Stoch_D', 'BB_Width', 'BB_Pos', 'ATR', 'ATR_Pct', 'VWAP', 'Dist_VWAP', 'SuperTrend_Upper', 'SuperTrend_Lower', 'Dist_ST_Upper', 'Dist_ST_Lower', 'Pivot_Point', 'Pivot_R1', 'Pivot_S1', 'Dist_Pivot', 'Log_Return', 'Day_of_Week', 'Return_Lag_1', 'Return_Lag_2', 'Return_Lag_3', 'Return_Lag_5', 'Volume_Change', 'Aroon_Up', 'Aroon_Down', 'Aroon_Osc', 'AO', 'Hist_Vol', 'RVI', 'Fractal_Up', 'Fractal_Down', 'Bars_Since_Fractal_Up', 'Bars_Since_Fractal_Down', 'BB_Upper', 'BB_Lower', 'BB_Mid', 'BB_PctB']
training data did not have the following fields: Day_of_Week

2026-01-13 10:49:11 | ERROR    | trading_bot | Critical Loop Error: unsupported format string passed to NoneType.__format__
2026-01-13 10:49:16 | ERROR    | trading_bot | Traceback (most recent call last):
  File "C:\Users\Hp\Downloads\Forex-bot-main\trading_bot.py", line 309, in make_prediction
    probs = model.predict(latest_features) # returns prob of class 1
            ^^^^^^^^^^^^^^^^^^^^^^^^^^^^^^
  File "C:\Users\Hp\Downloads\Forex-bot-main\ai_model.py", line 48, in predict
    return self.model.predict_proba(X)[:, 1]
           ^^^^^^^^^^^^^^^^^^^^^^^^^^^
  File "C:\Users\Hp\AppData\Local\Programs\Python\Python311\Lib\site-packages\xgboost\sklearn.py", line 1921, in predict_proba
    class_probs = super().predict(
                  ^^^^^^^^^^^^^^^^
  File "C:\Users\Hp\AppData\Local\Programs\Python\Python311\Lib\site-packages\xgboost\core.py", line 774, in inner_f
    return func(**kwargs)
           ^^^^^^^^^^^^^^
  File "C:\Users\Hp\AppData\Local\Programs\Python\Python311\Lib\site-packages\xgboost\sklearn.py", line 1446, in predict
    predts = self.get_booster().inplace_predict(
             ^^^^^^^^^^^^^^^^^^^^^^^^^^^^^^^^^^^
  File "C:\Users\Hp\AppData\Local\Programs\Python\Python311\Lib\site-packages\xgboost\core.py", line 774, in inner_f
    return func(**kwargs)
           ^^^^^^^^^^^^^^
  File "C:\Users\Hp\AppData\Local\Programs\Python\Python311\Lib\site-packages\xgboost\core.py", line 2854, in inplace_predict
    self._validate_features(fns)
  File "C:\Users\Hp\AppData\Local\Programs\Python\Python311\Lib\site-packages\xgboost\core.py", line 3431, in _validate_features
    raise ValueError(msg.format(self.feature_names, feature_names))
ValueError: feature_names mismatch: ['Hour_Sin', 'Hour_Cos', 'Day_Sin', 'Day_Cos', 'SMA_50', 'SMA_200', 'Dist_SMA_50', 'Dist_SMA_200', 'EMA_20', 'Dist_EMA_20', 'ADX', 'ADX_Pos', 'ADX_Neg', 'Efficiency_Ratio', 'RSI', 'ROC', 'Stoch_K', 'Stoch_D', 'BB_Width', 'BB_Pos', 'ATR', 'ATR_Pct', 'VWAP', 'Dist_VWAP', 'SuperTrend_Upper', 'SuperTrend_Lower', 'Dist_ST_Upper', 'Dist_ST_Lower', 'Pivot_Point', 'Pivot_R1', 'Pivot_S1', 'Dist_Pivot', 'Log_Return', 'Return_Lag_1', 'Return_Lag_2', 'Return_Lag_3', 'Return_Lag_5', 'Volume_Change', 'Aroon_Up', 'Aroon_Down', 'Aroon_Osc', 'AO', 'Hist_Vol', 'RVI', 'Fractal_Up', 'Fractal_Down', 'Bars_Since_Fractal_Up', 'Bars_Since_Fractal_Down', 'BB_Upper', 'BB_Lower', 'BB_Mid', 'BB_PctB'] ['Hour_Sin', 'Hour_Cos', 'Day_Sin', 'Day_Cos', 'SMA_50', 'SMA_200', 'Dist_SMA_50', 'Dist_SMA_200', 'EMA_20', 'Dist_EMA_20', 'ADX', 'ADX_Pos', 'ADX_Neg', 'Efficiency_Ratio', 'RSI', 'ROC', 'Stoch_K', 'Stoch_D', 'BB_Width', 'BB_Pos', 'ATR', 'ATR_Pct', 'VWAP', 'Dist_VWAP', 'SuperTrend_Upper', 'SuperTrend_Lower', 'Dist_ST_Upper', 'Dist_ST_Lower', 'Pivot_Point', 'Pivot_R1', 'Pivot_S1', 'Dist_Pivot', 'Log_Return', 'Day_of_Week', 'Return_Lag_1', 'Return_Lag_2', 'Return_Lag_3', 'Return_Lag_5', 'Volume_Change', 'Aroon_Up', 'Aroon_Down', 'Aroon_Osc', 'AO', 'Hist_Vol', 'RVI', 'Fractal_Up', 'Fractal_Down', 'Bars_Since_Fractal_Up', 'Bars_Since_Fractal_Down', 'BB_Upper', 'BB_Lower', 'BB_Mid', 'BB_PctB']
training data did not have the following fields: Day_of_Week

2026-01-13 10:49:16 | ERROR    | trading_bot | Critical Loop Error: unsupported format string passed to NoneType.__format__
2026-01-13 10:49:22 | ERROR    | trading_bot | Traceback (most recent call last):
  File "C:\Users\Hp\Downloads\Forex-bot-main\trading_bot.py", line 309, in make_prediction
    probs = model.predict(latest_features) # returns prob of class 1
            ^^^^^^^^^^^^^^^^^^^^^^^^^^^^^^
  File "C:\Users\Hp\Downloads\Forex-bot-main\ai_model.py", line 48, in predict
    return self.model.predict_proba(X)[:, 1]
           ^^^^^^^^^^^^^^^^^^^^^^^^^^^
  File "C:\Users\Hp\AppData\Local\Programs\Python\Python311\Lib\site-packages\xgboost\sklearn.py", line 1921, in predict_proba
    class_probs = super().predict(
                  ^^^^^^^^^^^^^^^^
  File "C:\Users\Hp\AppData\Local\Programs\Python\Python311\Lib\site-packages\xgboost\core.py", line 774, in inner_f
    return func(**kwargs)
           ^^^^^^^^^^^^^^
  File "C:\Users\Hp\AppData\Local\Programs\Python\Python311\Lib\site-packages\xgboost\sklearn.py", line 1446, in predict
    predts = self.get_booster().inplace_predict(
             ^^^^^^^^^^^^^^^^^^^^^^^^^^^^^^^^^^^
  File "C:\Users\Hp\AppData\Local\Programs\Python\Python311\Lib\site-packages\xgboost\core.py", line 774, in inner_f
    return func(**kwargs)
           ^^^^^^^^^^^^^^
  File "C:\Users\Hp\AppData\Local\Programs\Python\Python311\Lib\site-packages\xgboost\core.py", line 2854, in inplace_predict
    self._validate_features(fns)
  File "C:\Users\Hp\AppData\Local\Programs\Python\Python311\Lib\site-packages\xgboost\core.py", line 3431, in _validate_features
    raise ValueError(msg.format(self.feature_names, feature_names))
ValueError: feature_names mismatch: ['Hour_Sin', 'Hour_Cos', 'Day_Sin', 'Day_Cos', 'SMA_50', 'SMA_200', 'Dist_SMA_50', 'Dist_SMA_200', 'EMA_20', 'Dist_EMA_20', 'ADX', 'ADX_Pos', 'ADX_Neg', 'Efficiency_Ratio', 'RSI', 'ROC', 'Stoch_K', 'Stoch_D', 'BB_Width', 'BB_Pos', 'ATR', 'ATR_Pct', 'VWAP', 'Dist_VWAP', 'SuperTrend_Upper', 'SuperTrend_Lower', 'Dist_ST_Upper', 'Dist_ST_Lower', 'Pivot_Point', 'Pivot_R1', 'Pivot_S1', 'Dist_Pivot', 'Log_Return', 'Return_Lag_1', 'Return_Lag_2', 'Return_Lag_3', 'Return_Lag_5', 'Volume_Change', 'Aroon_Up', 'Aroon_Down', 'Aroon_Osc', 'AO', 'Hist_Vol', 'RVI', 'Fractal_Up', 'Fractal_Down', 'Bars_Since_Fractal_Up', 'Bars_Since_Fractal_Down', 'BB_Upper', 'BB_Lower', 'BB_Mid', 'BB_PctB'] ['Hour_Sin', 'Hour_Cos', 'Day_Sin', 'Day_Cos', 'SMA_50', 'SMA_200', 'Dist_SMA_50', 'Dist_SMA_200', 'EMA_20', 'Dist_EMA_20', 'ADX', 'ADX_Pos', 'ADX_Neg', 'Efficiency_Ratio', 'RSI', 'ROC', 'Stoch_K', 'Stoch_D', 'BB_Width', 'BB_Pos', 'ATR', 'ATR_Pct', 'VWAP', 'Dist_VWAP', 'SuperTrend_Upper', 'SuperTrend_Lower', 'Dist_ST_Upper', 'Dist_ST_Lower', 'Pivot_Point', 'Pivot_R1', 'Pivot_S1', 'Dist_Pivot', 'Log_Return', 'Day_of_Week', 'Return_Lag_1', 'Return_Lag_2', 'Return_Lag_3', 'Return_Lag_5', 'Volume_Change', 'Aroon_Up', 'Aroon_Down', 'Aroon_Osc', 'AO', 'Hist_Vol', 'RVI', 'Fractal_Up', 'Fractal_Down', 'Bars_Since_Fractal_Up', 'Bars_Since_Fractal_Down', 'BB_Upper', 'BB_Lower', 'BB_Mid', 'BB_PctB']
training data did not have the following fields: Day_of_Week

2026-01-13 10:49:22 | ERROR    | trading_bot | Critical Loop Error: unsupported format string passed to NoneType.__format__
2026-01-13 10:49:27 | ERROR    | trading_bot | Traceback (most recent call last):
  File "C:\Users\Hp\Downloads\Forex-bot-main\trading_bot.py", line 309, in make_prediction
    probs = model.predict(latest_features) # returns prob of class 1
            ^^^^^^^^^^^^^^^^^^^^^^^^^^^^^^
  File "C:\Users\Hp\Downloads\Forex-bot-main\ai_model.py", line 48, in predict
    return self.model.predict_proba(X)[:, 1]
           ^^^^^^^^^^^^^^^^^^^^^^^^^^^
  File "C:\Users\Hp\AppData\Local\Programs\Python\Python311\Lib\site-packages\xgboost\sklearn.py", line 1921, in predict_proba
    class_probs = super().predict(
                  ^^^^^^^^^^^^^^^^
  File "C:\Users\Hp\AppData\Local\Programs\Python\Python311\Lib\site-packages\xgboost\core.py", line 774, in inner_f
    return func(**kwargs)
           ^^^^^^^^^^^^^^
  File "C:\Users\Hp\AppData\Local\Programs\Python\Python311\Lib\site-packages\xgboost\sklearn.py", line 1446, in predict
    predts = self.get_booster().inplace_predict(
             ^^^^^^^^^^^^^^^^^^^^^^^^^^^^^^^^^^^
  File "C:\Users\Hp\AppData\Local\Programs\Python\Python311\Lib\site-packages\xgboost\core.py", line 774, in inner_f
    return func(**kwargs)
           ^^^^^^^^^^^^^^
  File "C:\Users\Hp\AppData\Local\Programs\Python\Python311\Lib\site-packages\xgboost\core.py", line 2854, in inplace_predict
    self._validate_features(fns)
  File "C:\Users\Hp\AppData\Local\Programs\Python\Python311\Lib\site-packages\xgboost\core.py", line 3431, in _validate_features
    raise ValueError(msg.format(self.feature_names, feature_names))
ValueError: feature_names mismatch: ['Hour_Sin', 'Hour_Cos', 'Day_Sin', 'Day_Cos', 'SMA_50', 'SMA_200', 'Dist_SMA_50', 'Dist_SMA_200', 'EMA_20', 'Dist_EMA_20', 'ADX', 'ADX_Pos', 'ADX_Neg', 'Efficiency_Ratio', 'RSI', 'ROC', 'Stoch_K', 'Stoch_D', 'BB_Width', 'BB_Pos', 'ATR', 'ATR_Pct', 'VWAP', 'Dist_VWAP', 'SuperTrend_Upper', 'SuperTrend_Lower', 'Dist_ST_Upper', 'Dist_ST_Lower', 'Pivot_Point', 'Pivot_R1', 'Pivot_S1', 'Dist_Pivot', 'Log_Return', 'Return_Lag_1', 'Return_Lag_2', 'Return_Lag_3', 'Return_Lag_5', 'Volume_Change', 'Aroon_Up', 'Aroon_Down', 'Aroon_Osc', 'AO', 'Hist_Vol', 'RVI', 'Fractal_Up', 'Fractal_Down', 'Bars_Since_Fractal_Up', 'Bars_Since_Fractal_Down', 'BB_Upper', 'BB_Lower', 'BB_Mid', 'BB_PctB'] ['Hour_Sin', 'Hour_Cos', 'Day_Sin', 'Day_Cos', 'SMA_50', 'SMA_200', 'Dist_SMA_50', 'Dist_SMA_200', 'EMA_20', 'Dist_EMA_20', 'ADX', 'ADX_Pos', 'ADX_Neg', 'Efficiency_Ratio', 'RSI', 'ROC', 'Stoch_K', 'Stoch_D', 'BB_Width', 'BB_Pos', 'ATR', 'ATR_Pct', 'VWAP', 'Dist_VWAP', 'SuperTrend_Upper', 'SuperTrend_Lower', 'Dist_ST_Upper', 'Dist_ST_Lower', 'Pivot_Point', 'Pivot_R1', 'Pivot_S1', 'Dist_Pivot', 'Log_Return', 'Day_of_Week', 'Return_Lag_1', 'Return_Lag_2', 'Return_Lag_3', 'Return_Lag_5', 'Volume_Change', 'Aroon_Up', 'Aroon_Down', 'Aroon_Osc', 'AO', 'Hist_Vol', 'RVI', 'Fractal_Up', 'Fractal_Down', 'Bars_Since_Fractal_Up', 'Bars_Since_Fractal_Down', 'BB_Upper', 'BB_Lower', 'BB_Mid', 'BB_PctB']
training data did not have the following fields: Day_of_Week

2026-01-13 10:49:27 | ERROR    | trading_bot | Critical Loop Error: unsupported format string passed to NoneType.__format__
2026-01-13 10:49:33 | ERROR    | trading_bot | Traceback (most recent call last):
  File "C:\Users\Hp\Downloads\Forex-bot-main\trading_bot.py", line 309, in make_prediction
    probs = model.predict(latest_features) # returns prob of class 1
            ^^^^^^^^^^^^^^^^^^^^^^^^^^^^^^
  File "C:\Users\Hp\Downloads\Forex-bot-main\ai_model.py", line 48, in predict
    return self.model.predict_proba(X)[:, 1]
           ^^^^^^^^^^^^^^^^^^^^^^^^^^^
  File "C:\Users\Hp\AppData\Local\Programs\Python\Python311\Lib\site-packages\xgboost\sklearn.py", line 1921, in predict_proba
    class_probs = super().predict(
                  ^^^^^^^^^^^^^^^^
  File "C:\Users\Hp\AppData\Local\Programs\Python\Python311\Lib\site-packages\xgboost\core.py", line 774, in inner_f
    return func(**kwargs)
           ^^^^^^^^^^^^^^
  File "C:\Users\Hp\AppData\Local\Programs\Python\Python311\Lib\site-packages\xgboost\sklearn.py", line 1446, in predict
    predts = self.get_booster().inplace_predict(
             ^^^^^^^^^^^^^^^^^^^^^^^^^^^^^^^^^^^
  File "C:\Users\Hp\AppData\Local\Programs\Python\Python311\Lib\site-packages\xgboost\core.py", line 774, in inner_f
    return func(**kwargs)
           ^^^^^^^^^^^^^^
  File "C:\Users\Hp\AppData\Local\Programs\Python\Python311\Lib\site-packages\xgboost\core.py", line 2854, in inplace_predict
    self._validate_features(fns)
  File "C:\Users\Hp\AppData\Local\Programs\Python\Python311\Lib\site-packages\xgboost\core.py", line 3431, in _validate_features
    raise ValueError(msg.format(self.feature_names, feature_names))
ValueError: feature_names mismatch: ['Hour_Sin', 'Hour_Cos', 'Day_Sin', 'Day_Cos', 'SMA_50', 'SMA_200', 'Dist_SMA_50', 'Dist_SMA_200', 'EMA_20', 'Dist_EMA_20', 'ADX', 'ADX_Pos', 'ADX_Neg', 'Efficiency_Ratio', 'RSI', 'ROC', 'Stoch_K', 'Stoch_D', 'BB_Width', 'BB_Pos', 'ATR', 'ATR_Pct', 'VWAP', 'Dist_VWAP', 'SuperTrend_Upper', 'SuperTrend_Lower', 'Dist_ST_Upper', 'Dist_ST_Lower', 'Pivot_Point', 'Pivot_R1', 'Pivot_S1', 'Dist_Pivot', 'Log_Return', 'Return_Lag_1', 'Return_Lag_2', 'Return_Lag_3', 'Return_Lag_5', 'Volume_Change', 'Aroon_Up', 'Aroon_Down', 'Aroon_Osc', 'AO', 'Hist_Vol', 'RVI', 'Fractal_Up', 'Fractal_Down', 'Bars_Since_Fractal_Up', 'Bars_Since_Fractal_Down', 'BB_Upper', 'BB_Lower', 'BB_Mid', 'BB_PctB'] ['Hour_Sin', 'Hour_Cos', 'Day_Sin', 'Day_Cos', 'SMA_50', 'SMA_200', 'Dist_SMA_50', 'Dist_SMA_200', 'EMA_20', 'Dist_EMA_20', 'ADX', 'ADX_Pos', 'ADX_Neg', 'Efficiency_Ratio', 'RSI', 'ROC', 'Stoch_K', 'Stoch_D', 'BB_Width', 'BB_Pos', 'ATR', 'ATR_Pct', 'VWAP', 'Dist_VWAP', 'SuperTrend_Upper', 'SuperTrend_Lower', 'Dist_ST_Upper', 'Dist_ST_Lower', 'Pivot_Point', 'Pivot_R1', 'Pivot_S1', 'Dist_Pivot', 'Log_Return', 'Day_of_Week', 'Return_Lag_1', 'Return_Lag_2', 'Return_Lag_3', 'Return_Lag_5', 'Volume_Change', 'Aroon_Up', 'Aroon_Down', 'Aroon_Osc', 'AO', 'Hist_Vol', 'RVI', 'Fractal_Up', 'Fractal_Down', 'Bars_Since_Fractal_Up', 'Bars_Since_Fractal_Down', 'BB_Upper', 'BB_Lower', 'BB_Mid', 'BB_PctB']
training data did not have the following fields: Day_of_Week

2026-01-13 10:49:33 | ERROR    | trading_bot | Critical Loop Error: unsupported format string passed to NoneType.__format__
2026-01-13 10:49:38 | ERROR    | trading_bot | Traceback (most recent call last):
  File "C:\Users\Hp\Downloads\Forex-bot-main\trading_bot.py", line 309, in make_prediction
    probs = model.predict(latest_features) # returns prob of class 1
            ^^^^^^^^^^^^^^^^^^^^^^^^^^^^^^
  File "C:\Users\Hp\Downloads\Forex-bot-main\ai_model.py", line 48, in predict
    return self.model.predict_proba(X)[:, 1]
           ^^^^^^^^^^^^^^^^^^^^^^^^^^^
  File "C:\Users\Hp\AppData\Local\Programs\Python\Python311\Lib\site-packages\xgboost\sklearn.py", line 1921, in predict_proba
    class_probs = super().predict(
                  ^^^^^^^^^^^^^^^^
  File "C:\Users\Hp\AppData\Local\Programs\Python\Python311\Lib\site-packages\xgboost\core.py", line 774, in inner_f
    return func(**kwargs)
           ^^^^^^^^^^^^^^
  File "C:\Users\Hp\AppData\Local\Programs\Python\Python311\Lib\site-packages\xgboost\sklearn.py", line 1446, in predict
    predts = self.get_booster().inplace_predict(
             ^^^^^^^^^^^^^^^^^^^^^^^^^^^^^^^^^^^
  File "C:\Users\Hp\AppData\Local\Programs\Python\Python311\Lib\site-packages\xgboost\core.py", line 774, in inner_f
    return func(**kwargs)
           ^^^^^^^^^^^^^^
  File "C:\Users\Hp\AppData\Local\Programs\Python\Python311\Lib\site-packages\xgboost\core.py", line 2854, in inplace_predict
    self._validate_features(fns)
  File "C:\Users\Hp\AppData\Local\Programs\Python\Python311\Lib\site-packages\xgboost\core.py", line 3431, in _validate_features
    raise ValueError(msg.format(self.feature_names, feature_names))
ValueError: feature_names mismatch: ['Hour_Sin', 'Hour_Cos', 'Day_Sin', 'Day_Cos', 'SMA_50', 'SMA_200', 'Dist_SMA_50', 'Dist_SMA_200', 'EMA_20', 'Dist_EMA_20', 'ADX', 'ADX_Pos', 'ADX_Neg', 'Efficiency_Ratio', 'RSI', 'ROC', 'Stoch_K', 'Stoch_D', 'BB_Width', 'BB_Pos', 'ATR', 'ATR_Pct', 'VWAP', 'Dist_VWAP', 'SuperTrend_Upper', 'SuperTrend_Lower', 'Dist_ST_Upper', 'Dist_ST_Lower', 'Pivot_Point', 'Pivot_R1', 'Pivot_S1', 'Dist_Pivot', 'Log_Return', 'Return_Lag_1', 'Return_Lag_2', 'Return_Lag_3', 'Return_Lag_5', 'Volume_Change', 'Aroon_Up', 'Aroon_Down', 'Aroon_Osc', 'AO', 'Hist_Vol', 'RVI', 'Fractal_Up', 'Fractal_Down', 'Bars_Since_Fractal_Up', 'Bars_Since_Fractal_Down', 'BB_Upper', 'BB_Lower', 'BB_Mid', 'BB_PctB'] ['Hour_Sin', 'Hour_Cos', 'Day_Sin', 'Day_Cos', 'SMA_50', 'SMA_200', 'Dist_SMA_50', 'Dist_SMA_200', 'EMA_20', 'Dist_EMA_20', 'ADX', 'ADX_Pos', 'ADX_Neg', 'Efficiency_Ratio', 'RSI', 'ROC', 'Stoch_K', 'Stoch_D', 'BB_Width', 'BB_Pos', 'ATR', 'ATR_Pct', 'VWAP', 'Dist_VWAP', 'SuperTrend_Upper', 'SuperTrend_Lower', 'Dist_ST_Upper', 'Dist_ST_Lower', 'Pivot_Point', 'Pivot_R1', 'Pivot_S1', 'Dist_Pivot', 'Log_Return', 'Day_of_Week', 'Return_Lag_1', 'Return_Lag_2', 'Return_Lag_3', 'Return_Lag_5', 'Volume_Change', 'Aroon_Up', 'Aroon_Down', 'Aroon_Osc', 'AO', 'Hist_Vol', 'RVI', 'Fractal_Up', 'Fractal_Down', 'Bars_Since_Fractal_Up', 'Bars_Since_Fractal_Down', 'BB_Upper', 'BB_Lower', 'BB_Mid', 'BB_PctB']
training data did not have the following fields: Day_of_Week

2026-01-13 10:49:38 | ERROR    | trading_bot | Critical Loop Error: unsupported format string passed to NoneType.__format__
2026-01-13 10:49:43 | ERROR    | trading_bot | Traceback (most recent call last):
  File "C:\Users\Hp\Downloads\Forex-bot-main\trading_bot.py", line 309, in make_prediction
    probs = model.predict(latest_features) # returns prob of class 1
            ^^^^^^^^^^^^^^^^^^^^^^^^^^^^^^
  File "C:\Users\Hp\Downloads\Forex-bot-main\ai_model.py", line 48, in predict
    return self.model.predict_proba(X)[:, 1]
           ^^^^^^^^^^^^^^^^^^^^^^^^^^^
  File "C:\Users\Hp\AppData\Local\Programs\Python\Python311\Lib\site-packages\xgboost\sklearn.py", line 1921, in predict_proba
    class_probs = super().predict(
                  ^^^^^^^^^^^^^^^^
  File "C:\Users\Hp\AppData\Local\Programs\Python\Python311\Lib\site-packages\xgboost\core.py", line 774, in inner_f
    return func(**kwargs)
           ^^^^^^^^^^^^^^
  File "C:\Users\Hp\AppData\Local\Programs\Python\Python311\Lib\site-packages\xgboost\sklearn.py", line 1446, in predict
    predts = self.get_booster().inplace_predict(
             ^^^^^^^^^^^^^^^^^^^^^^^^^^^^^^^^^^^
  File "C:\Users\Hp\AppData\Local\Programs\Python\Python311\Lib\site-packages\xgboost\core.py", line 774, in inner_f
    return func(**kwargs)
           ^^^^^^^^^^^^^^
  File "C:\Users\Hp\AppData\Local\Programs\Python\Python311\Lib\site-packages\xgboost\core.py", line 2854, in inplace_predict
    self._validate_features(fns)
  File "C:\Users\Hp\AppData\Local\Programs\Python\Python311\Lib\site-packages\xgboost\core.py", line 3431, in _validate_features
    raise ValueError(msg.format(self.feature_names, feature_names))
ValueError: feature_names mismatch: ['Hour_Sin', 'Hour_Cos', 'Day_Sin', 'Day_Cos', 'SMA_50', 'SMA_200', 'Dist_SMA_50', 'Dist_SMA_200', 'EMA_20', 'Dist_EMA_20', 'ADX', 'ADX_Pos', 'ADX_Neg', 'Efficiency_Ratio', 'RSI', 'ROC', 'Stoch_K', 'Stoch_D', 'BB_Width', 'BB_Pos', 'ATR', 'ATR_Pct', 'VWAP', 'Dist_VWAP', 'SuperTrend_Upper', 'SuperTrend_Lower', 'Dist_ST_Upper', 'Dist_ST_Lower', 'Pivot_Point', 'Pivot_R1', 'Pivot_S1', 'Dist_Pivot', 'Log_Return', 'Return_Lag_1', 'Return_Lag_2', 'Return_Lag_3', 'Return_Lag_5', 'Volume_Change', 'Aroon_Up', 'Aroon_Down', 'Aroon_Osc', 'AO', 'Hist_Vol', 'RVI', 'Fractal_Up', 'Fractal_Down', 'Bars_Since_Fractal_Up', 'Bars_Since_Fractal_Down', 'BB_Upper', 'BB_Lower', 'BB_Mid', 'BB_PctB'] ['Hour_Sin', 'Hour_Cos', 'Day_Sin', 'Day_Cos', 'SMA_50', 'SMA_200', 'Dist_SMA_50', 'Dist_SMA_200', 'EMA_20', 'Dist_EMA_20', 'ADX', 'ADX_Pos', 'ADX_Neg', 'Efficiency_Ratio', 'RSI', 'ROC', 'Stoch_K', 'Stoch_D', 'BB_Width', 'BB_Pos', 'ATR', 'ATR_Pct', 'VWAP', 'Dist_VWAP', 'SuperTrend_Upper', 'SuperTrend_Lower', 'Dist_ST_Upper', 'Dist_ST_Lower', 'Pivot_Point', 'Pivot_R1', 'Pivot_S1', 'Dist_Pivot', 'Log_Return', 'Day_of_Week', 'Return_Lag_1', 'Return_Lag_2', 'Return_Lag_3', 'Return_Lag_5', 'Volume_Change', 'Aroon_Up', 'Aroon_Down', 'Aroon_Osc', 'AO', 'Hist_Vol', 'RVI', 'Fractal_Up', 'Fractal_Down', 'Bars_Since_Fractal_Up', 'Bars_Since_Fractal_Down', 'BB_Upper', 'BB_Lower', 'BB_Mid', 'BB_PctB']
training data did not have the following fields: Day_of_Week

2026-01-13 10:49:43 | ERROR    | trading_bot | Critical Loop Error: unsupported format string passed to NoneType.__format__
2026-01-13 10:49:49 | ERROR    | trading_bot | Traceback (most recent call last):
  File "C:\Users\Hp\Downloads\Forex-bot-main\trading_bot.py", line 309, in make_prediction
    probs = model.predict(latest_features) # returns prob of class 1
            ^^^^^^^^^^^^^^^^^^^^^^^^^^^^^^
  File "C:\Users\Hp\Downloads\Forex-bot-main\ai_model.py", line 48, in predict
    return self.model.predict_proba(X)[:, 1]
           ^^^^^^^^^^^^^^^^^^^^^^^^^^^
  File "C:\Users\Hp\AppData\Local\Programs\Python\Python311\Lib\site-packages\xgboost\sklearn.py", line 1921, in predict_proba
    class_probs = super().predict(
                  ^^^^^^^^^^^^^^^^
  File "C:\Users\Hp\AppData\Local\Programs\Python\Python311\Lib\site-packages\xgboost\core.py", line 774, in inner_f
    return func(**kwargs)
           ^^^^^^^^^^^^^^
  File "C:\Users\Hp\AppData\Local\Programs\Python\Python311\Lib\site-packages\xgboost\sklearn.py", line 1446, in predict
    predts = self.get_booster().inplace_predict(
             ^^^^^^^^^^^^^^^^^^^^^^^^^^^^^^^^^^^
  File "C:\Users\Hp\AppData\Local\Programs\Python\Python311\Lib\site-packages\xgboost\core.py", line 774, in inner_f
    return func(**kwargs)
           ^^^^^^^^^^^^^^
  File "C:\Users\Hp\AppData\Local\Programs\Python\Python311\Lib\site-packages\xgboost\core.py", line 2854, in inplace_predict
    self._validate_features(fns)
  File "C:\Users\Hp\AppData\Local\Programs\Python\Python311\Lib\site-packages\xgboost\core.py", line 3431, in _validate_features
    raise ValueError(msg.format(self.feature_names, feature_names))
ValueError: feature_names mismatch: ['Hour_Sin', 'Hour_Cos', 'Day_Sin', 'Day_Cos', 'SMA_50', 'SMA_200', 'Dist_SMA_50', 'Dist_SMA_200', 'EMA_20', 'Dist_EMA_20', 'ADX', 'ADX_Pos', 'ADX_Neg', 'Efficiency_Ratio', 'RSI', 'ROC', 'Stoch_K', 'Stoch_D', 'BB_Width', 'BB_Pos', 'ATR', 'ATR_Pct', 'VWAP', 'Dist_VWAP', 'SuperTrend_Upper', 'SuperTrend_Lower', 'Dist_ST_Upper', 'Dist_ST_Lower', 'Pivot_Point', 'Pivot_R1', 'Pivot_S1', 'Dist_Pivot', 'Log_Return', 'Return_Lag_1', 'Return_Lag_2', 'Return_Lag_3', 'Return_Lag_5', 'Volume_Change', 'Aroon_Up', 'Aroon_Down', 'Aroon_Osc', 'AO', 'Hist_Vol', 'RVI', 'Fractal_Up', 'Fractal_Down', 'Bars_Since_Fractal_Up', 'Bars_Since_Fractal_Down', 'BB_Upper', 'BB_Lower', 'BB_Mid', 'BB_PctB'] ['Hour_Sin', 'Hour_Cos', 'Day_Sin', 'Day_Cos', 'SMA_50', 'SMA_200', 'Dist_SMA_50', 'Dist_SMA_200', 'EMA_20', 'Dist_EMA_20', 'ADX', 'ADX_Pos', 'ADX_Neg', 'Efficiency_Ratio', 'RSI', 'ROC', 'Stoch_K', 'Stoch_D', 'BB_Width', 'BB_Pos', 'ATR', 'ATR_Pct', 'VWAP', 'Dist_VWAP', 'SuperTrend_Upper', 'SuperTrend_Lower', 'Dist_ST_Upper', 'Dist_ST_Lower', 'Pivot_Point', 'Pivot_R1', 'Pivot_S1', 'Dist_Pivot', 'Log_Return', 'Day_of_Week', 'Return_Lag_1', 'Return_Lag_2', 'Return_Lag_3', 'Return_Lag_5', 'Volume_Change', 'Aroon_Up', 'Aroon_Down', 'Aroon_Osc', 'AO', 'Hist_Vol', 'RVI', 'Fractal_Up', 'Fractal_Down', 'Bars_Since_Fractal_Up', 'Bars_Since_Fractal_Down', 'BB_Upper', 'BB_Lower', 'BB_Mid', 'BB_PctB']
training data did not have the following fields: Day_of_Week

2026-01-13 10:49:49 | ERROR    | trading_bot | Critical Loop Error: unsupported format string passed to NoneType.__format__
2026-01-13 10:49:54 | ERROR    | trading_bot | Traceback (most recent call last):
  File "C:\Users\Hp\Downloads\Forex-bot-main\trading_bot.py", line 309, in make_prediction
    probs = model.predict(latest_features) # returns prob of class 1
            ^^^^^^^^^^^^^^^^^^^^^^^^^^^^^^
  File "C:\Users\Hp\Downloads\Forex-bot-main\ai_model.py", line 48, in predict
    return self.model.predict_proba(X)[:, 1]
           ^^^^^^^^^^^^^^^^^^^^^^^^^^^
  File "C:\Users\Hp\AppData\Local\Programs\Python\Python311\Lib\site-packages\xgboost\sklearn.py", line 1921, in predict_proba
    class_probs = super().predict(
                  ^^^^^^^^^^^^^^^^
  File "C:\Users\Hp\AppData\Local\Programs\Python\Python311\Lib\site-packages\xgboost\core.py", line 774, in inner_f
    return func(**kwargs)
           ^^^^^^^^^^^^^^
  File "C:\Users\Hp\AppData\Local\Programs\Python\Python311\Lib\site-packages\xgboost\sklearn.py", line 1446, in predict
    predts = self.get_booster().inplace_predict(
             ^^^^^^^^^^^^^^^^^^^^^^^^^^^^^^^^^^^
  File "C:\Users\Hp\AppData\Local\Programs\Python\Python311\Lib\site-packages\xgboost\core.py", line 774, in inner_f
    return func(**kwargs)
           ^^^^^^^^^^^^^^
  File "C:\Users\Hp\AppData\Local\Programs\Python\Python311\Lib\site-packages\xgboost\core.py", line 2854, in inplace_predict
    self._validate_features(fns)
  File "C:\Users\Hp\AppData\Local\Programs\Python\Python311\Lib\site-packages\xgboost\core.py", line 3431, in _validate_features
    raise ValueError(msg.format(self.feature_names, feature_names))
ValueError: feature_names mismatch: ['Hour_Sin', 'Hour_Cos', 'Day_Sin', 'Day_Cos', 'SMA_50', 'SMA_200', 'Dist_SMA_50', 'Dist_SMA_200', 'EMA_20', 'Dist_EMA_20', 'ADX', 'ADX_Pos', 'ADX_Neg', 'Efficiency_Ratio', 'RSI', 'ROC', 'Stoch_K', 'Stoch_D', 'BB_Width', 'BB_Pos', 'ATR', 'ATR_Pct', 'VWAP', 'Dist_VWAP', 'SuperTrend_Upper', 'SuperTrend_Lower', 'Dist_ST_Upper', 'Dist_ST_Lower', 'Pivot_Point', 'Pivot_R1', 'Pivot_S1', 'Dist_Pivot', 'Log_Return', 'Return_Lag_1', 'Return_Lag_2', 'Return_Lag_3', 'Return_Lag_5', 'Volume_Change', 'Aroon_Up', 'Aroon_Down', 'Aroon_Osc', 'AO', 'Hist_Vol', 'RVI', 'Fractal_Up', 'Fractal_Down', 'Bars_Since_Fractal_Up', 'Bars_Since_Fractal_Down', 'BB_Upper', 'BB_Lower', 'BB_Mid', 'BB_PctB'] ['Hour_Sin', 'Hour_Cos', 'Day_Sin', 'Day_Cos', 'SMA_50', 'SMA_200', 'Dist_SMA_50', 'Dist_SMA_200', 'EMA_20', 'Dist_EMA_20', 'ADX', 'ADX_Pos', 'ADX_Neg', 'Efficiency_Ratio', 'RSI', 'ROC', 'Stoch_K', 'Stoch_D', 'BB_Width', 'BB_Pos', 'ATR', 'ATR_Pct', 'VWAP', 'Dist_VWAP', 'SuperTrend_Upper', 'SuperTrend_Lower', 'Dist_ST_Upper', 'Dist_ST_Lower', 'Pivot_Point', 'Pivot_R1', 'Pivot_S1', 'Dist_Pivot', 'Log_Return', 'Day_of_Week', 'Return_Lag_1', 'Return_Lag_2', 'Return_Lag_3', 'Return_Lag_5', 'Volume_Change', 'Aroon_Up', 'Aroon_Down', 'Aroon_Osc', 'AO', 'Hist_Vol', 'RVI', 'Fractal_Up', 'Fractal_Down', 'Bars_Since_Fractal_Up', 'Bars_Since_Fractal_Down', 'BB_Upper', 'BB_Lower', 'BB_Mid', 'BB_PctB']
training data did not have the following fields: Day_of_Week

2026-01-13 10:49:54 | ERROR    | trading_bot | Critical Loop Error: unsupported format string passed to NoneType.__format__
2026-01-13 10:49:59 | ERROR    | trading_bot | Traceback (most recent call last):
  File "C:\Users\Hp\Downloads\Forex-bot-main\trading_bot.py", line 309, in make_prediction
    probs = model.predict(latest_features) # returns prob of class 1
            ^^^^^^^^^^^^^^^^^^^^^^^^^^^^^^
  File "C:\Users\Hp\Downloads\Forex-bot-main\ai_model.py", line 48, in predict
    return self.model.predict_proba(X)[:, 1]
           ^^^^^^^^^^^^^^^^^^^^^^^^^^^
  File "C:\Users\Hp\AppData\Local\Programs\Python\Python311\Lib\site-packages\xgboost\sklearn.py", line 1921, in predict_proba
    class_probs = super().predict(
                  ^^^^^^^^^^^^^^^^
  File "C:\Users\Hp\AppData\Local\Programs\Python\Python311\Lib\site-packages\xgboost\core.py", line 774, in inner_f
    return func(**kwargs)
           ^^^^^^^^^^^^^^
  File "C:\Users\Hp\AppData\Local\Programs\Python\Python311\Lib\site-packages\xgboost\sklearn.py", line 1446, in predict
    predts = self.get_booster().inplace_predict(
             ^^^^^^^^^^^^^^^^^^^^^^^^^^^^^^^^^^^
  File "C:\Users\Hp\AppData\Local\Programs\Python\Python311\Lib\site-packages\xgboost\core.py", line 774, in inner_f
    return func(**kwargs)
           ^^^^^^^^^^^^^^
  File "C:\Users\Hp\AppData\Local\Programs\Python\Python311\Lib\site-packages\xgboost\core.py", line 2854, in inplace_predict
    self._validate_features(fns)
  File "C:\Users\Hp\AppData\Local\Programs\Python\Python311\Lib\site-packages\xgboost\core.py", line 3431, in _validate_features
    raise ValueError(msg.format(self.feature_names, feature_names))
ValueError: feature_names mismatch: ['Hour_Sin', 'Hour_Cos', 'Day_Sin', 'Day_Cos', 'SMA_50', 'SMA_200', 'Dist_SMA_50', 'Dist_SMA_200', 'EMA_20', 'Dist_EMA_20', 'ADX', 'ADX_Pos', 'ADX_Neg', 'Efficiency_Ratio', 'RSI', 'ROC', 'Stoch_K', 'Stoch_D', 'BB_Width', 'BB_Pos', 'ATR', 'ATR_Pct', 'VWAP', 'Dist_VWAP', 'SuperTrend_Upper', 'SuperTrend_Lower', 'Dist_ST_Upper', 'Dist_ST_Lower', 'Pivot_Point', 'Pivot_R1', 'Pivot_S1', 'Dist_Pivot', 'Log_Return', 'Return_Lag_1', 'Return_Lag_2', 'Return_Lag_3', 'Return_Lag_5', 'Volume_Change', 'Aroon_Up', 'Aroon_Down', 'Aroon_Osc', 'AO', 'Hist_Vol', 'RVI', 'Fractal_Up', 'Fractal_Down', 'Bars_Since_Fractal_Up', 'Bars_Since_Fractal_Down', 'BB_Upper', 'BB_Lower', 'BB_Mid', 'BB_PctB'] ['Hour_Sin', 'Hour_Cos', 'Day_Sin', 'Day_Cos', 'SMA_50', 'SMA_200', 'Dist_SMA_50', 'Dist_SMA_200', 'EMA_20', 'Dist_EMA_20', 'ADX', 'ADX_Pos', 'ADX_Neg', 'Efficiency_Ratio', 'RSI', 'ROC', 'Stoch_K', 'Stoch_D', 'BB_Width', 'BB_Pos', 'ATR', 'ATR_Pct', 'VWAP', 'Dist_VWAP', 'SuperTrend_Upper', 'SuperTrend_Lower', 'Dist_ST_Upper', 'Dist_ST_Lower', 'Pivot_Point', 'Pivot_R1', 'Pivot_S1', 'Dist_Pivot', 'Log_Return', 'Day_of_Week', 'Return_Lag_1', 'Return_Lag_2', 'Return_Lag_3', 'Return_Lag_5', 'Volume_Change', 'Aroon_Up', 'Aroon_Down', 'Aroon_Osc', 'AO', 'Hist_Vol', 'RVI', 'Fractal_Up', 'Fractal_Down', 'Bars_Since_Fractal_Up', 'Bars_Since_Fractal_Down', 'BB_Upper', 'BB_Lower', 'BB_Mid', 'BB_PctB']
training data did not have the following fields: Day_of_Week

2026-01-13 10:49:59 | ERROR    | trading_bot | Critical Loop Error: unsupported format string passed to NoneType.__format__
2026-01-13 10:50:05 | ERROR    | trading_bot | Traceback (most recent call last):
  File "C:\Users\Hp\Downloads\Forex-bot-main\trading_bot.py", line 309, in make_prediction
    probs = model.predict(latest_features) # returns prob of class 1
            ^^^^^^^^^^^^^^^^^^^^^^^^^^^^^^
  File "C:\Users\Hp\Downloads\Forex-bot-main\ai_model.py", line 48, in predict
    return self.model.predict_proba(X)[:, 1]
           ^^^^^^^^^^^^^^^^^^^^^^^^^^^
  File "C:\Users\Hp\AppData\Local\Programs\Python\Python311\Lib\site-packages\xgboost\sklearn.py", line 1921, in predict_proba
    class_probs = super().predict(
                  ^^^^^^^^^^^^^^^^
  File "C:\Users\Hp\AppData\Local\Programs\Python\Python311\Lib\site-packages\xgboost\core.py", line 774, in inner_f
    return func(**kwargs)
           ^^^^^^^^^^^^^^
  File "C:\Users\Hp\AppData\Local\Programs\Python\Python311\Lib\site-packages\xgboost\sklearn.py", line 1446, in predict
    predts = self.get_booster().inplace_predict(
             ^^^^^^^^^^^^^^^^^^^^^^^^^^^^^^^^^^^
  File "C:\Users\Hp\AppData\Local\Programs\Python\Python311\Lib\site-packages\xgboost\core.py", line 774, in inner_f
    return func(**kwargs)
           ^^^^^^^^^^^^^^
  File "C:\Users\Hp\AppData\Local\Programs\Python\Python311\Lib\site-packages\xgboost\core.py", line 2854, in inplace_predict
    self._validate_features(fns)
  File "C:\Users\Hp\AppData\Local\Programs\Python\Python311\Lib\site-packages\xgboost\core.py", line 3431, in _validate_features
    raise ValueError(msg.format(self.feature_names, feature_names))
ValueError: feature_names mismatch: ['Hour_Sin', 'Hour_Cos', 'Day_Sin', 'Day_Cos', 'SMA_50', 'SMA_200', 'Dist_SMA_50', 'Dist_SMA_200', 'EMA_20', 'Dist_EMA_20', 'ADX', 'ADX_Pos', 'ADX_Neg', 'Efficiency_Ratio', 'RSI', 'ROC', 'Stoch_K', 'Stoch_D', 'BB_Width', 'BB_Pos', 'ATR', 'ATR_Pct', 'VWAP', 'Dist_VWAP', 'SuperTrend_Upper', 'SuperTrend_Lower', 'Dist_ST_Upper', 'Dist_ST_Lower', 'Pivot_Point', 'Pivot_R1', 'Pivot_S1', 'Dist_Pivot', 'Log_Return', 'Return_Lag_1', 'Return_Lag_2', 'Return_Lag_3', 'Return_Lag_5', 'Volume_Change', 'Aroon_Up', 'Aroon_Down', 'Aroon_Osc', 'AO', 'Hist_Vol', 'RVI', 'Fractal_Up', 'Fractal_Down', 'Bars_Since_Fractal_Up', 'Bars_Since_Fractal_Down', 'BB_Upper', 'BB_Lower', 'BB_Mid', 'BB_PctB'] ['Hour_Sin', 'Hour_Cos', 'Day_Sin', 'Day_Cos', 'SMA_50', 'SMA_200', 'Dist_SMA_50', 'Dist_SMA_200', 'EMA_20', 'Dist_EMA_20', 'ADX', 'ADX_Pos', 'ADX_Neg', 'Efficiency_Ratio', 'RSI', 'ROC', 'Stoch_K', 'Stoch_D', 'BB_Width', 'BB_Pos', 'ATR', 'ATR_Pct', 'VWAP', 'Dist_VWAP', 'SuperTrend_Upper', 'SuperTrend_Lower', 'Dist_ST_Upper', 'Dist_ST_Lower', 'Pivot_Point', 'Pivot_R1', 'Pivot_S1', 'Dist_Pivot', 'Log_Return', 'Day_of_Week', 'Return_Lag_1', 'Return_Lag_2', 'Return_Lag_3', 'Return_Lag_5', 'Volume_Change', 'Aroon_Up', 'Aroon_Down', 'Aroon_Osc', 'AO', 'Hist_Vol', 'RVI', 'Fractal_Up', 'Fractal_Down', 'Bars_Since_Fractal_Up', 'Bars_Since_Fractal_Down', 'BB_Upper', 'BB_Lower', 'BB_Mid', 'BB_PctB']
training data did not have the following fields: Day_of_Week

2026-01-13 10:50:05 | ERROR    | trading_bot | Critical Loop Error: unsupported format string passed to NoneType.__format__
2026-01-13 10:50:11 | ERROR    | trading_bot | Traceback (most recent call last):
  File "C:\Users\Hp\Downloads\Forex-bot-main\trading_bot.py", line 309, in make_prediction
    probs = model.predict(latest_features) # returns prob of class 1
            ^^^^^^^^^^^^^^^^^^^^^^^^^^^^^^
  File "C:\Users\Hp\Downloads\Forex-bot-main\ai_model.py", line 48, in predict
    return self.model.predict_proba(X)[:, 1]
           ^^^^^^^^^^^^^^^^^^^^^^^^^^^
  File "C:\Users\Hp\AppData\Local\Programs\Python\Python311\Lib\site-packages\xgboost\sklearn.py", line 1921, in predict_proba
    class_probs = super().predict(
                  ^^^^^^^^^^^^^^^^
  File "C:\Users\Hp\AppData\Local\Programs\Python\Python311\Lib\site-packages\xgboost\core.py", line 774, in inner_f
    return func(**kwargs)
           ^^^^^^^^^^^^^^
  File "C:\Users\Hp\AppData\Local\Programs\Python\Python311\Lib\site-packages\xgboost\sklearn.py", line 1446, in predict
    predts = self.get_booster().inplace_predict(
             ^^^^^^^^^^^^^^^^^^^^^^^^^^^^^^^^^^^
  File "C:\Users\Hp\AppData\Local\Programs\Python\Python311\Lib\site-packages\xgboost\core.py", line 774, in inner_f
    return func(**kwargs)
           ^^^^^^^^^^^^^^
  File "C:\Users\Hp\AppData\Local\Programs\Python\Python311\Lib\site-packages\xgboost\core.py", line 2854, in inplace_predict
    self._validate_features(fns)
  File "C:\Users\Hp\AppData\Local\Programs\Python\Python311\Lib\site-packages\xgboost\core.py", line 3431, in _validate_features
    raise ValueError(msg.format(self.feature_names, feature_names))
ValueError: feature_names mismatch: ['Hour_Sin', 'Hour_Cos', 'Day_Sin', 'Day_Cos', 'SMA_50', 'SMA_200', 'Dist_SMA_50', 'Dist_SMA_200', 'EMA_20', 'Dist_EMA_20', 'ADX', 'ADX_Pos', 'ADX_Neg', 'Efficiency_Ratio', 'RSI', 'ROC', 'Stoch_K', 'Stoch_D', 'BB_Width', 'BB_Pos', 'ATR', 'ATR_Pct', 'VWAP', 'Dist_VWAP', 'SuperTrend_Upper', 'SuperTrend_Lower', 'Dist_ST_Upper', 'Dist_ST_Lower', 'Pivot_Point', 'Pivot_R1', 'Pivot_S1', 'Dist_Pivot', 'Log_Return', 'Return_Lag_1', 'Return_Lag_2', 'Return_Lag_3', 'Return_Lag_5', 'Volume_Change', 'Aroon_Up', 'Aroon_Down', 'Aroon_Osc', 'AO', 'Hist_Vol', 'RVI', 'Fractal_Up', 'Fractal_Down', 'Bars_Since_Fractal_Up', 'Bars_Since_Fractal_Down', 'BB_Upper', 'BB_Lower', 'BB_Mid', 'BB_PctB'] ['Hour_Sin', 'Hour_Cos', 'Day_Sin', 'Day_Cos', 'SMA_50', 'SMA_200', 'Dist_SMA_50', 'Dist_SMA_200', 'EMA_20', 'Dist_EMA_20', 'ADX', 'ADX_Pos', 'ADX_Neg', 'Efficiency_Ratio', 'RSI', 'ROC', 'Stoch_K', 'Stoch_D', 'BB_Width', 'BB_Pos', 'ATR', 'ATR_Pct', 'VWAP', 'Dist_VWAP', 'SuperTrend_Upper', 'SuperTrend_Lower', 'Dist_ST_Upper', 'Dist_ST_Lower', 'Pivot_Point', 'Pivot_R1', 'Pivot_S1', 'Dist_Pivot', 'Log_Return', 'Day_of_Week', 'Return_Lag_1', 'Return_Lag_2', 'Return_Lag_3', 'Return_Lag_5', 'Volume_Change', 'Aroon_Up', 'Aroon_Down', 'Aroon_Osc', 'AO', 'Hist_Vol', 'RVI', 'Fractal_Up', 'Fractal_Down', 'Bars_Since_Fractal_Up', 'Bars_Since_Fractal_Down', 'BB_Upper', 'BB_Lower', 'BB_Mid', 'BB_PctB']
training data did not have the following fields: Day_of_Week

2026-01-13 10:50:11 | ERROR    | trading_bot | Critical Loop Error: unsupported format string passed to NoneType.__format__
2026-01-13 10:50:16 | ERROR    | trading_bot | Traceback (most recent call last):
  File "C:\Users\Hp\Downloads\Forex-bot-main\trading_bot.py", line 309, in make_prediction
    probs = model.predict(latest_features) # returns prob of class 1
            ^^^^^^^^^^^^^^^^^^^^^^^^^^^^^^
  File "C:\Users\Hp\Downloads\Forex-bot-main\ai_model.py", line 48, in predict
    return self.model.predict_proba(X)[:, 1]
           ^^^^^^^^^^^^^^^^^^^^^^^^^^^
  File "C:\Users\Hp\AppData\Local\Programs\Python\Python311\Lib\site-packages\xgboost\sklearn.py", line 1921, in predict_proba
    class_probs = super().predict(
                  ^^^^^^^^^^^^^^^^
  File "C:\Users\Hp\AppData\Local\Programs\Python\Python311\Lib\site-packages\xgboost\core.py", line 774, in inner_f
    return func(**kwargs)
           ^^^^^^^^^^^^^^
  File "C:\Users\Hp\AppData\Local\Programs\Python\Python311\Lib\site-packages\xgboost\sklearn.py", line 1446, in predict
    predts = self.get_booster().inplace_predict(
             ^^^^^^^^^^^^^^^^^^^^^^^^^^^^^^^^^^^
  File "C:\Users\Hp\AppData\Local\Programs\Python\Python311\Lib\site-packages\xgboost\core.py", line 774, in inner_f
    return func(**kwargs)
           ^^^^^^^^^^^^^^
  File "C:\Users\Hp\AppData\Local\Programs\Python\Python311\Lib\site-packages\xgboost\core.py", line 2854, in inplace_predict
    self._validate_features(fns)
  File "C:\Users\Hp\AppData\Local\Programs\Python\Python311\Lib\site-packages\xgboost\core.py", line 3431, in _validate_features
    raise ValueError(msg.format(self.feature_names, feature_names))
ValueError: feature_names mismatch: ['Hour_Sin', 'Hour_Cos', 'Day_Sin', 'Day_Cos', 'SMA_50', 'SMA_200', 'Dist_SMA_50', 'Dist_SMA_200', 'EMA_20', 'Dist_EMA_20', 'ADX', 'ADX_Pos', 'ADX_Neg', 'Efficiency_Ratio', 'RSI', 'ROC', 'Stoch_K', 'Stoch_D', 'BB_Width', 'BB_Pos', 'ATR', 'ATR_Pct', 'VWAP', 'Dist_VWAP', 'SuperTrend_Upper', 'SuperTrend_Lower', 'Dist_ST_Upper', 'Dist_ST_Lower', 'Pivot_Point', 'Pivot_R1', 'Pivot_S1', 'Dist_Pivot', 'Log_Return', 'Return_Lag_1', 'Return_Lag_2', 'Return_Lag_3', 'Return_Lag_5', 'Volume_Change', 'Aroon_Up', 'Aroon_Down', 'Aroon_Osc', 'AO', 'Hist_Vol', 'RVI', 'Fractal_Up', 'Fractal_Down', 'Bars_Since_Fractal_Up', 'Bars_Since_Fractal_Down', 'BB_Upper', 'BB_Lower', 'BB_Mid', 'BB_PctB'] ['Hour_Sin', 'Hour_Cos', 'Day_Sin', 'Day_Cos', 'SMA_50', 'SMA_200', 'Dist_SMA_50', 'Dist_SMA_200', 'EMA_20', 'Dist_EMA_20', 'ADX', 'ADX_Pos', 'ADX_Neg', 'Efficiency_Ratio', 'RSI', 'ROC', 'Stoch_K', 'Stoch_D', 'BB_Width', 'BB_Pos', 'ATR', 'ATR_Pct', 'VWAP', 'Dist_VWAP', 'SuperTrend_Upper', 'SuperTrend_Lower', 'Dist_ST_Upper', 'Dist_ST_Lower', 'Pivot_Point', 'Pivot_R1', 'Pivot_S1', 'Dist_Pivot', 'Log_Return', 'Day_of_Week', 'Return_Lag_1', 'Return_Lag_2', 'Return_Lag_3', 'Return_Lag_5', 'Volume_Change', 'Aroon_Up', 'Aroon_Down', 'Aroon_Osc', 'AO', 'Hist_Vol', 'RVI', 'Fractal_Up', 'Fractal_Down', 'Bars_Since_Fractal_Up', 'Bars_Since_Fractal_Down', 'BB_Upper', 'BB_Lower', 'BB_Mid', 'BB_PctB']
training data did not have the following fields: Day_of_Week

2026-01-13 10:50:16 | ERROR    | trading_bot | Critical Loop Error: unsupported format string passed to NoneType.__format__
2026-01-13 10:50:22 | ERROR    | trading_bot | Traceback (most recent call last):
  File "C:\Users\Hp\Downloads\Forex-bot-main\trading_bot.py", line 309, in make_prediction
    probs = model.predict(latest_features) # returns prob of class 1
            ^^^^^^^^^^^^^^^^^^^^^^^^^^^^^^
  File "C:\Users\Hp\Downloads\Forex-bot-main\ai_model.py", line 48, in predict
    return self.model.predict_proba(X)[:, 1]
           ^^^^^^^^^^^^^^^^^^^^^^^^^^^
  File "C:\Users\Hp\AppData\Local\Programs\Python\Python311\Lib\site-packages\xgboost\sklearn.py", line 1921, in predict_proba
    class_probs = super().predict(
                  ^^^^^^^^^^^^^^^^
  File "C:\Users\Hp\AppData\Local\Programs\Python\Python311\Lib\site-packages\xgboost\core.py", line 774, in inner_f
    return func(**kwargs)
           ^^^^^^^^^^^^^^
  File "C:\Users\Hp\AppData\Local\Programs\Python\Python311\Lib\site-packages\xgboost\sklearn.py", line 1446, in predict
    predts = self.get_booster().inplace_predict(
             ^^^^^^^^^^^^^^^^^^^^^^^^^^^^^^^^^^^
  File "C:\Users\Hp\AppData\Local\Programs\Python\Python311\Lib\site-packages\xgboost\core.py", line 774, in inner_f
    return func(**kwargs)
           ^^^^^^^^^^^^^^
  File "C:\Users\Hp\AppData\Local\Programs\Python\Python311\Lib\site-packages\xgboost\core.py", line 2854, in inplace_predict
    self._validate_features(fns)
  File "C:\Users\Hp\AppData\Local\Programs\Python\Python311\Lib\site-packages\xgboost\core.py", line 3431, in _validate_features
    raise ValueError(msg.format(self.feature_names, feature_names))
ValueError: feature_names mismatch: ['Hour_Sin', 'Hour_Cos', 'Day_Sin', 'Day_Cos', 'SMA_50', 'SMA_200', 'Dist_SMA_50', 'Dist_SMA_200', 'EMA_20', 'Dist_EMA_20', 'ADX', 'ADX_Pos', 'ADX_Neg', 'Efficiency_Ratio', 'RSI', 'ROC', 'Stoch_K', 'Stoch_D', 'BB_Width', 'BB_Pos', 'ATR', 'ATR_Pct', 'VWAP', 'Dist_VWAP', 'SuperTrend_Upper', 'SuperTrend_Lower', 'Dist_ST_Upper', 'Dist_ST_Lower', 'Pivot_Point', 'Pivot_R1', 'Pivot_S1', 'Dist_Pivot', 'Log_Return', 'Return_Lag_1', 'Return_Lag_2', 'Return_Lag_3', 'Return_Lag_5', 'Volume_Change', 'Aroon_Up', 'Aroon_Down', 'Aroon_Osc', 'AO', 'Hist_Vol', 'RVI', 'Fractal_Up', 'Fractal_Down', 'Bars_Since_Fractal_Up', 'Bars_Since_Fractal_Down', 'BB_Upper', 'BB_Lower', 'BB_Mid', 'BB_PctB'] ['Hour_Sin', 'Hour_Cos', 'Day_Sin', 'Day_Cos', 'SMA_50', 'SMA_200', 'Dist_SMA_50', 'Dist_SMA_200', 'EMA_20', 'Dist_EMA_20', 'ADX', 'ADX_Pos', 'ADX_Neg', 'Efficiency_Ratio', 'RSI', 'ROC', 'Stoch_K', 'Stoch_D', 'BB_Width', 'BB_Pos', 'ATR', 'ATR_Pct', 'VWAP', 'Dist_VWAP', 'SuperTrend_Upper', 'SuperTrend_Lower', 'Dist_ST_Upper', 'Dist_ST_Lower', 'Pivot_Point', 'Pivot_R1', 'Pivot_S1', 'Dist_Pivot', 'Log_Return', 'Day_of_Week', 'Return_Lag_1', 'Return_Lag_2', 'Return_Lag_3', 'Return_Lag_5', 'Volume_Change', 'Aroon_Up', 'Aroon_Down', 'Aroon_Osc', 'AO', 'Hist_Vol', 'RVI', 'Fractal_Up', 'Fractal_Down', 'Bars_Since_Fractal_Up', 'Bars_Since_Fractal_Down', 'BB_Upper', 'BB_Lower', 'BB_Mid', 'BB_PctB']
training data did not have the following fields: Day_of_Week

2026-01-13 10:50:22 | ERROR    | trading_bot | Critical Loop Error: unsupported format string passed to NoneType.__format__
2026-01-13 10:50:27 | ERROR    | trading_bot | Traceback (most recent call last):
  File "C:\Users\Hp\Downloads\Forex-bot-main\trading_bot.py", line 309, in make_prediction
    probs = model.predict(latest_features) # returns prob of class 1
            ^^^^^^^^^^^^^^^^^^^^^^^^^^^^^^
  File "C:\Users\Hp\Downloads\Forex-bot-main\ai_model.py", line 48, in predict
    return self.model.predict_proba(X)[:, 1]
           ^^^^^^^^^^^^^^^^^^^^^^^^^^^
  File "C:\Users\Hp\AppData\Local\Programs\Python\Python311\Lib\site-packages\xgboost\sklearn.py", line 1921, in predict_proba
    class_probs = super().predict(
                  ^^^^^^^^^^^^^^^^
  File "C:\Users\Hp\AppData\Local\Programs\Python\Python311\Lib\site-packages\xgboost\core.py", line 774, in inner_f
    return func(**kwargs)
           ^^^^^^^^^^^^^^
  File "C:\Users\Hp\AppData\Local\Programs\Python\Python311\Lib\site-packages\xgboost\sklearn.py", line 1446, in predict
    predts = self.get_booster().inplace_predict(
             ^^^^^^^^^^^^^^^^^^^^^^^^^^^^^^^^^^^
  File "C:\Users\Hp\AppData\Local\Programs\Python\Python311\Lib\site-packages\xgboost\core.py", line 774, in inner_f
    return func(**kwargs)
           ^^^^^^^^^^^^^^
  File "C:\Users\Hp\AppData\Local\Programs\Python\Python311\Lib\site-packages\xgboost\core.py", line 2854, in inplace_predict
    self._validate_features(fns)
  File "C:\Users\Hp\AppData\Local\Programs\Python\Python311\Lib\site-packages\xgboost\core.py", line 3431, in _validate_features
    raise ValueError(msg.format(self.feature_names, feature_names))
ValueError: feature_names mismatch: ['Hour_Sin', 'Hour_Cos', 'Day_Sin', 'Day_Cos', 'SMA_50', 'SMA_200', 'Dist_SMA_50', 'Dist_SMA_200', 'EMA_20', 'Dist_EMA_20', 'ADX', 'ADX_Pos', 'ADX_Neg', 'Efficiency_Ratio', 'RSI', 'ROC', 'Stoch_K', 'Stoch_D', 'BB_Width', 'BB_Pos', 'ATR', 'ATR_Pct', 'VWAP', 'Dist_VWAP', 'SuperTrend_Upper', 'SuperTrend_Lower', 'Dist_ST_Upper', 'Dist_ST_Lower', 'Pivot_Point', 'Pivot_R1', 'Pivot_S1', 'Dist_Pivot', 'Log_Return', 'Return_Lag_1', 'Return_Lag_2', 'Return_Lag_3', 'Return_Lag_5', 'Volume_Change', 'Aroon_Up', 'Aroon_Down', 'Aroon_Osc', 'AO', 'Hist_Vol', 'RVI', 'Fractal_Up', 'Fractal_Down', 'Bars_Since_Fractal_Up', 'Bars_Since_Fractal_Down', 'BB_Upper', 'BB_Lower', 'BB_Mid', 'BB_PctB'] ['Hour_Sin', 'Hour_Cos', 'Day_Sin', 'Day_Cos', 'SMA_50', 'SMA_200', 'Dist_SMA_50', 'Dist_SMA_200', 'EMA_20', 'Dist_EMA_20', 'ADX', 'ADX_Pos', 'ADX_Neg', 'Efficiency_Ratio', 'RSI', 'ROC', 'Stoch_K', 'Stoch_D', 'BB_Width', 'BB_Pos', 'ATR', 'ATR_Pct', 'VWAP', 'Dist_VWAP', 'SuperTrend_Upper', 'SuperTrend_Lower', 'Dist_ST_Upper', 'Dist_ST_Lower', 'Pivot_Point', 'Pivot_R1', 'Pivot_S1', 'Dist_Pivot', 'Log_Return', 'Day_of_Week', 'Return_Lag_1', 'Return_Lag_2', 'Return_Lag_3', 'Return_Lag_5', 'Volume_Change', 'Aroon_Up', 'Aroon_Down', 'Aroon_Osc', 'AO', 'Hist_Vol', 'RVI', 'Fractal_Up', 'Fractal_Down', 'Bars_Since_Fractal_Up', 'Bars_Since_Fractal_Down', 'BB_Upper', 'BB_Lower', 'BB_Mid', 'BB_PctB']
training data did not have the following fields: Day_of_Week

2026-01-13 10:50:27 | ERROR    | trading_bot | Critical Loop Error: unsupported format string passed to NoneType.__format__
2026-01-13 10:50:32 | ERROR    | trading_bot | Traceback (most recent call last):
  File "C:\Users\Hp\Downloads\Forex-bot-main\trading_bot.py", line 309, in make_prediction
    probs = model.predict(latest_features) # returns prob of class 1
            ^^^^^^^^^^^^^^^^^^^^^^^^^^^^^^
  File "C:\Users\Hp\Downloads\Forex-bot-main\ai_model.py", line 48, in predict
    return self.model.predict_proba(X)[:, 1]
           ^^^^^^^^^^^^^^^^^^^^^^^^^^^
  File "C:\Users\Hp\AppData\Local\Programs\Python\Python311\Lib\site-packages\xgboost\sklearn.py", line 1921, in predict_proba
    class_probs = super().predict(
                  ^^^^^^^^^^^^^^^^
  File "C:\Users\Hp\AppData\Local\Programs\Python\Python311\Lib\site-packages\xgboost\core.py", line 774, in inner_f
    return func(**kwargs)
           ^^^^^^^^^^^^^^
  File "C:\Users\Hp\AppData\Local\Programs\Python\Python311\Lib\site-packages\xgboost\sklearn.py", line 1446, in predict
    predts = self.get_booster().inplace_predict(
             ^^^^^^^^^^^^^^^^^^^^^^^^^^^^^^^^^^^
  File "C:\Users\Hp\AppData\Local\Programs\Python\Python311\Lib\site-packages\xgboost\core.py", line 774, in inner_f
    return func(**kwargs)
           ^^^^^^^^^^^^^^
  File "C:\Users\Hp\AppData\Local\Programs\Python\Python311\Lib\site-packages\xgboost\core.py", line 2854, in inplace_predict
    self._validate_features(fns)
  File "C:\Users\Hp\AppData\Local\Programs\Python\Python311\Lib\site-packages\xgboost\core.py", line 3431, in _validate_features
    raise ValueError(msg.format(self.feature_names, feature_names))
ValueError: feature_names mismatch: ['Hour_Sin', 'Hour_Cos', 'Day_Sin', 'Day_Cos', 'SMA_50', 'SMA_200', 'Dist_SMA_50', 'Dist_SMA_200', 'EMA_20', 'Dist_EMA_20', 'ADX', 'ADX_Pos', 'ADX_Neg', 'Efficiency_Ratio', 'RSI', 'ROC', 'Stoch_K', 'Stoch_D', 'BB_Width', 'BB_Pos', 'ATR', 'ATR_Pct', 'VWAP', 'Dist_VWAP', 'SuperTrend_Upper', 'SuperTrend_Lower', 'Dist_ST_Upper', 'Dist_ST_Lower', 'Pivot_Point', 'Pivot_R1', 'Pivot_S1', 'Dist_Pivot', 'Log_Return', 'Return_Lag_1', 'Return_Lag_2', 'Return_Lag_3', 'Return_Lag_5', 'Volume_Change', 'Aroon_Up', 'Aroon_Down', 'Aroon_Osc', 'AO', 'Hist_Vol', 'RVI', 'Fractal_Up', 'Fractal_Down', 'Bars_Since_Fractal_Up', 'Bars_Since_Fractal_Down', 'BB_Upper', 'BB_Lower', 'BB_Mid', 'BB_PctB'] ['Hour_Sin', 'Hour_Cos', 'Day_Sin', 'Day_Cos', 'SMA_50', 'SMA_200', 'Dist_SMA_50', 'Dist_SMA_200', 'EMA_20', 'Dist_EMA_20', 'ADX', 'ADX_Pos', 'ADX_Neg', 'Efficiency_Ratio', 'RSI', 'ROC', 'Stoch_K', 'Stoch_D', 'BB_Width', 'BB_Pos', 'ATR', 'ATR_Pct', 'VWAP', 'Dist_VWAP', 'SuperTrend_Upper', 'SuperTrend_Lower', 'Dist_ST_Upper', 'Dist_ST_Lower', 'Pivot_Point', 'Pivot_R1', 'Pivot_S1', 'Dist_Pivot', 'Log_Return', 'Day_of_Week', 'Return_Lag_1', 'Return_Lag_2', 'Return_Lag_3', 'Return_Lag_5', 'Volume_Change', 'Aroon_Up', 'Aroon_Down', 'Aroon_Osc', 'AO', 'Hist_Vol', 'RVI', 'Fractal_Up', 'Fractal_Down', 'Bars_Since_Fractal_Up', 'Bars_Since_Fractal_Down', 'BB_Upper', 'BB_Lower', 'BB_Mid', 'BB_PctB']
training data did not have the following fields: Day_of_Week

2026-01-13 10:50:32 | ERROR    | trading_bot | Critical Loop Error: unsupported format string passed to NoneType.__format__
2026-01-13 10:50:38 | ERROR    | trading_bot | Traceback (most recent call last):
  File "C:\Users\Hp\Downloads\Forex-bot-main\trading_bot.py", line 309, in make_prediction
    probs = model.predict(latest_features) # returns prob of class 1
            ^^^^^^^^^^^^^^^^^^^^^^^^^^^^^^
  File "C:\Users\Hp\Downloads\Forex-bot-main\ai_model.py", line 48, in predict
    return self.model.predict_proba(X)[:, 1]
           ^^^^^^^^^^^^^^^^^^^^^^^^^^^
  File "C:\Users\Hp\AppData\Local\Programs\Python\Python311\Lib\site-packages\xgboost\sklearn.py", line 1921, in predict_proba
    class_probs = super().predict(
                  ^^^^^^^^^^^^^^^^
  File "C:\Users\Hp\AppData\Local\Programs\Python\Python311\Lib\site-packages\xgboost\core.py", line 774, in inner_f
    return func(**kwargs)
           ^^^^^^^^^^^^^^
  File "C:\Users\Hp\AppData\Local\Programs\Python\Python311\Lib\site-packages\xgboost\sklearn.py", line 1446, in predict
    predts = self.get_booster().inplace_predict(
             ^^^^^^^^^^^^^^^^^^^^^^^^^^^^^^^^^^^
  File "C:\Users\Hp\AppData\Local\Programs\Python\Python311\Lib\site-packages\xgboost\core.py", line 774, in inner_f
    return func(**kwargs)
           ^^^^^^^^^^^^^^
  File "C:\Users\Hp\AppData\Local\Programs\Python\Python311\Lib\site-packages\xgboost\core.py", line 2854, in inplace_predict
    self._validate_features(fns)
  File "C:\Users\Hp\AppData\Local\Programs\Python\Python311\Lib\site-packages\xgboost\core.py", line 3431, in _validate_features
    raise ValueError(msg.format(self.feature_names, feature_names))
ValueError: feature_names mismatch: ['Hour_Sin', 'Hour_Cos', 'Day_Sin', 'Day_Cos', 'SMA_50', 'SMA_200', 'Dist_SMA_50', 'Dist_SMA_200', 'EMA_20', 'Dist_EMA_20', 'ADX', 'ADX_Pos', 'ADX_Neg', 'Efficiency_Ratio', 'RSI', 'ROC', 'Stoch_K', 'Stoch_D', 'BB_Width', 'BB_Pos', 'ATR', 'ATR_Pct', 'VWAP', 'Dist_VWAP', 'SuperTrend_Upper', 'SuperTrend_Lower', 'Dist_ST_Upper', 'Dist_ST_Lower', 'Pivot_Point', 'Pivot_R1', 'Pivot_S1', 'Dist_Pivot', 'Log_Return', 'Return_Lag_1', 'Return_Lag_2', 'Return_Lag_3', 'Return_Lag_5', 'Volume_Change', 'Aroon_Up', 'Aroon_Down', 'Aroon_Osc', 'AO', 'Hist_Vol', 'RVI', 'Fractal_Up', 'Fractal_Down', 'Bars_Since_Fractal_Up', 'Bars_Since_Fractal_Down', 'BB_Upper', 'BB_Lower', 'BB_Mid', 'BB_PctB'] ['Hour_Sin', 'Hour_Cos', 'Day_Sin', 'Day_Cos', 'SMA_50', 'SMA_200', 'Dist_SMA_50', 'Dist_SMA_200', 'EMA_20', 'Dist_EMA_20', 'ADX', 'ADX_Pos', 'ADX_Neg', 'Efficiency_Ratio', 'RSI', 'ROC', 'Stoch_K', 'Stoch_D', 'BB_Width', 'BB_Pos', 'ATR', 'ATR_Pct', 'VWAP', 'Dist_VWAP', 'SuperTrend_Upper', 'SuperTrend_Lower', 'Dist_ST_Upper', 'Dist_ST_Lower', 'Pivot_Point', 'Pivot_R1', 'Pivot_S1', 'Dist_Pivot', 'Log_Return', 'Day_of_Week', 'Return_Lag_1', 'Return_Lag_2', 'Return_Lag_3', 'Return_Lag_5', 'Volume_Change', 'Aroon_Up', 'Aroon_Down', 'Aroon_Osc', 'AO', 'Hist_Vol', 'RVI', 'Fractal_Up', 'Fractal_Down', 'Bars_Since_Fractal_Up', 'Bars_Since_Fractal_Down', 'BB_Upper', 'BB_Lower', 'BB_Mid', 'BB_PctB']
training data did not have the following fields: Day_of_Week

2026-01-13 10:50:38 | ERROR    | trading_bot | Critical Loop Error: unsupported format string passed to NoneType.__format__
2026-01-13 10:50:43 | ERROR    | trading_bot | Traceback (most recent call last):
  File "C:\Users\Hp\Downloads\Forex-bot-main\trading_bot.py", line 309, in make_prediction
    probs = model.predict(latest_features) # returns prob of class 1
            ^^^^^^^^^^^^^^^^^^^^^^^^^^^^^^
  File "C:\Users\Hp\Downloads\Forex-bot-main\ai_model.py", line 48, in predict
    return self.model.predict_proba(X)[:, 1]
           ^^^^^^^^^^^^^^^^^^^^^^^^^^^
  File "C:\Users\Hp\AppData\Local\Programs\Python\Python311\Lib\site-packages\xgboost\sklearn.py", line 1921, in predict_proba
    class_probs = super().predict(
                  ^^^^^^^^^^^^^^^^
  File "C:\Users\Hp\AppData\Local\Programs\Python\Python311\Lib\site-packages\xgboost\core.py", line 774, in inner_f
    return func(**kwargs)
           ^^^^^^^^^^^^^^
  File "C:\Users\Hp\AppData\Local\Programs\Python\Python311\Lib\site-packages\xgboost\sklearn.py", line 1446, in predict
    predts = self.get_booster().inplace_predict(
             ^^^^^^^^^^^^^^^^^^^^^^^^^^^^^^^^^^^
  File "C:\Users\Hp\AppData\Local\Programs\Python\Python311\Lib\site-packages\xgboost\core.py", line 774, in inner_f
    return func(**kwargs)
           ^^^^^^^^^^^^^^
  File "C:\Users\Hp\AppData\Local\Programs\Python\Python311\Lib\site-packages\xgboost\core.py", line 2854, in inplace_predict
    self._validate_features(fns)
  File "C:\Users\Hp\AppData\Local\Programs\Python\Python311\Lib\site-packages\xgboost\core.py", line 3431, in _validate_features
    raise ValueError(msg.format(self.feature_names, feature_names))
ValueError: feature_names mismatch: ['Hour_Sin', 'Hour_Cos', 'Day_Sin', 'Day_Cos', 'SMA_50', 'SMA_200', 'Dist_SMA_50', 'Dist_SMA_200', 'EMA_20', 'Dist_EMA_20', 'ADX', 'ADX_Pos', 'ADX_Neg', 'Efficiency_Ratio', 'RSI', 'ROC', 'Stoch_K', 'Stoch_D', 'BB_Width', 'BB_Pos', 'ATR', 'ATR_Pct', 'VWAP', 'Dist_VWAP', 'SuperTrend_Upper', 'SuperTrend_Lower', 'Dist_ST_Upper', 'Dist_ST_Lower', 'Pivot_Point', 'Pivot_R1', 'Pivot_S1', 'Dist_Pivot', 'Log_Return', 'Return_Lag_1', 'Return_Lag_2', 'Return_Lag_3', 'Return_Lag_5', 'Volume_Change', 'Aroon_Up', 'Aroon_Down', 'Aroon_Osc', 'AO', 'Hist_Vol', 'RVI', 'Fractal_Up', 'Fractal_Down', 'Bars_Since_Fractal_Up', 'Bars_Since_Fractal_Down', 'BB_Upper', 'BB_Lower', 'BB_Mid', 'BB_PctB'] ['Hour_Sin', 'Hour_Cos', 'Day_Sin', 'Day_Cos', 'SMA_50', 'SMA_200', 'Dist_SMA_50', 'Dist_SMA_200', 'EMA_20', 'Dist_EMA_20', 'ADX', 'ADX_Pos', 'ADX_Neg', 'Efficiency_Ratio', 'RSI', 'ROC', 'Stoch_K', 'Stoch_D', 'BB_Width', 'BB_Pos', 'ATR', 'ATR_Pct', 'VWAP', 'Dist_VWAP', 'SuperTrend_Upper', 'SuperTrend_Lower', 'Dist_ST_Upper', 'Dist_ST_Lower', 'Pivot_Point', 'Pivot_R1', 'Pivot_S1', 'Dist_Pivot', 'Log_Return', 'Day_of_Week', 'Return_Lag_1', 'Return_Lag_2', 'Return_Lag_3', 'Return_Lag_5', 'Volume_Change', 'Aroon_Up', 'Aroon_Down', 'Aroon_Osc', 'AO', 'Hist_Vol', 'RVI', 'Fractal_Up', 'Fractal_Down', 'Bars_Since_Fractal_Up', 'Bars_Since_Fractal_Down', 'BB_Upper', 'BB_Lower', 'BB_Mid', 'BB_PctB']
training data did not have the following fields: Day_of_Week

2026-01-13 10:50:43 | ERROR    | trading_bot | Critical Loop Error: unsupported format string passed to NoneType.__format__
2026-01-13 10:50:48 | ERROR    | trading_bot | Traceback (most recent call last):
  File "C:\Users\Hp\Downloads\Forex-bot-main\trading_bot.py", line 309, in make_prediction
    probs = model.predict(latest_features) # returns prob of class 1
            ^^^^^^^^^^^^^^^^^^^^^^^^^^^^^^
  File "C:\Users\Hp\Downloads\Forex-bot-main\ai_model.py", line 48, in predict
    return self.model.predict_proba(X)[:, 1]
           ^^^^^^^^^^^^^^^^^^^^^^^^^^^
  File "C:\Users\Hp\AppData\Local\Programs\Python\Python311\Lib\site-packages\xgboost\sklearn.py", line 1921, in predict_proba
    class_probs = super().predict(
                  ^^^^^^^^^^^^^^^^
  File "C:\Users\Hp\AppData\Local\Programs\Python\Python311\Lib\site-packages\xgboost\core.py", line 774, in inner_f
    return func(**kwargs)
           ^^^^^^^^^^^^^^
  File "C:\Users\Hp\AppData\Local\Programs\Python\Python311\Lib\site-packages\xgboost\sklearn.py", line 1446, in predict
    predts = self.get_booster().inplace_predict(
             ^^^^^^^^^^^^^^^^^^^^^^^^^^^^^^^^^^^
  File "C:\Users\Hp\AppData\Local\Programs\Python\Python311\Lib\site-packages\xgboost\core.py", line 774, in inner_f
    return func(**kwargs)
           ^^^^^^^^^^^^^^
  File "C:\Users\Hp\AppData\Local\Programs\Python\Python311\Lib\site-packages\xgboost\core.py", line 2854, in inplace_predict
    self._validate_features(fns)
  File "C:\Users\Hp\AppData\Local\Programs\Python\Python311\Lib\site-packages\xgboost\core.py", line 3431, in _validate_features
    raise ValueError(msg.format(self.feature_names, feature_names))
ValueError: feature_names mismatch: ['Hour_Sin', 'Hour_Cos', 'Day_Sin', 'Day_Cos', 'SMA_50', 'SMA_200', 'Dist_SMA_50', 'Dist_SMA_200', 'EMA_20', 'Dist_EMA_20', 'ADX', 'ADX_Pos', 'ADX_Neg', 'Efficiency_Ratio', 'RSI', 'ROC', 'Stoch_K', 'Stoch_D', 'BB_Width', 'BB_Pos', 'ATR', 'ATR_Pct', 'VWAP', 'Dist_VWAP', 'SuperTrend_Upper', 'SuperTrend_Lower', 'Dist_ST_Upper', 'Dist_ST_Lower', 'Pivot_Point', 'Pivot_R1', 'Pivot_S1', 'Dist_Pivot', 'Log_Return', 'Return_Lag_1', 'Return_Lag_2', 'Return_Lag_3', 'Return_Lag_5', 'Volume_Change', 'Aroon_Up', 'Aroon_Down', 'Aroon_Osc', 'AO', 'Hist_Vol', 'RVI', 'Fractal_Up', 'Fractal_Down', 'Bars_Since_Fractal_Up', 'Bars_Since_Fractal_Down', 'BB_Upper', 'BB_Lower', 'BB_Mid', 'BB_PctB'] ['Hour_Sin', 'Hour_Cos', 'Day_Sin', 'Day_Cos', 'SMA_50', 'SMA_200', 'Dist_SMA_50', 'Dist_SMA_200', 'EMA_20', 'Dist_EMA_20', 'ADX', 'ADX_Pos', 'ADX_Neg', 'Efficiency_Ratio', 'RSI', 'ROC', 'Stoch_K', 'Stoch_D', 'BB_Width', 'BB_Pos', 'ATR', 'ATR_Pct', 'VWAP', 'Dist_VWAP', 'SuperTrend_Upper', 'SuperTrend_Lower', 'Dist_ST_Upper', 'Dist_ST_Lower', 'Pivot_Point', 'Pivot_R1', 'Pivot_S1', 'Dist_Pivot', 'Log_Return', 'Day_of_Week', 'Return_Lag_1', 'Return_Lag_2', 'Return_Lag_3', 'Return_Lag_5', 'Volume_Change', 'Aroon_Up', 'Aroon_Down', 'Aroon_Osc', 'AO', 'Hist_Vol', 'RVI', 'Fractal_Up', 'Fractal_Down', 'Bars_Since_Fractal_Up', 'Bars_Since_Fractal_Down', 'BB_Upper', 'BB_Lower', 'BB_Mid', 'BB_PctB']
training data did not have the following fields: Day_of_Week

2026-01-13 10:50:49 | ERROR    | trading_bot | Critical Loop Error: unsupported format string passed to NoneType.__format__
2026-01-13 10:51:54 | ERROR    | trading_bot | [Volatility 75 Index] Failed to load LSTM weights. Using untrained. Error: Error(s) in loading state_dict for TradingLSTM:
	Missing key(s) in state_dict: "lstm.weight_ih_l0", "lstm.weight_hh_l0", "lstm.bias_ih_l0", "lstm.bias_hh_l0", "lstm.weight_ih_l1", "lstm.weight_hh_l1", "lstm.bias_ih_l1", "lstm.bias_hh_l1", "fc.0.weight", "fc.0.bias", "fc.3.weight", "fc.3.bias". 
	Unexpected key(s) in state_dict: "model_state_dict", "input_size", "seq_length", "ticker", "rmse", "feature_columns". 
2026-01-13 10:51:56 | ERROR    | trading_bot | Failed to reconcile state with broker: 'DerivExecutorSync' object has no attribute 'get_open_positions'
2026-01-13 10:51:56 | ERROR    | trading_bot | Traceback (most recent call last):
  File "C:\Users\Hp\Downloads\Forex-bot-main\trading_bot.py", line 309, in make_prediction
    probs = model.predict(latest_features) # returns prob of class 1
            ^^^^^^^^^^^^^^^^^^^^^^^^^^^^^^
  File "C:\Users\Hp\Downloads\Forex-bot-main\ai_model.py", line 48, in predict
    return self.model.predict_proba(X)[:, 1]
           ^^^^^^^^^^^^^^^^^^^^^^^^^^^
  File "C:\Users\Hp\AppData\Local\Programs\Python\Python311\Lib\site-packages\xgboost\sklearn.py", line 1921, in predict_proba
    class_probs = super().predict(
                  ^^^^^^^^^^^^^^^^
  File "C:\Users\Hp\AppData\Local\Programs\Python\Python311\Lib\site-packages\xgboost\core.py", line 774, in inner_f
    return func(**kwargs)
           ^^^^^^^^^^^^^^
  File "C:\Users\Hp\AppData\Local\Programs\Python\Python311\Lib\site-packages\xgboost\sklearn.py", line 1446, in predict
    predts = self.get_booster().inplace_predict(
             ^^^^^^^^^^^^^^^^^^^^^^^^^^^^^^^^^^^
  File "C:\Users\Hp\AppData\Local\Programs\Python\Python311\Lib\site-packages\xgboost\core.py", line 774, in inner_f
    return func(**kwargs)
           ^^^^^^^^^^^^^^
  File "C:\Users\Hp\AppData\Local\Programs\Python\Python311\Lib\site-packages\xgboost\core.py", line 2854, in inplace_predict
    self._validate_features(fns)
  File "C:\Users\Hp\AppData\Local\Programs\Python\Python311\Lib\site-packages\xgboost\core.py", line 3431, in _validate_features
    raise ValueError(msg.format(self.feature_names, feature_names))
ValueError: feature_names mismatch: ['Hour_Sin', 'Hour_Cos', 'Day_Sin', 'Day_Cos', 'SMA_50', 'SMA_200', 'Dist_SMA_50', 'Dist_SMA_200', 'EMA_20', 'Dist_EMA_20', 'ADX', 'ADX_Pos', 'ADX_Neg', 'Efficiency_Ratio', 'RSI', 'ROC', 'Stoch_K', 'Stoch_D', 'BB_Width', 'BB_Pos', 'ATR', 'ATR_Pct', 'VWAP', 'Dist_VWAP', 'SuperTrend_Upper', 'SuperTrend_Lower', 'Dist_ST_Upper', 'Dist_ST_Lower', 'Pivot_Point', 'Pivot_R1', 'Pivot_S1', 'Dist_Pivot', 'Log_Return', 'Return_Lag_1', 'Return_Lag_2', 'Return_Lag_3', 'Return_Lag_5', 'Volume_Change', 'Aroon_Up', 'Aroon_Down', 'Aroon_Osc', 'AO', 'Hist_Vol', 'RVI', 'Fractal_Up', 'Fractal_Down', 'Bars_Since_Fractal_Up', 'Bars_Since_Fractal_Down', 'BB_Upper', 'BB_Lower', 'BB_Mid', 'BB_PctB'] ['Hour_Sin', 'Hour_Cos', 'Day_Sin', 'Day_Cos', 'SMA_50', 'SMA_200', 'Dist_SMA_50', 'Dist_SMA_200', 'EMA_20', 'Dist_EMA_20', 'ADX', 'ADX_Pos', 'ADX_Neg', 'Efficiency_Ratio', 'RSI', 'ROC', 'Stoch_K', 'Stoch_D', 'BB_Width', 'BB_Pos', 'ATR', 'ATR_Pct', 'VWAP', 'Dist_VWAP', 'SuperTrend_Upper', 'SuperTrend_Lower', 'Dist_ST_Upper', 'Dist_ST_Lower', 'Pivot_Point', 'Pivot_R1', 'Pivot_S1', 'Dist_Pivot', 'Log_Return', 'Day_of_Week', 'Return_Lag_1', 'Return_Lag_2', 'Return_Lag_3', 'Return_Lag_5', 'Volume_Change', 'Aroon_Up', 'Aroon_Down', 'Aroon_Osc', 'AO', 'Hist_Vol', 'RVI', 'Fractal_Up', 'Fractal_Down', 'Bars_Since_Fractal_Up', 'Bars_Since_Fractal_Down', 'BB_Upper', 'BB_Lower', 'BB_Mid', 'BB_PctB']
training data did not have the following fields: Day_of_Week

2026-01-13 10:51:56 | ERROR    | trading_bot | Critical Loop Error: unsupported format string passed to NoneType.__format__
2026-01-13 10:52:02 | ERROR    | trading_bot | Traceback (most recent call last):
  File "C:\Users\Hp\Downloads\Forex-bot-main\trading_bot.py", line 309, in make_prediction
    probs = model.predict(latest_features) # returns prob of class 1
            ^^^^^^^^^^^^^^^^^^^^^^^^^^^^^^
  File "C:\Users\Hp\Downloads\Forex-bot-main\ai_model.py", line 48, in predict
    return self.model.predict_proba(X)[:, 1]
           ^^^^^^^^^^^^^^^^^^^^^^^^^^^
  File "C:\Users\Hp\AppData\Local\Programs\Python\Python311\Lib\site-packages\xgboost\sklearn.py", line 1921, in predict_proba
    class_probs = super().predict(
                  ^^^^^^^^^^^^^^^^
  File "C:\Users\Hp\AppData\Local\Programs\Python\Python311\Lib\site-packages\xgboost\core.py", line 774, in inner_f
    return func(**kwargs)
           ^^^^^^^^^^^^^^
  File "C:\Users\Hp\AppData\Local\Programs\Python\Python311\Lib\site-packages\xgboost\sklearn.py", line 1446, in predict
    predts = self.get_booster().inplace_predict(
             ^^^^^^^^^^^^^^^^^^^^^^^^^^^^^^^^^^^
  File "C:\Users\Hp\AppData\Local\Programs\Python\Python311\Lib\site-packages\xgboost\core.py", line 774, in inner_f
    return func(**kwargs)
           ^^^^^^^^^^^^^^
  File "C:\Users\Hp\AppData\Local\Programs\Python\Python311\Lib\site-packages\xgboost\core.py", line 2854, in inplace_predict
    self._validate_features(fns)
  File "C:\Users\Hp\AppData\Local\Programs\Python\Python311\Lib\site-packages\xgboost\core.py", line 3431, in _validate_features
    raise ValueError(msg.format(self.feature_names, feature_names))
ValueError: feature_names mismatch: ['Hour_Sin', 'Hour_Cos', 'Day_Sin', 'Day_Cos', 'SMA_50', 'SMA_200', 'Dist_SMA_50', 'Dist_SMA_200', 'EMA_20', 'Dist_EMA_20', 'ADX', 'ADX_Pos', 'ADX_Neg', 'Efficiency_Ratio', 'RSI', 'ROC', 'Stoch_K', 'Stoch_D', 'BB_Width', 'BB_Pos', 'ATR', 'ATR_Pct', 'VWAP', 'Dist_VWAP', 'SuperTrend_Upper', 'SuperTrend_Lower', 'Dist_ST_Upper', 'Dist_ST_Lower', 'Pivot_Point', 'Pivot_R1', 'Pivot_S1', 'Dist_Pivot', 'Log_Return', 'Return_Lag_1', 'Return_Lag_2', 'Return_Lag_3', 'Return_Lag_5', 'Volume_Change', 'Aroon_Up', 'Aroon_Down', 'Aroon_Osc', 'AO', 'Hist_Vol', 'RVI', 'Fractal_Up', 'Fractal_Down', 'Bars_Since_Fractal_Up', 'Bars_Since_Fractal_Down', 'BB_Upper', 'BB_Lower', 'BB_Mid', 'BB_PctB'] ['Hour_Sin', 'Hour_Cos', 'Day_Sin', 'Day_Cos', 'SMA_50', 'SMA_200', 'Dist_SMA_50', 'Dist_SMA_200', 'EMA_20', 'Dist_EMA_20', 'ADX', 'ADX_Pos', 'ADX_Neg', 'Efficiency_Ratio', 'RSI', 'ROC', 'Stoch_K', 'Stoch_D', 'BB_Width', 'BB_Pos', 'ATR', 'ATR_Pct', 'VWAP', 'Dist_VWAP', 'SuperTrend_Upper', 'SuperTrend_Lower', 'Dist_ST_Upper', 'Dist_ST_Lower', 'Pivot_Point', 'Pivot_R1', 'Pivot_S1', 'Dist_Pivot', 'Log_Return', 'Day_of_Week', 'Return_Lag_1', 'Return_Lag_2', 'Return_Lag_3', 'Return_Lag_5', 'Volume_Change', 'Aroon_Up', 'Aroon_Down', 'Aroon_Osc', 'AO', 'Hist_Vol', 'RVI', 'Fractal_Up', 'Fractal_Down', 'Bars_Since_Fractal_Up', 'Bars_Since_Fractal_Down', 'BB_Upper', 'BB_Lower', 'BB_Mid', 'BB_PctB']
training data did not have the following fields: Day_of_Week

2026-01-13 10:52:02 | ERROR    | trading_bot | Critical Loop Error: unsupported format string passed to NoneType.__format__
2026-01-13 10:52:07 | ERROR    | trading_bot | Traceback (most recent call last):
  File "C:\Users\Hp\Downloads\Forex-bot-main\trading_bot.py", line 309, in make_prediction
    probs = model.predict(latest_features) # returns prob of class 1
            ^^^^^^^^^^^^^^^^^^^^^^^^^^^^^^
  File "C:\Users\Hp\Downloads\Forex-bot-main\ai_model.py", line 48, in predict
    return self.model.predict_proba(X)[:, 1]
           ^^^^^^^^^^^^^^^^^^^^^^^^^^^
  File "C:\Users\Hp\AppData\Local\Programs\Python\Python311\Lib\site-packages\xgboost\sklearn.py", line 1921, in predict_proba
    class_probs = super().predict(
                  ^^^^^^^^^^^^^^^^
  File "C:\Users\Hp\AppData\Local\Programs\Python\Python311\Lib\site-packages\xgboost\core.py", line 774, in inner_f
    return func(**kwargs)
           ^^^^^^^^^^^^^^
  File "C:\Users\Hp\AppData\Local\Programs\Python\Python311\Lib\site-packages\xgboost\sklearn.py", line 1446, in predict
    predts = self.get_booster().inplace_predict(
             ^^^^^^^^^^^^^^^^^^^^^^^^^^^^^^^^^^^
  File "C:\Users\Hp\AppData\Local\Programs\Python\Python311\Lib\site-packages\xgboost\core.py", line 774, in inner_f
    return func(**kwargs)
           ^^^^^^^^^^^^^^
  File "C:\Users\Hp\AppData\Local\Programs\Python\Python311\Lib\site-packages\xgboost\core.py", line 2854, in inplace_predict
    self._validate_features(fns)
  File "C:\Users\Hp\AppData\Local\Programs\Python\Python311\Lib\site-packages\xgboost\core.py", line 3431, in _validate_features
    raise ValueError(msg.format(self.feature_names, feature_names))
ValueError: feature_names mismatch: ['Hour_Sin', 'Hour_Cos', 'Day_Sin', 'Day_Cos', 'SMA_50', 'SMA_200', 'Dist_SMA_50', 'Dist_SMA_200', 'EMA_20', 'Dist_EMA_20', 'ADX', 'ADX_Pos', 'ADX_Neg', 'Efficiency_Ratio', 'RSI', 'ROC', 'Stoch_K', 'Stoch_D', 'BB_Width', 'BB_Pos', 'ATR', 'ATR_Pct', 'VWAP', 'Dist_VWAP', 'SuperTrend_Upper', 'SuperTrend_Lower', 'Dist_ST_Upper', 'Dist_ST_Lower', 'Pivot_Point', 'Pivot_R1', 'Pivot_S1', 'Dist_Pivot', 'Log_Return', 'Return_Lag_1', 'Return_Lag_2', 'Return_Lag_3', 'Return_Lag_5', 'Volume_Change', 'Aroon_Up', 'Aroon_Down', 'Aroon_Osc', 'AO', 'Hist_Vol', 'RVI', 'Fractal_Up', 'Fractal_Down', 'Bars_Since_Fractal_Up', 'Bars_Since_Fractal_Down', 'BB_Upper', 'BB_Lower', 'BB_Mid', 'BB_PctB'] ['Hour_Sin', 'Hour_Cos', 'Day_Sin', 'Day_Cos', 'SMA_50', 'SMA_200', 'Dist_SMA_50', 'Dist_SMA_200', 'EMA_20', 'Dist_EMA_20', 'ADX', 'ADX_Pos', 'ADX_Neg', 'Efficiency_Ratio', 'RSI', 'ROC', 'Stoch_K', 'Stoch_D', 'BB_Width', 'BB_Pos', 'ATR', 'ATR_Pct', 'VWAP', 'Dist_VWAP', 'SuperTrend_Upper', 'SuperTrend_Lower', 'Dist_ST_Upper', 'Dist_ST_Lower', 'Pivot_Point', 'Pivot_R1', 'Pivot_S1', 'Dist_Pivot', 'Log_Return', 'Day_of_Week', 'Return_Lag_1', 'Return_Lag_2', 'Return_Lag_3', 'Return_Lag_5', 'Volume_Change', 'Aroon_Up', 'Aroon_Down', 'Aroon_Osc', 'AO', 'Hist_Vol', 'RVI', 'Fractal_Up', 'Fractal_Down', 'Bars_Since_Fractal_Up', 'Bars_Since_Fractal_Down', 'BB_Upper', 'BB_Lower', 'BB_Mid', 'BB_PctB']
training data did not have the following fields: Day_of_Week

2026-01-13 10:52:07 | ERROR    | trading_bot | Critical Loop Error: unsupported format string passed to NoneType.__format__
2026-01-13 10:52:12 | ERROR    | trading_bot | Traceback (most recent call last):
  File "C:\Users\Hp\Downloads\Forex-bot-main\trading_bot.py", line 309, in make_prediction
    probs = model.predict(latest_features) # returns prob of class 1
            ^^^^^^^^^^^^^^^^^^^^^^^^^^^^^^
  File "C:\Users\Hp\Downloads\Forex-bot-main\ai_model.py", line 48, in predict
    return self.model.predict_proba(X)[:, 1]
           ^^^^^^^^^^^^^^^^^^^^^^^^^^^
  File "C:\Users\Hp\AppData\Local\Programs\Python\Python311\Lib\site-packages\xgboost\sklearn.py", line 1921, in predict_proba
    class_probs = super().predict(
                  ^^^^^^^^^^^^^^^^
  File "C:\Users\Hp\AppData\Local\Programs\Python\Python311\Lib\site-packages\xgboost\core.py", line 774, in inner_f
    return func(**kwargs)
           ^^^^^^^^^^^^^^
  File "C:\Users\Hp\AppData\Local\Programs\Python\Python311\Lib\site-packages\xgboost\sklearn.py", line 1446, in predict
    predts = self.get_booster().inplace_predict(
             ^^^^^^^^^^^^^^^^^^^^^^^^^^^^^^^^^^^
  File "C:\Users\Hp\AppData\Local\Programs\Python\Python311\Lib\site-packages\xgboost\core.py", line 774, in inner_f
    return func(**kwargs)
           ^^^^^^^^^^^^^^
  File "C:\Users\Hp\AppData\Local\Programs\Python\Python311\Lib\site-packages\xgboost\core.py", line 2854, in inplace_predict
    self._validate_features(fns)
  File "C:\Users\Hp\AppData\Local\Programs\Python\Python311\Lib\site-packages\xgboost\core.py", line 3431, in _validate_features
    raise ValueError(msg.format(self.feature_names, feature_names))
ValueError: feature_names mismatch: ['Hour_Sin', 'Hour_Cos', 'Day_Sin', 'Day_Cos', 'SMA_50', 'SMA_200', 'Dist_SMA_50', 'Dist_SMA_200', 'EMA_20', 'Dist_EMA_20', 'ADX', 'ADX_Pos', 'ADX_Neg', 'Efficiency_Ratio', 'RSI', 'ROC', 'Stoch_K', 'Stoch_D', 'BB_Width', 'BB_Pos', 'ATR', 'ATR_Pct', 'VWAP', 'Dist_VWAP', 'SuperTrend_Upper', 'SuperTrend_Lower', 'Dist_ST_Upper', 'Dist_ST_Lower', 'Pivot_Point', 'Pivot_R1', 'Pivot_S1', 'Dist_Pivot', 'Log_Return', 'Return_Lag_1', 'Return_Lag_2', 'Return_Lag_3', 'Return_Lag_5', 'Volume_Change', 'Aroon_Up', 'Aroon_Down', 'Aroon_Osc', 'AO', 'Hist_Vol', 'RVI', 'Fractal_Up', 'Fractal_Down', 'Bars_Since_Fractal_Up', 'Bars_Since_Fractal_Down', 'BB_Upper', 'BB_Lower', 'BB_Mid', 'BB_PctB'] ['Hour_Sin', 'Hour_Cos', 'Day_Sin', 'Day_Cos', 'SMA_50', 'SMA_200', 'Dist_SMA_50', 'Dist_SMA_200', 'EMA_20', 'Dist_EMA_20', 'ADX', 'ADX_Pos', 'ADX_Neg', 'Efficiency_Ratio', 'RSI', 'ROC', 'Stoch_K', 'Stoch_D', 'BB_Width', 'BB_Pos', 'ATR', 'ATR_Pct', 'VWAP', 'Dist_VWAP', 'SuperTrend_Upper', 'SuperTrend_Lower', 'Dist_ST_Upper', 'Dist_ST_Lower', 'Pivot_Point', 'Pivot_R1', 'Pivot_S1', 'Dist_Pivot', 'Log_Return', 'Day_of_Week', 'Return_Lag_1', 'Return_Lag_2', 'Return_Lag_3', 'Return_Lag_5', 'Volume_Change', 'Aroon_Up', 'Aroon_Down', 'Aroon_Osc', 'AO', 'Hist_Vol', 'RVI', 'Fractal_Up', 'Fractal_Down', 'Bars_Since_Fractal_Up', 'Bars_Since_Fractal_Down', 'BB_Upper', 'BB_Lower', 'BB_Mid', 'BB_PctB']
training data did not have the following fields: Day_of_Week

2026-01-13 10:52:12 | ERROR    | trading_bot | Critical Loop Error: unsupported format string passed to NoneType.__format__
2026-01-13 10:52:18 | ERROR    | trading_bot | Traceback (most recent call last):
  File "C:\Users\Hp\Downloads\Forex-bot-main\trading_bot.py", line 309, in make_prediction
    probs = model.predict(latest_features) # returns prob of class 1
            ^^^^^^^^^^^^^^^^^^^^^^^^^^^^^^
  File "C:\Users\Hp\Downloads\Forex-bot-main\ai_model.py", line 48, in predict
    return self.model.predict_proba(X)[:, 1]
           ^^^^^^^^^^^^^^^^^^^^^^^^^^^
  File "C:\Users\Hp\AppData\Local\Programs\Python\Python311\Lib\site-packages\xgboost\sklearn.py", line 1921, in predict_proba
    class_probs = super().predict(
                  ^^^^^^^^^^^^^^^^
  File "C:\Users\Hp\AppData\Local\Programs\Python\Python311\Lib\site-packages\xgboost\core.py", line 774, in inner_f
    return func(**kwargs)
           ^^^^^^^^^^^^^^
  File "C:\Users\Hp\AppData\Local\Programs\Python\Python311\Lib\site-packages\xgboost\sklearn.py", line 1446, in predict
    predts = self.get_booster().inplace_predict(
             ^^^^^^^^^^^^^^^^^^^^^^^^^^^^^^^^^^^
  File "C:\Users\Hp\AppData\Local\Programs\Python\Python311\Lib\site-packages\xgboost\core.py", line 774, in inner_f
    return func(**kwargs)
           ^^^^^^^^^^^^^^
  File "C:\Users\Hp\AppData\Local\Programs\Python\Python311\Lib\site-packages\xgboost\core.py", line 2854, in inplace_predict
    self._validate_features(fns)
  File "C:\Users\Hp\AppData\Local\Programs\Python\Python311\Lib\site-packages\xgboost\core.py", line 3431, in _validate_features
    raise ValueError(msg.format(self.feature_names, feature_names))
ValueError: feature_names mismatch: ['Hour_Sin', 'Hour_Cos', 'Day_Sin', 'Day_Cos', 'SMA_50', 'SMA_200', 'Dist_SMA_50', 'Dist_SMA_200', 'EMA_20', 'Dist_EMA_20', 'ADX', 'ADX_Pos', 'ADX_Neg', 'Efficiency_Ratio', 'RSI', 'ROC', 'Stoch_K', 'Stoch_D', 'BB_Width', 'BB_Pos', 'ATR', 'ATR_Pct', 'VWAP', 'Dist_VWAP', 'SuperTrend_Upper', 'SuperTrend_Lower', 'Dist_ST_Upper', 'Dist_ST_Lower', 'Pivot_Point', 'Pivot_R1', 'Pivot_S1', 'Dist_Pivot', 'Log_Return', 'Return_Lag_1', 'Return_Lag_2', 'Return_Lag_3', 'Return_Lag_5', 'Volume_Change', 'Aroon_Up', 'Aroon_Down', 'Aroon_Osc', 'AO', 'Hist_Vol', 'RVI', 'Fractal_Up', 'Fractal_Down', 'Bars_Since_Fractal_Up', 'Bars_Since_Fractal_Down', 'BB_Upper', 'BB_Lower', 'BB_Mid', 'BB_PctB'] ['Hour_Sin', 'Hour_Cos', 'Day_Sin', 'Day_Cos', 'SMA_50', 'SMA_200', 'Dist_SMA_50', 'Dist_SMA_200', 'EMA_20', 'Dist_EMA_20', 'ADX', 'ADX_Pos', 'ADX_Neg', 'Efficiency_Ratio', 'RSI', 'ROC', 'Stoch_K', 'Stoch_D', 'BB_Width', 'BB_Pos', 'ATR', 'ATR_Pct', 'VWAP', 'Dist_VWAP', 'SuperTrend_Upper', 'SuperTrend_Lower', 'Dist_ST_Upper', 'Dist_ST_Lower', 'Pivot_Point', 'Pivot_R1', 'Pivot_S1', 'Dist_Pivot', 'Log_Return', 'Day_of_Week', 'Return_Lag_1', 'Return_Lag_2', 'Return_Lag_3', 'Return_Lag_5', 'Volume_Change', 'Aroon_Up', 'Aroon_Down', 'Aroon_Osc', 'AO', 'Hist_Vol', 'RVI', 'Fractal_Up', 'Fractal_Down', 'Bars_Since_Fractal_Up', 'Bars_Since_Fractal_Down', 'BB_Upper', 'BB_Lower', 'BB_Mid', 'BB_PctB']
training data did not have the following fields: Day_of_Week

2026-01-13 10:52:18 | ERROR    | trading_bot | Critical Loop Error: unsupported format string passed to NoneType.__format__
2026-01-13 10:52:23 | ERROR    | trading_bot | Traceback (most recent call last):
  File "C:\Users\Hp\Downloads\Forex-bot-main\trading_bot.py", line 309, in make_prediction
    probs = model.predict(latest_features) # returns prob of class 1
            ^^^^^^^^^^^^^^^^^^^^^^^^^^^^^^
  File "C:\Users\Hp\Downloads\Forex-bot-main\ai_model.py", line 48, in predict
    return self.model.predict_proba(X)[:, 1]
           ^^^^^^^^^^^^^^^^^^^^^^^^^^^
  File "C:\Users\Hp\AppData\Local\Programs\Python\Python311\Lib\site-packages\xgboost\sklearn.py", line 1921, in predict_proba
    class_probs = super().predict(
                  ^^^^^^^^^^^^^^^^
  File "C:\Users\Hp\AppData\Local\Programs\Python\Python311\Lib\site-packages\xgboost\core.py", line 774, in inner_f
    return func(**kwargs)
           ^^^^^^^^^^^^^^
  File "C:\Users\Hp\AppData\Local\Programs\Python\Python311\Lib\site-packages\xgboost\sklearn.py", line 1446, in predict
    predts = self.get_booster().inplace_predict(
             ^^^^^^^^^^^^^^^^^^^^^^^^^^^^^^^^^^^
  File "C:\Users\Hp\AppData\Local\Programs\Python\Python311\Lib\site-packages\xgboost\core.py", line 774, in inner_f
    return func(**kwargs)
           ^^^^^^^^^^^^^^
  File "C:\Users\Hp\AppData\Local\Programs\Python\Python311\Lib\site-packages\xgboost\core.py", line 2854, in inplace_predict
    self._validate_features(fns)
  File "C:\Users\Hp\AppData\Local\Programs\Python\Python311\Lib\site-packages\xgboost\core.py", line 3431, in _validate_features
    raise ValueError(msg.format(self.feature_names, feature_names))
ValueError: feature_names mismatch: ['Hour_Sin', 'Hour_Cos', 'Day_Sin', 'Day_Cos', 'SMA_50', 'SMA_200', 'Dist_SMA_50', 'Dist_SMA_200', 'EMA_20', 'Dist_EMA_20', 'ADX', 'ADX_Pos', 'ADX_Neg', 'Efficiency_Ratio', 'RSI', 'ROC', 'Stoch_K', 'Stoch_D', 'BB_Width', 'BB_Pos', 'ATR', 'ATR_Pct', 'VWAP', 'Dist_VWAP', 'SuperTrend_Upper', 'SuperTrend_Lower', 'Dist_ST_Upper', 'Dist_ST_Lower', 'Pivot_Point', 'Pivot_R1', 'Pivot_S1', 'Dist_Pivot', 'Log_Return', 'Return_Lag_1', 'Return_Lag_2', 'Return_Lag_3', 'Return_Lag_5', 'Volume_Change', 'Aroon_Up', 'Aroon_Down', 'Aroon_Osc', 'AO', 'Hist_Vol', 'RVI', 'Fractal_Up', 'Fractal_Down', 'Bars_Since_Fractal_Up', 'Bars_Since_Fractal_Down', 'BB_Upper', 'BB_Lower', 'BB_Mid', 'BB_PctB'] ['Hour_Sin', 'Hour_Cos', 'Day_Sin', 'Day_Cos', 'SMA_50', 'SMA_200', 'Dist_SMA_50', 'Dist_SMA_200', 'EMA_20', 'Dist_EMA_20', 'ADX', 'ADX_Pos', 'ADX_Neg', 'Efficiency_Ratio', 'RSI', 'ROC', 'Stoch_K', 'Stoch_D', 'BB_Width', 'BB_Pos', 'ATR', 'ATR_Pct', 'VWAP', 'Dist_VWAP', 'SuperTrend_Upper', 'SuperTrend_Lower', 'Dist_ST_Upper', 'Dist_ST_Lower', 'Pivot_Point', 'Pivot_R1', 'Pivot_S1', 'Dist_Pivot', 'Log_Return', 'Day_of_Week', 'Return_Lag_1', 'Return_Lag_2', 'Return_Lag_3', 'Return_Lag_5', 'Volume_Change', 'Aroon_Up', 'Aroon_Down', 'Aroon_Osc', 'AO', 'Hist_Vol', 'RVI', 'Fractal_Up', 'Fractal_Down', 'Bars_Since_Fractal_Up', 'Bars_Since_Fractal_Down', 'BB_Upper', 'BB_Lower', 'BB_Mid', 'BB_PctB']
training data did not have the following fields: Day_of_Week

2026-01-13 10:52:23 | ERROR    | trading_bot | Critical Loop Error: unsupported format string passed to NoneType.__format__
2026-01-13 10:52:28 | ERROR    | trading_bot | Traceback (most recent call last):
  File "C:\Users\Hp\Downloads\Forex-bot-main\trading_bot.py", line 309, in make_prediction
    probs = model.predict(latest_features) # returns prob of class 1
            ^^^^^^^^^^^^^^^^^^^^^^^^^^^^^^
  File "C:\Users\Hp\Downloads\Forex-bot-main\ai_model.py", line 48, in predict
    return self.model.predict_proba(X)[:, 1]
           ^^^^^^^^^^^^^^^^^^^^^^^^^^^
  File "C:\Users\Hp\AppData\Local\Programs\Python\Python311\Lib\site-packages\xgboost\sklearn.py", line 1921, in predict_proba
    class_probs = super().predict(
                  ^^^^^^^^^^^^^^^^
  File "C:\Users\Hp\AppData\Local\Programs\Python\Python311\Lib\site-packages\xgboost\core.py", line 774, in inner_f
    return func(**kwargs)
           ^^^^^^^^^^^^^^
  File "C:\Users\Hp\AppData\Local\Programs\Python\Python311\Lib\site-packages\xgboost\sklearn.py", line 1446, in predict
    predts = self.get_booster().inplace_predict(
             ^^^^^^^^^^^^^^^^^^^^^^^^^^^^^^^^^^^
  File "C:\Users\Hp\AppData\Local\Programs\Python\Python311\Lib\site-packages\xgboost\core.py", line 774, in inner_f
    return func(**kwargs)
           ^^^^^^^^^^^^^^
  File "C:\Users\Hp\AppData\Local\Programs\Python\Python311\Lib\site-packages\xgboost\core.py", line 2854, in inplace_predict
    self._validate_features(fns)
  File "C:\Users\Hp\AppData\Local\Programs\Python\Python311\Lib\site-packages\xgboost\core.py", line 3431, in _validate_features
    raise ValueError(msg.format(self.feature_names, feature_names))
ValueError: feature_names mismatch: ['Hour_Sin', 'Hour_Cos', 'Day_Sin', 'Day_Cos', 'SMA_50', 'SMA_200', 'Dist_SMA_50', 'Dist_SMA_200', 'EMA_20', 'Dist_EMA_20', 'ADX', 'ADX_Pos', 'ADX_Neg', 'Efficiency_Ratio', 'RSI', 'ROC', 'Stoch_K', 'Stoch_D', 'BB_Width', 'BB_Pos', 'ATR', 'ATR_Pct', 'VWAP', 'Dist_VWAP', 'SuperTrend_Upper', 'SuperTrend_Lower', 'Dist_ST_Upper', 'Dist_ST_Lower', 'Pivot_Point', 'Pivot_R1', 'Pivot_S1', 'Dist_Pivot', 'Log_Return', 'Return_Lag_1', 'Return_Lag_2', 'Return_Lag_3', 'Return_Lag_5', 'Volume_Change', 'Aroon_Up', 'Aroon_Down', 'Aroon_Osc', 'AO', 'Hist_Vol', 'RVI', 'Fractal_Up', 'Fractal_Down', 'Bars_Since_Fractal_Up', 'Bars_Since_Fractal_Down', 'BB_Upper', 'BB_Lower', 'BB_Mid', 'BB_PctB'] ['Hour_Sin', 'Hour_Cos', 'Day_Sin', 'Day_Cos', 'SMA_50', 'SMA_200', 'Dist_SMA_50', 'Dist_SMA_200', 'EMA_20', 'Dist_EMA_20', 'ADX', 'ADX_Pos', 'ADX_Neg', 'Efficiency_Ratio', 'RSI', 'ROC', 'Stoch_K', 'Stoch_D', 'BB_Width', 'BB_Pos', 'ATR', 'ATR_Pct', 'VWAP', 'Dist_VWAP', 'SuperTrend_Upper', 'SuperTrend_Lower', 'Dist_ST_Upper', 'Dist_ST_Lower', 'Pivot_Point', 'Pivot_R1', 'Pivot_S1', 'Dist_Pivot', 'Log_Return', 'Day_of_Week', 'Return_Lag_1', 'Return_Lag_2', 'Return_Lag_3', 'Return_Lag_5', 'Volume_Change', 'Aroon_Up', 'Aroon_Down', 'Aroon_Osc', 'AO', 'Hist_Vol', 'RVI', 'Fractal_Up', 'Fractal_Down', 'Bars_Since_Fractal_Up', 'Bars_Since_Fractal_Down', 'BB_Upper', 'BB_Lower', 'BB_Mid', 'BB_PctB']
training data did not have the following fields: Day_of_Week

2026-01-13 10:52:28 | ERROR    | trading_bot | Critical Loop Error: unsupported format string passed to NoneType.__format__
2026-01-13 10:52:33 | ERROR    | trading_bot | Traceback (most recent call last):
  File "C:\Users\Hp\Downloads\Forex-bot-main\trading_bot.py", line 309, in make_prediction
    probs = model.predict(latest_features) # returns prob of class 1
            ^^^^^^^^^^^^^^^^^^^^^^^^^^^^^^
  File "C:\Users\Hp\Downloads\Forex-bot-main\ai_model.py", line 48, in predict
    return self.model.predict_proba(X)[:, 1]
           ^^^^^^^^^^^^^^^^^^^^^^^^^^^
  File "C:\Users\Hp\AppData\Local\Programs\Python\Python311\Lib\site-packages\xgboost\sklearn.py", line 1921, in predict_proba
    class_probs = super().predict(
                  ^^^^^^^^^^^^^^^^
  File "C:\Users\Hp\AppData\Local\Programs\Python\Python311\Lib\site-packages\xgboost\core.py", line 774, in inner_f
    return func(**kwargs)
           ^^^^^^^^^^^^^^
  File "C:\Users\Hp\AppData\Local\Programs\Python\Python311\Lib\site-packages\xgboost\sklearn.py", line 1446, in predict
    predts = self.get_booster().inplace_predict(
             ^^^^^^^^^^^^^^^^^^^^^^^^^^^^^^^^^^^
  File "C:\Users\Hp\AppData\Local\Programs\Python\Python311\Lib\site-packages\xgboost\core.py", line 774, in inner_f
    return func(**kwargs)
           ^^^^^^^^^^^^^^
  File "C:\Users\Hp\AppData\Local\Programs\Python\Python311\Lib\site-packages\xgboost\core.py", line 2854, in inplace_predict
    self._validate_features(fns)
  File "C:\Users\Hp\AppData\Local\Programs\Python\Python311\Lib\site-packages\xgboost\core.py", line 3431, in _validate_features
    raise ValueError(msg.format(self.feature_names, feature_names))
ValueError: feature_names mismatch: ['Hour_Sin', 'Hour_Cos', 'Day_Sin', 'Day_Cos', 'SMA_50', 'SMA_200', 'Dist_SMA_50', 'Dist_SMA_200', 'EMA_20', 'Dist_EMA_20', 'ADX', 'ADX_Pos', 'ADX_Neg', 'Efficiency_Ratio', 'RSI', 'ROC', 'Stoch_K', 'Stoch_D', 'BB_Width', 'BB_Pos', 'ATR', 'ATR_Pct', 'VWAP', 'Dist_VWAP', 'SuperTrend_Upper', 'SuperTrend_Lower', 'Dist_ST_Upper', 'Dist_ST_Lower', 'Pivot_Point', 'Pivot_R1', 'Pivot_S1', 'Dist_Pivot', 'Log_Return', 'Return_Lag_1', 'Return_Lag_2', 'Return_Lag_3', 'Return_Lag_5', 'Volume_Change', 'Aroon_Up', 'Aroon_Down', 'Aroon_Osc', 'AO', 'Hist_Vol', 'RVI', 'Fractal_Up', 'Fractal_Down', 'Bars_Since_Fractal_Up', 'Bars_Since_Fractal_Down', 'BB_Upper', 'BB_Lower', 'BB_Mid', 'BB_PctB'] ['Hour_Sin', 'Hour_Cos', 'Day_Sin', 'Day_Cos', 'SMA_50', 'SMA_200', 'Dist_SMA_50', 'Dist_SMA_200', 'EMA_20', 'Dist_EMA_20', 'ADX', 'ADX_Pos', 'ADX_Neg', 'Efficiency_Ratio', 'RSI', 'ROC', 'Stoch_K', 'Stoch_D', 'BB_Width', 'BB_Pos', 'ATR', 'ATR_Pct', 'VWAP', 'Dist_VWAP', 'SuperTrend_Upper', 'SuperTrend_Lower', 'Dist_ST_Upper', 'Dist_ST_Lower', 'Pivot_Point', 'Pivot_R1', 'Pivot_S1', 'Dist_Pivot', 'Log_Return', 'Day_of_Week', 'Return_Lag_1', 'Return_Lag_2', 'Return_Lag_3', 'Return_Lag_5', 'Volume_Change', 'Aroon_Up', 'Aroon_Down', 'Aroon_Osc', 'AO', 'Hist_Vol', 'RVI', 'Fractal_Up', 'Fractal_Down', 'Bars_Since_Fractal_Up', 'Bars_Since_Fractal_Down', 'BB_Upper', 'BB_Lower', 'BB_Mid', 'BB_PctB']
training data did not have the following fields: Day_of_Week

2026-01-13 10:52:34 | ERROR    | trading_bot | Critical Loop Error: unsupported format string passed to NoneType.__format__
2026-01-13 10:52:39 | ERROR    | trading_bot | Traceback (most recent call last):
  File "C:\Users\Hp\Downloads\Forex-bot-main\trading_bot.py", line 309, in make_prediction
    probs = model.predict(latest_features) # returns prob of class 1
            ^^^^^^^^^^^^^^^^^^^^^^^^^^^^^^
  File "C:\Users\Hp\Downloads\Forex-bot-main\ai_model.py", line 48, in predict
    return self.model.predict_proba(X)[:, 1]
           ^^^^^^^^^^^^^^^^^^^^^^^^^^^
  File "C:\Users\Hp\AppData\Local\Programs\Python\Python311\Lib\site-packages\xgboost\sklearn.py", line 1921, in predict_proba
    class_probs = super().predict(
                  ^^^^^^^^^^^^^^^^
  File "C:\Users\Hp\AppData\Local\Programs\Python\Python311\Lib\site-packages\xgboost\core.py", line 774, in inner_f
    return func(**kwargs)
           ^^^^^^^^^^^^^^
  File "C:\Users\Hp\AppData\Local\Programs\Python\Python311\Lib\site-packages\xgboost\sklearn.py", line 1446, in predict
    predts = self.get_booster().inplace_predict(
             ^^^^^^^^^^^^^^^^^^^^^^^^^^^^^^^^^^^
  File "C:\Users\Hp\AppData\Local\Programs\Python\Python311\Lib\site-packages\xgboost\core.py", line 774, in inner_f
    return func(**kwargs)
           ^^^^^^^^^^^^^^
  File "C:\Users\Hp\AppData\Local\Programs\Python\Python311\Lib\site-packages\xgboost\core.py", line 2854, in inplace_predict
    self._validate_features(fns)
  File "C:\Users\Hp\AppData\Local\Programs\Python\Python311\Lib\site-packages\xgboost\core.py", line 3431, in _validate_features
    raise ValueError(msg.format(self.feature_names, feature_names))
ValueError: feature_names mismatch: ['Hour_Sin', 'Hour_Cos', 'Day_Sin', 'Day_Cos', 'SMA_50', 'SMA_200', 'Dist_SMA_50', 'Dist_SMA_200', 'EMA_20', 'Dist_EMA_20', 'ADX', 'ADX_Pos', 'ADX_Neg', 'Efficiency_Ratio', 'RSI', 'ROC', 'Stoch_K', 'Stoch_D', 'BB_Width', 'BB_Pos', 'ATR', 'ATR_Pct', 'VWAP', 'Dist_VWAP', 'SuperTrend_Upper', 'SuperTrend_Lower', 'Dist_ST_Upper', 'Dist_ST_Lower', 'Pivot_Point', 'Pivot_R1', 'Pivot_S1', 'Dist_Pivot', 'Log_Return', 'Return_Lag_1', 'Return_Lag_2', 'Return_Lag_3', 'Return_Lag_5', 'Volume_Change', 'Aroon_Up', 'Aroon_Down', 'Aroon_Osc', 'AO', 'Hist_Vol', 'RVI', 'Fractal_Up', 'Fractal_Down', 'Bars_Since_Fractal_Up', 'Bars_Since_Fractal_Down', 'BB_Upper', 'BB_Lower', 'BB_Mid', 'BB_PctB'] ['Hour_Sin', 'Hour_Cos', 'Day_Sin', 'Day_Cos', 'SMA_50', 'SMA_200', 'Dist_SMA_50', 'Dist_SMA_200', 'EMA_20', 'Dist_EMA_20', 'ADX', 'ADX_Pos', 'ADX_Neg', 'Efficiency_Ratio', 'RSI', 'ROC', 'Stoch_K', 'Stoch_D', 'BB_Width', 'BB_Pos', 'ATR', 'ATR_Pct', 'VWAP', 'Dist_VWAP', 'SuperTrend_Upper', 'SuperTrend_Lower', 'Dist_ST_Upper', 'Dist_ST_Lower', 'Pivot_Point', 'Pivot_R1', 'Pivot_S1', 'Dist_Pivot', 'Log_Return', 'Day_of_Week', 'Return_Lag_1', 'Return_Lag_2', 'Return_Lag_3', 'Return_Lag_5', 'Volume_Change', 'Aroon_Up', 'Aroon_Down', 'Aroon_Osc', 'AO', 'Hist_Vol', 'RVI', 'Fractal_Up', 'Fractal_Down', 'Bars_Since_Fractal_Up', 'Bars_Since_Fractal_Down', 'BB_Upper', 'BB_Lower', 'BB_Mid', 'BB_PctB']
training data did not have the following fields: Day_of_Week

2026-01-13 10:52:39 | ERROR    | trading_bot | Critical Loop Error: unsupported format string passed to NoneType.__format__
2026-01-13 10:52:44 | ERROR    | trading_bot | Traceback (most recent call last):
  File "C:\Users\Hp\Downloads\Forex-bot-main\trading_bot.py", line 309, in make_prediction
    probs = model.predict(latest_features) # returns prob of class 1
            ^^^^^^^^^^^^^^^^^^^^^^^^^^^^^^
  File "C:\Users\Hp\Downloads\Forex-bot-main\ai_model.py", line 48, in predict
    return self.model.predict_proba(X)[:, 1]
           ^^^^^^^^^^^^^^^^^^^^^^^^^^^
  File "C:\Users\Hp\AppData\Local\Programs\Python\Python311\Lib\site-packages\xgboost\sklearn.py", line 1921, in predict_proba
    class_probs = super().predict(
                  ^^^^^^^^^^^^^^^^
  File "C:\Users\Hp\AppData\Local\Programs\Python\Python311\Lib\site-packages\xgboost\core.py", line 774, in inner_f
    return func(**kwargs)
           ^^^^^^^^^^^^^^
  File "C:\Users\Hp\AppData\Local\Programs\Python\Python311\Lib\site-packages\xgboost\sklearn.py", line 1446, in predict
    predts = self.get_booster().inplace_predict(
             ^^^^^^^^^^^^^^^^^^^^^^^^^^^^^^^^^^^
  File "C:\Users\Hp\AppData\Local\Programs\Python\Python311\Lib\site-packages\xgboost\core.py", line 774, in inner_f
    return func(**kwargs)
           ^^^^^^^^^^^^^^
  File "C:\Users\Hp\AppData\Local\Programs\Python\Python311\Lib\site-packages\xgboost\core.py", line 2854, in inplace_predict
    self._validate_features(fns)
  File "C:\Users\Hp\AppData\Local\Programs\Python\Python311\Lib\site-packages\xgboost\core.py", line 3431, in _validate_features
    raise ValueError(msg.format(self.feature_names, feature_names))
ValueError: feature_names mismatch: ['Hour_Sin', 'Hour_Cos', 'Day_Sin', 'Day_Cos', 'SMA_50', 'SMA_200', 'Dist_SMA_50', 'Dist_SMA_200', 'EMA_20', 'Dist_EMA_20', 'ADX', 'ADX_Pos', 'ADX_Neg', 'Efficiency_Ratio', 'RSI', 'ROC', 'Stoch_K', 'Stoch_D', 'BB_Width', 'BB_Pos', 'ATR', 'ATR_Pct', 'VWAP', 'Dist_VWAP', 'SuperTrend_Upper', 'SuperTrend_Lower', 'Dist_ST_Upper', 'Dist_ST_Lower', 'Pivot_Point', 'Pivot_R1', 'Pivot_S1', 'Dist_Pivot', 'Log_Return', 'Return_Lag_1', 'Return_Lag_2', 'Return_Lag_3', 'Return_Lag_5', 'Volume_Change', 'Aroon_Up', 'Aroon_Down', 'Aroon_Osc', 'AO', 'Hist_Vol', 'RVI', 'Fractal_Up', 'Fractal_Down', 'Bars_Since_Fractal_Up', 'Bars_Since_Fractal_Down', 'BB_Upper', 'BB_Lower', 'BB_Mid', 'BB_PctB'] ['Hour_Sin', 'Hour_Cos', 'Day_Sin', 'Day_Cos', 'SMA_50', 'SMA_200', 'Dist_SMA_50', 'Dist_SMA_200', 'EMA_20', 'Dist_EMA_20', 'ADX', 'ADX_Pos', 'ADX_Neg', 'Efficiency_Ratio', 'RSI', 'ROC', 'Stoch_K', 'Stoch_D', 'BB_Width', 'BB_Pos', 'ATR', 'ATR_Pct', 'VWAP', 'Dist_VWAP', 'SuperTrend_Upper', 'SuperTrend_Lower', 'Dist_ST_Upper', 'Dist_ST_Lower', 'Pivot_Point', 'Pivot_R1', 'Pivot_S1', 'Dist_Pivot', 'Log_Return', 'Day_of_Week', 'Return_Lag_1', 'Return_Lag_2', 'Return_Lag_3', 'Return_Lag_5', 'Volume_Change', 'Aroon_Up', 'Aroon_Down', 'Aroon_Osc', 'AO', 'Hist_Vol', 'RVI', 'Fractal_Up', 'Fractal_Down', 'Bars_Since_Fractal_Up', 'Bars_Since_Fractal_Down', 'BB_Upper', 'BB_Lower', 'BB_Mid', 'BB_PctB']
training data did not have the following fields: Day_of_Week

2026-01-13 10:52:44 | ERROR    | trading_bot | Critical Loop Error: unsupported format string passed to NoneType.__format__
2026-01-13 10:52:50 | ERROR    | trading_bot | Traceback (most recent call last):
  File "C:\Users\Hp\Downloads\Forex-bot-main\trading_bot.py", line 309, in make_prediction
    probs = model.predict(latest_features) # returns prob of class 1
            ^^^^^^^^^^^^^^^^^^^^^^^^^^^^^^
  File "C:\Users\Hp\Downloads\Forex-bot-main\ai_model.py", line 48, in predict
    return self.model.predict_proba(X)[:, 1]
           ^^^^^^^^^^^^^^^^^^^^^^^^^^^
  File "C:\Users\Hp\AppData\Local\Programs\Python\Python311\Lib\site-packages\xgboost\sklearn.py", line 1921, in predict_proba
    class_probs = super().predict(
                  ^^^^^^^^^^^^^^^^
  File "C:\Users\Hp\AppData\Local\Programs\Python\Python311\Lib\site-packages\xgboost\core.py", line 774, in inner_f
    return func(**kwargs)
           ^^^^^^^^^^^^^^
  File "C:\Users\Hp\AppData\Local\Programs\Python\Python311\Lib\site-packages\xgboost\sklearn.py", line 1446, in predict
    predts = self.get_booster().inplace_predict(
             ^^^^^^^^^^^^^^^^^^^^^^^^^^^^^^^^^^^
  File "C:\Users\Hp\AppData\Local\Programs\Python\Python311\Lib\site-packages\xgboost\core.py", line 774, in inner_f
    return func(**kwargs)
           ^^^^^^^^^^^^^^
  File "C:\Users\Hp\AppData\Local\Programs\Python\Python311\Lib\site-packages\xgboost\core.py", line 2854, in inplace_predict
    self._validate_features(fns)
  File "C:\Users\Hp\AppData\Local\Programs\Python\Python311\Lib\site-packages\xgboost\core.py", line 3431, in _validate_features
    raise ValueError(msg.format(self.feature_names, feature_names))
ValueError: feature_names mismatch: ['Hour_Sin', 'Hour_Cos', 'Day_Sin', 'Day_Cos', 'SMA_50', 'SMA_200', 'Dist_SMA_50', 'Dist_SMA_200', 'EMA_20', 'Dist_EMA_20', 'ADX', 'ADX_Pos', 'ADX_Neg', 'Efficiency_Ratio', 'RSI', 'ROC', 'Stoch_K', 'Stoch_D', 'BB_Width', 'BB_Pos', 'ATR', 'ATR_Pct', 'VWAP', 'Dist_VWAP', 'SuperTrend_Upper', 'SuperTrend_Lower', 'Dist_ST_Upper', 'Dist_ST_Lower', 'Pivot_Point', 'Pivot_R1', 'Pivot_S1', 'Dist_Pivot', 'Log_Return', 'Return_Lag_1', 'Return_Lag_2', 'Return_Lag_3', 'Return_Lag_5', 'Volume_Change', 'Aroon_Up', 'Aroon_Down', 'Aroon_Osc', 'AO', 'Hist_Vol', 'RVI', 'Fractal_Up', 'Fractal_Down', 'Bars_Since_Fractal_Up', 'Bars_Since_Fractal_Down', 'BB_Upper', 'BB_Lower', 'BB_Mid', 'BB_PctB'] ['Hour_Sin', 'Hour_Cos', 'Day_Sin', 'Day_Cos', 'SMA_50', 'SMA_200', 'Dist_SMA_50', 'Dist_SMA_200', 'EMA_20', 'Dist_EMA_20', 'ADX', 'ADX_Pos', 'ADX_Neg', 'Efficiency_Ratio', 'RSI', 'ROC', 'Stoch_K', 'Stoch_D', 'BB_Width', 'BB_Pos', 'ATR', 'ATR_Pct', 'VWAP', 'Dist_VWAP', 'SuperTrend_Upper', 'SuperTrend_Lower', 'Dist_ST_Upper', 'Dist_ST_Lower', 'Pivot_Point', 'Pivot_R1', 'Pivot_S1', 'Dist_Pivot', 'Log_Return', 'Day_of_Week', 'Return_Lag_1', 'Return_Lag_2', 'Return_Lag_3', 'Return_Lag_5', 'Volume_Change', 'Aroon_Up', 'Aroon_Down', 'Aroon_Osc', 'AO', 'Hist_Vol', 'RVI', 'Fractal_Up', 'Fractal_Down', 'Bars_Since_Fractal_Up', 'Bars_Since_Fractal_Down', 'BB_Upper', 'BB_Lower', 'BB_Mid', 'BB_PctB']
training data did not have the following fields: Day_of_Week

2026-01-13 10:52:50 | ERROR    | trading_bot | Critical Loop Error: unsupported format string passed to NoneType.__format__
2026-01-13 10:52:55 | ERROR    | trading_bot | Traceback (most recent call last):
  File "C:\Users\Hp\Downloads\Forex-bot-main\trading_bot.py", line 309, in make_prediction
    probs = model.predict(latest_features) # returns prob of class 1
            ^^^^^^^^^^^^^^^^^^^^^^^^^^^^^^
  File "C:\Users\Hp\Downloads\Forex-bot-main\ai_model.py", line 48, in predict
    return self.model.predict_proba(X)[:, 1]
           ^^^^^^^^^^^^^^^^^^^^^^^^^^^
  File "C:\Users\Hp\AppData\Local\Programs\Python\Python311\Lib\site-packages\xgboost\sklearn.py", line 1921, in predict_proba
    class_probs = super().predict(
                  ^^^^^^^^^^^^^^^^
  File "C:\Users\Hp\AppData\Local\Programs\Python\Python311\Lib\site-packages\xgboost\core.py", line 774, in inner_f
    return func(**kwargs)
           ^^^^^^^^^^^^^^
  File "C:\Users\Hp\AppData\Local\Programs\Python\Python311\Lib\site-packages\xgboost\sklearn.py", line 1446, in predict
    predts = self.get_booster().inplace_predict(
             ^^^^^^^^^^^^^^^^^^^^^^^^^^^^^^^^^^^
  File "C:\Users\Hp\AppData\Local\Programs\Python\Python311\Lib\site-packages\xgboost\core.py", line 774, in inner_f
    return func(**kwargs)
           ^^^^^^^^^^^^^^
  File "C:\Users\Hp\AppData\Local\Programs\Python\Python311\Lib\site-packages\xgboost\core.py", line 2854, in inplace_predict
    self._validate_features(fns)
  File "C:\Users\Hp\AppData\Local\Programs\Python\Python311\Lib\site-packages\xgboost\core.py", line 3431, in _validate_features
    raise ValueError(msg.format(self.feature_names, feature_names))
ValueError: feature_names mismatch: ['Hour_Sin', 'Hour_Cos', 'Day_Sin', 'Day_Cos', 'SMA_50', 'SMA_200', 'Dist_SMA_50', 'Dist_SMA_200', 'EMA_20', 'Dist_EMA_20', 'ADX', 'ADX_Pos', 'ADX_Neg', 'Efficiency_Ratio', 'RSI', 'ROC', 'Stoch_K', 'Stoch_D', 'BB_Width', 'BB_Pos', 'ATR', 'ATR_Pct', 'VWAP', 'Dist_VWAP', 'SuperTrend_Upper', 'SuperTrend_Lower', 'Dist_ST_Upper', 'Dist_ST_Lower', 'Pivot_Point', 'Pivot_R1', 'Pivot_S1', 'Dist_Pivot', 'Log_Return', 'Return_Lag_1', 'Return_Lag_2', 'Return_Lag_3', 'Return_Lag_5', 'Volume_Change', 'Aroon_Up', 'Aroon_Down', 'Aroon_Osc', 'AO', 'Hist_Vol', 'RVI', 'Fractal_Up', 'Fractal_Down', 'Bars_Since_Fractal_Up', 'Bars_Since_Fractal_Down', 'BB_Upper', 'BB_Lower', 'BB_Mid', 'BB_PctB'] ['Hour_Sin', 'Hour_Cos', 'Day_Sin', 'Day_Cos', 'SMA_50', 'SMA_200', 'Dist_SMA_50', 'Dist_SMA_200', 'EMA_20', 'Dist_EMA_20', 'ADX', 'ADX_Pos', 'ADX_Neg', 'Efficiency_Ratio', 'RSI', 'ROC', 'Stoch_K', 'Stoch_D', 'BB_Width', 'BB_Pos', 'ATR', 'ATR_Pct', 'VWAP', 'Dist_VWAP', 'SuperTrend_Upper', 'SuperTrend_Lower', 'Dist_ST_Upper', 'Dist_ST_Lower', 'Pivot_Point', 'Pivot_R1', 'Pivot_S1', 'Dist_Pivot', 'Log_Return', 'Day_of_Week', 'Return_Lag_1', 'Return_Lag_2', 'Return_Lag_3', 'Return_Lag_5', 'Volume_Change', 'Aroon_Up', 'Aroon_Down', 'Aroon_Osc', 'AO', 'Hist_Vol', 'RVI', 'Fractal_Up', 'Fractal_Down', 'Bars_Since_Fractal_Up', 'Bars_Since_Fractal_Down', 'BB_Upper', 'BB_Lower', 'BB_Mid', 'BB_PctB']
training data did not have the following fields: Day_of_Week

2026-01-13 10:52:55 | ERROR    | trading_bot | Critical Loop Error: unsupported format string passed to NoneType.__format__
2026-01-13 10:53:01 | ERROR    | trading_bot | Traceback (most recent call last):
  File "C:\Users\Hp\Downloads\Forex-bot-main\trading_bot.py", line 309, in make_prediction
    probs = model.predict(latest_features) # returns prob of class 1
            ^^^^^^^^^^^^^^^^^^^^^^^^^^^^^^
  File "C:\Users\Hp\Downloads\Forex-bot-main\ai_model.py", line 48, in predict
    return self.model.predict_proba(X)[:, 1]
           ^^^^^^^^^^^^^^^^^^^^^^^^^^^
  File "C:\Users\Hp\AppData\Local\Programs\Python\Python311\Lib\site-packages\xgboost\sklearn.py", line 1921, in predict_proba
    class_probs = super().predict(
                  ^^^^^^^^^^^^^^^^
  File "C:\Users\Hp\AppData\Local\Programs\Python\Python311\Lib\site-packages\xgboost\core.py", line 774, in inner_f
    return func(**kwargs)
           ^^^^^^^^^^^^^^
  File "C:\Users\Hp\AppData\Local\Programs\Python\Python311\Lib\site-packages\xgboost\sklearn.py", line 1446, in predict
    predts = self.get_booster().inplace_predict(
             ^^^^^^^^^^^^^^^^^^^^^^^^^^^^^^^^^^^
  File "C:\Users\Hp\AppData\Local\Programs\Python\Python311\Lib\site-packages\xgboost\core.py", line 774, in inner_f
    return func(**kwargs)
           ^^^^^^^^^^^^^^
  File "C:\Users\Hp\AppData\Local\Programs\Python\Python311\Lib\site-packages\xgboost\core.py", line 2854, in inplace_predict
    self._validate_features(fns)
  File "C:\Users\Hp\AppData\Local\Programs\Python\Python311\Lib\site-packages\xgboost\core.py", line 3431, in _validate_features
    raise ValueError(msg.format(self.feature_names, feature_names))
ValueError: feature_names mismatch: ['Hour_Sin', 'Hour_Cos', 'Day_Sin', 'Day_Cos', 'SMA_50', 'SMA_200', 'Dist_SMA_50', 'Dist_SMA_200', 'EMA_20', 'Dist_EMA_20', 'ADX', 'ADX_Pos', 'ADX_Neg', 'Efficiency_Ratio', 'RSI', 'ROC', 'Stoch_K', 'Stoch_D', 'BB_Width', 'BB_Pos', 'ATR', 'ATR_Pct', 'VWAP', 'Dist_VWAP', 'SuperTrend_Upper', 'SuperTrend_Lower', 'Dist_ST_Upper', 'Dist_ST_Lower', 'Pivot_Point', 'Pivot_R1', 'Pivot_S1', 'Dist_Pivot', 'Log_Return', 'Return_Lag_1', 'Return_Lag_2', 'Return_Lag_3', 'Return_Lag_5', 'Volume_Change', 'Aroon_Up', 'Aroon_Down', 'Aroon_Osc', 'AO', 'Hist_Vol', 'RVI', 'Fractal_Up', 'Fractal_Down', 'Bars_Since_Fractal_Up', 'Bars_Since_Fractal_Down', 'BB_Upper', 'BB_Lower', 'BB_Mid', 'BB_PctB'] ['Hour_Sin', 'Hour_Cos', 'Day_Sin', 'Day_Cos', 'SMA_50', 'SMA_200', 'Dist_SMA_50', 'Dist_SMA_200', 'EMA_20', 'Dist_EMA_20', 'ADX', 'ADX_Pos', 'ADX_Neg', 'Efficiency_Ratio', 'RSI', 'ROC', 'Stoch_K', 'Stoch_D', 'BB_Width', 'BB_Pos', 'ATR', 'ATR_Pct', 'VWAP', 'Dist_VWAP', 'SuperTrend_Upper', 'SuperTrend_Lower', 'Dist_ST_Upper', 'Dist_ST_Lower', 'Pivot_Point', 'Pivot_R1', 'Pivot_S1', 'Dist_Pivot', 'Log_Return', 'Day_of_Week', 'Return_Lag_1', 'Return_Lag_2', 'Return_Lag_3', 'Return_Lag_5', 'Volume_Change', 'Aroon_Up', 'Aroon_Down', 'Aroon_Osc', 'AO', 'Hist_Vol', 'RVI', 'Fractal_Up', 'Fractal_Down', 'Bars_Since_Fractal_Up', 'Bars_Since_Fractal_Down', 'BB_Upper', 'BB_Lower', 'BB_Mid', 'BB_PctB']
training data did not have the following fields: Day_of_Week

2026-01-13 10:53:01 | ERROR    | trading_bot | Critical Loop Error: unsupported format string passed to NoneType.__format__
2026-01-13 10:53:23 | ERROR    | trading_bot | [Volatility 75 Index] Failed to load LSTM weights. Using untrained. Error: Error(s) in loading state_dict for TradingLSTM:
	Missing key(s) in state_dict: "lstm.weight_ih_l0", "lstm.weight_hh_l0", "lstm.bias_ih_l0", "lstm.bias_hh_l0", "lstm.weight_ih_l1", "lstm.weight_hh_l1", "lstm.bias_ih_l1", "lstm.bias_hh_l1", "fc.0.weight", "fc.0.bias", "fc.3.weight", "fc.3.bias". 
	Unexpected key(s) in state_dict: "model_state_dict", "input_size", "seq_length", "ticker", "rmse", "feature_columns". 
2026-01-13 10:53:24 | ERROR    | trading_bot | Failed to reconcile state with broker: 'DerivExecutorSync' object has no attribute 'get_open_positions'
2026-01-13 10:53:25 | ERROR    | trading_bot | Critical Loop Error: 'float' object has no attribute 'items'
2026-01-13 10:53:30 | ERROR    | trading_bot | Critical Loop Error: 'float' object has no attribute 'items'
2026-01-13 10:53:35 | ERROR    | trading_bot | Critical Loop Error: 'float' object has no attribute 'items'
2026-01-13 10:53:40 | ERROR    | trading_bot | Critical Loop Error: 'float' object has no attribute 'items'
2026-01-13 10:53:45 | ERROR    | trading_bot | Critical Loop Error: 'float' object has no attribute 'items'
2026-01-13 10:53:51 | ERROR    | trading_bot | Critical Loop Error: 'float' object has no attribute 'items'
2026-01-13 10:53:56 | ERROR    | trading_bot | Critical Loop Error: 'float' object has no attribute 'items'
2026-01-13 10:54:01 | ERROR    | trading_bot | Critical Loop Error: 'float' object has no attribute 'items'
2026-01-13 10:54:06 | ERROR    | trading_bot | Critical Loop Error: 'float' object has no attribute 'items'
2026-01-13 10:54:12 | ERROR    | trading_bot | Critical Loop Error: 'float' object has no attribute 'items'
2026-01-13 10:54:17 | ERROR    | trading_bot | Critical Loop Error: 'float' object has no attribute 'items'
2026-01-13 10:54:22 | ERROR    | trading_bot | Critical Loop Error: 'float' object has no attribute 'items'
2026-01-13 10:54:28 | ERROR    | trading_bot | Critical Loop Error: 'float' object has no attribute 'items'
2026-01-13 10:54:33 | ERROR    | trading_bot | Critical Loop Error: 'float' object has no attribute 'items'
2026-01-13 10:54:38 | ERROR    | trading_bot | Critical Loop Error: 'float' object has no attribute 'items'
2026-01-13 10:54:43 | ERROR    | trading_bot | Critical Loop Error: 'float' object has no attribute 'items'
2026-01-13 10:54:49 | ERROR    | trading_bot | Critical Loop Error: 'float' object has no attribute 'items'
2026-01-13 10:54:54 | ERROR    | trading_bot | Critical Loop Error: 'float' object has no attribute 'items'
2026-01-13 10:54:59 | ERROR    | trading_bot | Critical Loop Error: 'float' object has no attribute 'items'
2026-01-13 10:55:04 | ERROR    | trading_bot | Critical Loop Error: 'float' object has no attribute 'items'
2026-01-13 10:55:10 | ERROR    | trading_bot | Critical Loop Error: 'float' object has no attribute 'items'
2026-01-13 10:55:15 | ERROR    | trading_bot | Critical Loop Error: 'float' object has no attribute 'items'
2026-01-13 10:55:20 | ERROR    | trading_bot | Critical Loop Error: 'float' object has no attribute 'items'
2026-01-13 10:55:25 | ERROR    | trading_bot | Critical Loop Error: 'float' object has no attribute 'items'
2026-01-13 10:55:30 | ERROR    | trading_bot | Critical Loop Error: 'float' object has no attribute 'items'
2026-01-13 10:55:36 | ERROR    | trading_bot | Critical Loop Error: 'float' object has no attribute 'items'
2026-01-13 10:55:41 | ERROR    | trading_bot | Critical Loop Error: 'float' object has no attribute 'items'
2026-01-13 10:55:46 | ERROR    | trading_bot | Critical Loop Error: 'float' object has no attribute 'items'
2026-01-13 10:55:51 | ERROR    | trading_bot | Critical Loop Error: 'float' object has no attribute 'items'
2026-01-13 10:55:57 | ERROR    | trading_bot | Critical Loop Error: 'float' object has no attribute 'items'
2026-01-13 10:56:02 | ERROR    | trading_bot | Critical Loop Error: 'float' object has no attribute 'items'
2026-01-13 10:56:07 | ERROR    | trading_bot | Critical Loop Error: 'float' object has no attribute 'items'
2026-01-13 10:56:13 | ERROR    | trading_bot | Critical Loop Error: 'float' object has no attribute 'items'
2026-01-13 10:56:18 | ERROR    | trading_bot | Critical Loop Error: 'float' object has no attribute 'items'
2026-01-13 10:56:23 | ERROR    | trading_bot | Critical Loop Error: 'float' object has no attribute 'items'
2026-01-13 10:56:29 | ERROR    | trading_bot | Critical Loop Error: 'float' object has no attribute 'items'
2026-01-13 10:56:34 | ERROR    | trading_bot | Critical Loop Error: 'float' object has no attribute 'items'
2026-01-13 10:56:39 | ERROR    | trading_bot | Critical Loop Error: 'float' object has no attribute 'items'
2026-01-13 10:56:44 | ERROR    | trading_bot | Critical Loop Error: 'float' object has no attribute 'items'
2026-01-13 10:56:49 | ERROR    | trading_bot | Critical Loop Error: 'float' object has no attribute 'items'
2026-01-13 10:56:55 | ERROR    | trading_bot | Critical Loop Error: 'float' object has no attribute 'items'
2026-01-13 10:57:00 | ERROR    | trading_bot | Critical Loop Error: 'float' object has no attribute 'items'
2026-01-13 10:57:05 | ERROR    | trading_bot | Critical Loop Error: 'float' object has no attribute 'items'
2026-01-13 10:57:10 | ERROR    | trading_bot | Critical Loop Error: 'float' object has no attribute 'items'
2026-01-13 10:57:16 | ERROR    | trading_bot | Critical Loop Error: 'float' object has no attribute 'items'
2026-01-13 10:57:22 | ERROR    | trading_bot | Critical Loop Error: 'float' object has no attribute 'items'
2026-01-13 10:57:27 | ERROR    | trading_bot | Critical Loop Error: 'float' object has no attribute 'items'
2026-01-13 10:58:18 | ERROR    | trading_bot | [Volatility 75 Index] Failed to load LSTM weights. Using untrained. Error: Error(s) in loading state_dict for TradingLSTM:
	Missing key(s) in state_dict: "lstm.weight_ih_l0", "lstm.weight_hh_l0", "lstm.bias_ih_l0", "lstm.bias_hh_l0", "lstm.weight_ih_l1", "lstm.weight_hh_l1", "lstm.bias_ih_l1", "lstm.bias_hh_l1", "fc.0.weight", "fc.0.bias", "fc.3.weight", "fc.3.bias". 
	Unexpected key(s) in state_dict: "model_state_dict", "input_size", "seq_length", "ticker", "rmse", "feature_columns". 
2026-01-13 10:58:20 | ERROR    | trading_bot | Failed to reconcile state with broker: 'DerivExecutorSync' object has no attribute 'get_open_positions'
2026-01-13 12:10:39 | ERROR    | trading_bot | [Volatility 75 Index] Failed to load LSTM weights. Using untrained. Error: Error(s) in loading state_dict for TradingLSTM:
	Missing key(s) in state_dict: "lstm.weight_ih_l0", "lstm.weight_hh_l0", "lstm.bias_ih_l0", "lstm.bias_hh_l0", "lstm.weight_ih_l1", "lstm.weight_hh_l1", "lstm.bias_ih_l1", "lstm.bias_hh_l1", "fc.0.weight", "fc.0.bias", "fc.3.weight", "fc.3.bias". 
	Unexpected key(s) in state_dict: "model_state_dict", "input_size", "seq_length", "ticker", "rmse", "feature_columns". 
2026-01-13 12:10:41 | ERROR    | trading_bot | Failed to reconcile state with broker: 'DerivExecutorSync' object has no attribute 'get_open_positions'
2026-08-11 10:56:00 | ERROR    | trading_bot | Traceback (most recent call last):
  File "C:\Users\Dell\Desktop\forex\Forex-bot\trading_bot.py", line 321, in make_prediction
    probs = model.predict(latest_features) # returns prob of class 1
  File "C:\Users\Dell\Desktop\forex\Forex-bot\ai_model.py", line 45, in predict
    raise RuntimeError("Model is neither trained nor loaded.")
RuntimeError: Model is neither trained nor loaded.

2026-08-11 10:56:00 | ERROR    | trading_bot | Critical Loop Error: unsupported format string passed to NoneType.__format__
2026-08-11 10:56:07 | ERROR    | trading_bot | Traceback (most recent call last):
  File "C:\Users\Dell\Desktop\forex\Forex-bot\trading_bot.py", line 321, in make_prediction
    probs = model.predict(latest_features) # returns prob of class 1
  File "C:\Users\Dell\Desktop\forex\Forex-bot\ai_model.py", line 45, in predict
    raise RuntimeError("Model is neither trained nor loaded.")
RuntimeError: Model is neither trained nor loaded.

2026-08-11 10:56:07 | ERROR    | trading_bot | Critical Loop Error: unsupported format string passed to NoneType.__format__
2026-08-11 10:56:15 | ERROR    | trading_bot | Traceback (most recent call last):
  File "C:\Users\Dell\Desktop\forex\Forex-bot\trading_bot.py", line 321, in make_prediction
    probs = model.predict(latest_features) # returns prob of class 1
  File "C:\Users\Dell\Desktop\forex\Forex-bot\ai_model.py", line 45, in predict
    raise RuntimeError("Model is neither trained nor loaded.")
RuntimeError: Model is neither trained nor loaded.

2026-08-11 10:56:15 | ERROR    | trading_bot | Critical Loop Error: unsupported format string passed to NoneType.__format__
2026-08-11 10:56:22 | ERROR    | trading_bot | Traceback (most recent call last):
  File "C:\Users\Dell\Desktop\forex\Forex-bot\trading_bot.py", line 321, in make_prediction
    probs = model.predict(latest_features) # returns prob of class 1
  File "C:\Users\Dell\Desktop\forex\Forex-bot\ai_model.py", line 45, in predict
    raise RuntimeError("Model is neither trained nor loaded.")
RuntimeError: Model is neither trained nor loaded.

2026-08-11 10:56:22 | ERROR    | trading_bot | Critical Loop Error: unsupported format string passed to NoneType.__format__
2026-08-11 10:56:29 | ERROR    | trading_bot | Traceback (most recent call last):
  File "C:\Users\Dell\Desktop\forex\Forex-bot\trading_bot.py", line 321, in make_prediction
    probs = model.predict(latest_features) # returns prob of class 1
  File "C:\Users\Dell\Desktop\forex\Forex-bot\ai_model.py", line 45, in predict
    raise RuntimeError("Model is neither trained nor loaded.")
RuntimeError: Model is neither trained nor loaded.

2026-08-11 10:56:29 | ERROR    | trading_bot | Critical Loop Error: unsupported format string passed to NoneType.__format__
2026-08-11 10:56:36 | ERROR    | trading_bot | Traceback (most recent call last):
  File "C:\Users\Dell\Desktop\forex\Forex-bot\trading_bot.py", line 321, in make_prediction
    probs = model.predict(latest_features) # returns prob of class 1
  File "C:\Users\Dell\Desktop\forex\Forex-bot\ai_model.py", line 45, in predict
    raise RuntimeError("Model is neither trained nor loaded.")
RuntimeError: Model is neither trained nor loaded.

2026-08-11 10:56:36 | ERROR    | trading_bot | Critical Loop Error: unsupported format string passed to NoneType.__format__
2026-08-11 10:56:44 | ERROR    | trading_bot | Traceback (most recent call last):
  File "C:\Users\Dell\Desktop\forex\Forex-bot\trading_bot.py", line 321, in make_prediction
    probs = model.predict(latest_features) # returns prob of class 1
  File "C:\Users\Dell\Desktop\forex\Forex-bot\ai_model.py", line 45, in predict
    raise RuntimeError("Model is neither trained nor loaded.")
RuntimeError: Model is neither trained nor loaded.

2026-08-11 10:56:44 | ERROR    | trading_bot | Critical Loop Error: unsupported format string passed to NoneType.__format__
2026-08-11 10:56:51 | ERROR    | trading_bot | Traceback (most recent call last):
  File "C:\Users\Dell\Desktop\forex\Forex-bot\trading_bot.py", line 321, in make_prediction
    probs = model.predict(latest_features) # returns prob of class 1
  File "C:\Users\Dell\Desktop\forex\Forex-bot\ai_model.py", line 45, in predict
    raise RuntimeError("Model is neither trained nor loaded.")
RuntimeError: Model is neither trained nor loaded.

2026-08-11 10:56:51 | ERROR    | trading_bot | Critical Loop Error: unsupported format string passed to NoneType.__format__
2026-08-11 10:56:59 | ERROR    | trading_bot | Traceback (most recent call last):
  File "C:\Users\Dell\Desktop\forex\Forex-bot\trading_bot.py", line 321, in make_prediction
    probs = model.predict(latest_features) # returns prob of class 1
  File "C:\Users\Dell\Desktop\forex\Forex-bot\ai_model.py", line 45, in predict
    raise RuntimeError("Model is neither trained nor loaded.")
RuntimeError: Model is neither trained nor loaded.

2026-08-11 10:56:59 | ERROR    | trading_bot | Critical Loop Error: unsupported format string passed to NoneType.__format__
2026-08-11 10:57:06 | ERROR    | trading_bot | Traceback (most recent call last):
  File "C:\Users\Dell\Desktop\forex\Forex-bot\trading_bot.py", line 321, in make_prediction
    probs = model.predict(latest_features) # returns prob of class 1
  File "C:\Users\Dell\Desktop\forex\Forex-bot\ai_model.py", line 45, in predict
    raise RuntimeError("Model is neither trained nor loaded.")
RuntimeError: Model is neither trained nor loaded.

2026-08-11 10:57:06 | ERROR    | trading_bot | Critical Loop Error: unsupported format string passed to NoneType.__format__
2026-08-11 10:57:13 | ERROR    | trading_bot | Traceback (most recent call last):
  File "C:\Users\Dell\Desktop\forex\Forex-bot\trading_bot.py", line 321, in make_prediction
    probs = model.predict(latest_features) # returns prob of class 1
  File "C:\Users\Dell\Desktop\forex\Forex-bot\ai_model.py", line 45, in predict
    raise RuntimeError("Model is neither trained nor loaded.")
RuntimeError: Model is neither trained nor loaded.

2026-08-11 10:57:13 | ERROR    | trading_bot | Critical Loop Error: unsupported format string passed to NoneType.__format__
2026-08-11 10:57:20 | ERROR    | trading_bot | Traceback (most recent call last):
  File "C:\Users\Dell\Desktop\forex\Forex-bot\trading_bot.py", line 321, in make_prediction
    probs = model.predict(latest_features) # returns prob of class 1
  File "C:\Users\Dell\Desktop\forex\Forex-bot\ai_model.py", line 45, in predict
    raise RuntimeError("Model is neither trained nor loaded.")
RuntimeError: Model is neither trained nor loaded.

2026-08-11 10:57:20 | ERROR    | trading_bot | Critical Loop Error: unsupported format string passed to NoneType.__format__
2026-08-11 10:57:28 | ERROR    | trading_bot | Traceback (most recent call last):
  File "C:\Users\Dell\Desktop\forex\Forex-bot\trading_bot.py", line 321, in make_prediction
    probs = model.predict(latest_features) # returns prob of class 1
  File "C:\Users\Dell\Desktop\forex\Forex-bot\ai_model.py", line 45, in predict
    raise RuntimeError("Model is neither trained nor loaded.")
RuntimeError: Model is neither trained nor loaded.

2026-08-11 10:57:28 | ERROR    | trading_bot | Critical Loop Error: unsupported format string passed to NoneType.__format__
2026-08-11 10:57:38 | ERROR    | trading_bot | Traceback (most recent call last):
  File "C:\Users\Dell\Desktop\forex\Forex-bot\trading_bot.py", line 321, in make_prediction
    probs = model.predict(latest_features) # returns prob of class 1
  File "C:\Users\Dell\Desktop\forex\Forex-bot\ai_model.py", line 45, in predict
    raise RuntimeError("Model is neither trained nor loaded.")
RuntimeError: Model is neither trained nor loaded.

2026-08-11 10:57:38 | ERROR    | trading_bot | Critical Loop Error: unsupported format string passed to NoneType.__format__
2026-08-11 10:57:45 | ERROR    | trading_bot | Traceback (most recent call last):
  File "C:\Users\Dell\Desktop\forex\Forex-bot\trading_bot.py", line 321, in make_prediction
    probs = model.predict(latest_features) # returns prob of class 1
  File "C:\Users\Dell\Desktop\forex\Forex-bot\ai_model.py", line 45, in predict
    raise RuntimeError("Model is neither trained nor loaded.")
RuntimeError: Model is neither trained nor loaded.

2026-08-11 10:57:45 | ERROR    | trading_bot | Critical Loop Error: unsupported format string passed to NoneType.__format__
2026-08-11 10:57:52 | ERROR    | trading_bot | Traceback (most recent call last):
  File "C:\Users\Dell\Desktop\forex\Forex-bot\trading_bot.py", line 321, in make_prediction
    probs = model.predict(latest_features) # returns prob of class 1
  File "C:\Users\Dell\Desktop\forex\Forex-bot\ai_model.py", line 45, in predict
    raise RuntimeError("Model is neither trained nor loaded.")
RuntimeError: Model is neither trained nor loaded.

2026-08-11 10:57:52 | ERROR    | trading_bot | Critical Loop Error: unsupported format string passed to NoneType.__format__
2026-08-11 10:57:59 | ERROR    | trading_bot | Traceback (most recent call last):
  File "C:\Users\Dell\Desktop\forex\Forex-bot\trading_bot.py", line 321, in make_prediction
    probs = model.predict(latest_features) # returns prob of class 1
  File "C:\Users\Dell\Desktop\forex\Forex-bot\ai_model.py", line 45, in predict
    raise RuntimeError("Model is neither trained nor loaded.")
RuntimeError: Model is neither trained nor loaded.

2026-08-11 10:57:59 | ERROR    | trading_bot | Critical Loop Error: unsupported format string passed to NoneType.__format__
2026-08-11 10:58:06 | ERROR    | trading_bot | Traceback (most recent call last):
  File "C:\Users\Dell\Desktop\forex\Forex-bot\trading_bot.py", line 321, in make_prediction
    probs = model.predict(latest_features) # returns prob of class 1
  File "C:\Users\Dell\Desktop\forex\Forex-bot\ai_model.py", line 45, in predict
    raise RuntimeError("Model is neither trained nor loaded.")
RuntimeError: Model is neither trained nor loaded.

2026-08-11 10:58:06 | ERROR    | trading_bot | Critical Loop Error: unsupported format string passed to NoneType.__format__
2026-08-11 10:58:15 | ERROR    | trading_bot | Traceback (most recent call last):
  File "C:\Users\Dell\Desktop\forex\Forex-bot\trading_bot.py", line 321, in make_prediction
    probs = model.predict(latest_features) # returns prob of class 1
  File "C:\Users\Dell\Desktop\forex\Forex-bot\ai_model.py", line 45, in predict
    raise RuntimeError("Model is neither trained nor loaded.")
RuntimeError: Model is neither trained nor loaded.

2026-08-11 10:58:15 | ERROR    | trading_bot | Critical Loop Error: unsupported format string passed to NoneType.__format__
2026-08-11 10:58:22 | ERROR    | trading_bot | Traceback (most recent call last):
  File "C:\Users\Dell\Desktop\forex\Forex-bot\trading_bot.py", line 321, in make_prediction
    probs = model.predict(latest_features) # returns prob of class 1
  File "C:\Users\Dell\Desktop\forex\Forex-bot\ai_model.py", line 45, in predict
    raise RuntimeError("Model is neither trained nor loaded.")
RuntimeError: Model is neither trained nor loaded.

2026-08-11 10:58:22 | ERROR    | trading_bot | Critical Loop Error: unsupported format string passed to NoneType.__format__
2026-08-11 10:58:30 | ERROR    | trading_bot | Traceback (most recent call last):
  File "C:\Users\Dell\Desktop\forex\Forex-bot\trading_bot.py", line 321, in make_prediction
    probs = model.predict(latest_features) # returns prob of class 1
  File "C:\Users\Dell\Desktop\forex\Forex-bot\ai_model.py", line 45, in predict
    raise RuntimeError("Model is neither trained nor loaded.")
RuntimeError: Model is neither trained nor loaded.

2026-08-11 10:58:30 | ERROR    | trading_bot | Critical Loop Error: unsupported format string passed to NoneType.__format__
2026-08-11 10:58:37 | ERROR    | trading_bot | Traceback (most recent call last):
  File "C:\Users\Dell\Desktop\forex\Forex-bot\trading_bot.py", line 321, in make_prediction
    probs = model.predict(latest_features) # returns prob of class 1
  File "C:\Users\Dell\Desktop\forex\Forex-bot\ai_model.py", line 45, in predict
    raise RuntimeError("Model is neither trained nor loaded.")
RuntimeError: Model is neither trained nor loaded.

2026-08-11 10:58:37 | ERROR    | trading_bot | Critical Loop Error: unsupported format string passed to NoneType.__format__
2026-08-11 10:58:45 | ERROR    | trading_bot | Traceback (most recent call last):
  File "C:\Users\Dell\Desktop\forex\Forex-bot\trading_bot.py", line 321, in make_prediction
    probs = model.predict(latest_features) # returns prob of class 1
  File "C:\Users\Dell\Desktop\forex\Forex-bot\ai_model.py", line 45, in predict
    raise RuntimeError("Model is neither trained nor loaded.")
RuntimeError: Model is neither trained nor loaded.

2026-08-11 10:58:45 | ERROR    | trading_bot | Critical Loop Error: unsupported format string passed to NoneType.__format__
2026-08-11 10:58:52 | ERROR    | trading_bot | Traceback (most recent call last):
  File "C:\Users\Dell\Desktop\forex\Forex-bot\trading_bot.py", line 321, in make_prediction
    probs = model.predict(latest_features) # returns prob of class 1
  File "C:\Users\Dell\Desktop\forex\Forex-bot\ai_model.py", line 45, in predict
    raise RuntimeError("Model is neither trained nor loaded.")
RuntimeError: Model is neither trained nor loaded.

2026-08-11 10:58:52 | ERROR    | trading_bot | Critical Loop Error: unsupported format string passed to NoneType.__format__
2026-08-11 10:58:59 | ERROR    | trading_bot | Traceback (most recent call last):
  File "C:\Users\Dell\Desktop\forex\Forex-bot\trading_bot.py", line 321, in make_prediction
    probs = model.predict(latest_features) # returns prob of class 1
  File "C:\Users\Dell\Desktop\forex\Forex-bot\ai_model.py", line 45, in predict
    raise RuntimeError("Model is neither trained nor loaded.")
RuntimeError: Model is neither trained nor loaded.

2026-08-11 10:58:59 | ERROR    | trading_bot | Critical Loop Error: unsupported format string passed to NoneType.__format__
2026-08-11 10:59:06 | ERROR    | trading_bot | Traceback (most recent call last):
  File "C:\Users\Dell\Desktop\forex\Forex-bot\trading_bot.py", line 321, in make_prediction
    probs = model.predict(latest_features) # returns prob of class 1
  File "C:\Users\Dell\Desktop\forex\Forex-bot\ai_model.py", line 45, in predict
    raise RuntimeError("Model is neither trained nor loaded.")
RuntimeError: Model is neither trained nor loaded.

2026-08-11 10:59:06 | ERROR    | trading_bot | Critical Loop Error: unsupported format string passed to NoneType.__format__
2026-08-11 10:59:14 | ERROR    | trading_bot | Traceback (most recent call last):
  File "C:\Users\Dell\Desktop\forex\Forex-bot\trading_bot.py", line 321, in make_prediction
    probs = model.predict(latest_features) # returns prob of class 1
  File "C:\Users\Dell\Desktop\forex\Forex-bot\ai_model.py", line 45, in predict
    raise RuntimeError("Model is neither trained nor loaded.")
RuntimeError: Model is neither trained nor loaded.

2026-08-11 10:59:14 | ERROR    | trading_bot | Critical Loop Error: unsupported format string passed to NoneType.__format__
2026-08-11 10:59:21 | ERROR    | trading_bot | Traceback (most recent call last):
  File "C:\Users\Dell\Desktop\forex\Forex-bot\trading_bot.py", line 321, in make_prediction
    probs = model.predict(latest_features) # returns prob of class 1
  File "C:\Users\Dell\Desktop\forex\Forex-bot\ai_model.py", line 45, in predict
    raise RuntimeError("Model is neither trained nor loaded.")
RuntimeError: Model is neither trained nor loaded.

2026-08-11 10:59:21 | ERROR    | trading_bot | Critical Loop Error: unsupported format string passed to NoneType.__format__
2026-08-11 11:10:07 | ERROR    | trading_bot | [EURUSD-OTC] Failed to load LSTM weights. Using untrained. Error: Error(s) in loading state_dict for TradingLSTM:
	Missing key(s) in state_dict: "lstm.weight_ih_l0", "lstm.weight_hh_l0", "lstm.bias_ih_l0", "lstm.bias_hh_l0", "lstm.weight_ih_l1", "lstm.weight_hh_l1", "lstm.bias_ih_l1", "lstm.bias_hh_l1", "fc.0.weight", "fc.0.bias", "fc.3.weight", "fc.3.bias". 
	Unexpected key(s) in state_dict: "model_state_dict", "input_size", "seq_length", "ticker", "rmse", "feature_columns". 
2026-08-11 11:15:55 | ERROR    | trading_bot | [EURUSD-OTC] Failed to load LSTM weights. Using untrained. Error: Error(s) in loading state_dict for TradingLSTM:
	Missing key(s) in state_dict: "lstm.weight_ih_l0", "lstm.weight_hh_l0", "lstm.bias_ih_l0", "lstm.bias_hh_l0", "lstm.weight_ih_l1", "lstm.weight_hh_l1", "lstm.bias_ih_l1", "lstm.bias_hh_l1", "fc.0.weight", "fc.0.bias", "fc.3.weight", "fc.3.bias". 
	Unexpected key(s) in state_dict: "model_state_dict", "input_size", "seq_length", "ticker", "rmse", "feature_columns". 
2026-08-11 11:22:45 | ERROR    | trading_bot | [EURUSD-OTC] Failed to load LSTM weights. Using untrained. Error: Error(s) in loading state_dict for TradingLSTM:
	Missing key(s) in state_dict: "lstm.weight_ih_l0", "lstm.weight_hh_l0", "lstm.bias_ih_l0", "lstm.bias_hh_l0", "lstm.weight_ih_l1", "lstm.weight_hh_l1", "lstm.bias_ih_l1", "lstm.bias_hh_l1", "fc.0.weight", "fc.0.bias", "fc.3.weight", "fc.3.bias". 
	Unexpected key(s) in state_dict: "model_state_dict", "input_size", "seq_length", "ticker", "rmse", "feature_columns". 
2026-08-12 23:30:47 | ERROR    | trading_bot | [EURUSD-OTC] Failed to load LSTM weights. Using untrained. Error: Error(s) in loading state_dict for TradingLSTM:
	size mismatch for lstm.weight_ih_l0: copying a param with shape torch.Size([128, 70]) from checkpoint, the shape in current model is torch.Size([256, 57]).
	size mismatch for lstm.weight_hh_l0: copying a param with shape torch.Size([128, 32]) from checkpoint, the shape in current model is torch.Size([256, 64]).
	size mismatch for lstm.bias_ih_l0: copying a param with shape torch.Size([128]) from checkpoint, the shape in current model is torch.Size([256]).
	size mismatch for lstm.bias_hh_l0: copying a param with shape torch.Size([128]) from checkpoint, the shape in current model is torch.Size([256]).
	size mismatch for lstm.weight_ih_l1: copying a param with shape torch.Size([128, 32]) from checkpoint, the shape in current model is torch.Size([256, 64]).
	size mismatch for lstm.weight_hh_l1: copying a param with shape torch.Size([128, 32]) from checkpoint, the shape in current model is torch.Size([256, 64]).
	size mismatch for lstm.bias_ih_l1: copying a param with shape torch.Size([128]) from checkpoint, the shape in current model is torch.Size([256]).
	size mismatch for lstm.bias_hh_l1: copying a param with shape torch.Size([128]) from checkpoint, the shape in current model is torch.Size([256]).
	size mismatch for fc.0.weight: copying a param with shape torch.Size([16, 32]) from checkpoint, the shape in current model is torch.Size([16, 64]).
2026-08-12 23:30:50 | ERROR    | trading_bot | Critical Loop Error: 'TradingBot' object has no attribute 'check_binary_outcomes'
2026-08-12 23:30:55 | ERROR    | trading_bot | Critical Loop Error: 'TradingBot' object has no attribute 'check_binary_outcomes'
2026-08-12 23:31:00 | ERROR    | trading_bot | Critical Loop Error: 'TradingBot' object has no attribute 'check_binary_outcomes'
2026-08-12 23:31:05 | ERROR    | trading_bot | Critical Loop Error: 'TradingBot' object has no attribute 'check_binary_outcomes'
2026-08-12 23:31:11 | ERROR    | trading_bot | Critical Loop Error: 'TradingBot' object has no attribute 'check_binary_outcomes'
2026-08-12 23:31:16 | ERROR    | trading_bot | Critical Loop Error: 'TradingBot' object has no attribute 'check_binary_outcomes'
2026-08-12 23:32:42 | ERROR    | trading_bot | [EURUSD-OTC] Failed to load LSTM weights. Using untrained. Error: Error(s) in loading state_dict for TradingLSTM:
	size mismatch for lstm.weight_ih_l0: copying a param with shape torch.Size([128, 70]) from checkpoint, the shape in current model is torch.Size([256, 57]).
	size mismatch for lstm.weight_hh_l0: copying a param with shape torch.Size([128, 32]) from checkpoint, the shape in current model is torch.Size([256, 64]).
	size mismatch for lstm.bias_ih_l0: copying a param with shape torch.Size([128]) from checkpoint, the shape in current model is torch.Size([256]).
	size mismatch for lstm.bias_hh_l0: copying a param with shape torch.Size([128]) from checkpoint, the shape in current model is torch.Size([256]).
	size mismatch for lstm.weight_ih_l1: copying a param with shape torch.Size([128, 32]) from checkpoint, the shape in current model is torch.Size([256, 64]).
	size mismatch for lstm.weight_hh_l1: copying a param with shape torch.Size([128, 32]) from checkpoint, the shape in current model is torch.Size([256, 64]).
	size mismatch for lstm.bias_ih_l1: copying a param with shape torch.Size([128]) from checkpoint, the shape in current model is torch.Size([256]).
	size mismatch for lstm.bias_hh_l1: copying a param with shape torch.Size([128]) from checkpoint, the shape in current model is torch.Size([256]).
	size mismatch for fc.0.weight: copying a param with shape torch.Size([16, 32]) from checkpoint, the shape in current model is torch.Size([16, 64]).
2026-08-12 23:32:50 | CRITICAL | trading_bot | [FAIL] MODEL FAILURE (lstm): input.size(-1) must be equal to input_size. Expected 57, got 70
2026-08-12 23:32:50 | ERROR    | trading_bot | Traceback (most recent call last):
  File "C:\Users\Dell\Desktop\forex\Forex-bot\trading_bot.py", line 347, in make_prediction
    logits = model(X_tensor)
  File "C:\Users\Dell\AppData\Roaming\Python\Python314\site-packages\torch\nn\modules\module.py", line 1779, in _wrapped_call_impl
    return self._call_impl(*args, **kwargs)
           ~~~~~~~~~~~~~~~^^^^^^^^^^^^^^^^^
  File "C:\Users\Dell\AppData\Roaming\Python\Python314\site-packages\torch\nn\modules\module.py", line 1790, in _call_impl
    return forward_call(*args, **kwargs)
  File "C:\Users\Dell\Desktop\forex\Forex-bot\models\lstm_model.py", line 55, in forward
    lstm_out, _ = self.lstm(x)
                  ~~~~~~~~~^^^
  File "C:\Users\Dell\AppData\Roaming\Python\Python314\site-packages\torch\nn\modules\module.py", line 1779, in _wrapped_call_impl
    return self._call_impl(*args, **kwargs)
           ~~~~~~~~~~~~~~~^^^^^^^^^^^^^^^^^
  File "C:\Users\Dell\AppData\Roaming\Python\Python314\site-packages\torch\nn\modules\module.py", line 1790, in _call_impl
    return forward_call(*args, **kwargs)
  File "C:\Users\Dell\AppData\Roaming\Python\Python314\site-packages\torch\nn\modules\rnn.py", line 1145, in forward
    self.check_forward_args(input, hx, batch_sizes)
    ~~~~~~~~~~~~~~~~~~~~~~~^^^^^^^^^^^^^^^^^^^^^^^^
  File "C:\Users\Dell\AppData\Roaming\Python\Python314\site-packages\torch\nn\modules\rnn.py", line 1039, in check_forward_args
    self.check_input(input, batch_sizes)
    ~~~~~~~~~~~~~~~~^^^^^^^^^^^^^^^^^^^^
  File "C:\Users\Dell\AppData\Roaming\Python\Python314\site-packages\torch\nn\modules\rnn.py", line 329, in check_input
    raise RuntimeError(
        f"input.size(-1) must be equal to input_size. Expected {self.input_size}, got {input.size(-1)}"
    )
RuntimeError: input.size(-1) must be equal to input_size. Expected 57, got 70

2026-08-12 23:35:04 | CRITICAL | trading_bot | [FAIL] MODEL FAILURE (lstm): input.size(-1) must be equal to input_size. Expected 57, got 70
2026-08-12 23:35:04 | ERROR    | trading_bot | Traceback (most recent call last):
  File "C:\Users\Dell\Desktop\forex\Forex-bot\trading_bot.py", line 347, in make_prediction
    logits = model(X_tensor)
  File "C:\Users\Dell\AppData\Roaming\Python\Python314\site-packages\torch\nn\modules\module.py", line 1779, in _wrapped_call_impl
    return self._call_impl(*args, **kwargs)
           ~~~~~~~~~~~~~~~^^^^^^^^^^^^^^^^^
  File "C:\Users\Dell\AppData\Roaming\Python\Python314\site-packages\torch\nn\modules\module.py", line 1790, in _call_impl
    return forward_call(*args, **kwargs)
  File "C:\Users\Dell\Desktop\forex\Forex-bot\models\lstm_model.py", line 55, in forward
    lstm_out, _ = self.lstm(x)
                  ~~~~~~~~~^^^
  File "C:\Users\Dell\AppData\Roaming\Python\Python314\site-packages\torch\nn\modules\module.py", line 1779, in _wrapped_call_impl
    return self._call_impl(*args, **kwargs)
           ~~~~~~~~~~~~~~~^^^^^^^^^^^^^^^^^
  File "C:\Users\Dell\AppData\Roaming\Python\Python314\site-packages\torch\nn\modules\module.py", line 1790, in _call_impl
    return forward_call(*args, **kwargs)
  File "C:\Users\Dell\AppData\Roaming\Python\Python314\site-packages\torch\nn\modules\rnn.py", line 1145, in forward
    self.check_forward_args(input, hx, batch_sizes)
    ~~~~~~~~~~~~~~~~~~~~~~~^^^^^^^^^^^^^^^^^^^^^^^^
  File "C:\Users\Dell\AppData\Roaming\Python\Python314\site-packages\torch\nn\modules\rnn.py", line 1039, in check_forward_args
    self.check_input(input, batch_sizes)
    ~~~~~~~~~~~~~~~~^^^^^^^^^^^^^^^^^^^^
  File "C:\Users\Dell\AppData\Roaming\Python\Python314\site-packages\torch\nn\modules\rnn.py", line 329, in check_input
    raise RuntimeError(
        f"input.size(-1) must be equal to input_size. Expected {self.input_size}, got {input.size(-1)}"
    )
RuntimeError: input.size(-1) must be equal to input_size. Expected 57, got 70

2026-08-12 23:35:56 | ERROR    | trading_bot | Critical Loop Error: '>' not supported between instances of 'dict' and 'float'
2026-08-12 23:36:05 | ERROR    | trading_bot | Critical Loop Error: '>' not supported between instances of 'dict' and 'float'
2026-08-12 23:36:19 | ERROR    | trading_bot | Critical Loop Error: '>' not supported between instances of 'dict' and 'float'
2026-08-12 23:36:28 | ERROR    | trading_bot | Critical Loop Error: '>' not supported between instances of 'dict' and 'float'
2026-08-12 23:36:37 | ERROR    | trading_bot | Critical Loop Error: '>' not supported between instances of 'dict' and 'float'
2026-08-12 23:36:47 | ERROR    | trading_bot | Critical Loop Error: '>' not supported between instances of 'dict' and 'float'
2026-08-12 23:37:11 | ERROR    | trading_bot | Critical Loop Error: '>' not supported between instances of 'dict' and 'float'
2026-08-12 23:38:27 | ERROR    | trading_bot | Critical Loop Error: '>' not supported between instances of 'dict' and 'float'
2026-08-12 23:38:36 | ERROR    | trading_bot | Critical Loop Error: '>' not supported between instances of 'dict' and 'float'
2026-08-12 23:38:46 | ERROR    | trading_bot | Critical Loop Error: '>' not supported between instances of 'dict' and 'float'
2026-08-12 23:38:55 | ERROR    | trading_bot | Critical Loop Error: '>' not supported between instances of 'dict' and 'float'
2026-08-12 23:39:04 | ERROR    | trading_bot | Critical Loop Error: '>' not supported between instances of 'dict' and 'float'
2026-08-12 23:39:13 | ERROR    | trading_bot | Critical Loop Error: '>' not supported between instances of 'dict' and 'float'
2026-08-12 23:39:22 | ERROR    | trading_bot | Critical Loop Error: '>' not supported between instances of 'dict' and 'float'
2026-08-14 08:40:08 | ERROR    | trading_bot | Critical Loop Error: Expecting value: line 1 column 2 (char 1)
2026-08-14 08:40:14 | ERROR    | trading_bot | Reconnection failed: Expecting value: line 1 column 2 (char 1)
2026-08-14 08:40:16 | ERROR    | trading_bot | Critical Loop Error: Expecting value: line 1 column 2 (char 1)
2026-08-14 08:40:21 | ERROR    | trading_bot | Reconnection failed: Expecting value: line 1 column 2 (char 1)
2026-08-14 08:40:22 | ERROR    | trading_bot | Critical Loop Error: Expecting value: line 1 column 2 (char 1)
2026-08-14 08:40:27 | ERROR    | trading_bot | Reconnection failed: Expecting value: line 1 column 2 (char 1)
2026-08-14 08:40:27 | ERROR    | trading_bot | Critical Loop Error: Expecting value: line 1 column 2 (char 1)
2026-08-14 08:40:32 | ERROR    | trading_bot | Reconnection failed: Expecting value: line 1 column 2 (char 1)
2026-08-14 08:40:33 | ERROR    | trading_bot | Critical Loop Error: Expecting value: line 1 column 2 (char 1)
2026-08-14 08:40:38 | ERROR    | trading_bot | Reconnection failed: Expecting value: line 1 column 2 (char 1)
2026-08-14 08:40:38 | ERROR    | trading_bot | Critical Loop Error: Expecting value: line 1 column 2 (char 1)
2026-08-14 08:40:43 | ERROR    | trading_bot | Reconnection failed: Expecting value: line 1 column 2 (char 1)
2026-08-14 08:40:43 | ERROR    | trading_bot | Critical Loop Error: Expecting value: line 1 column 2 (char 1)
2026-08-14 08:40:48 | ERROR    | trading_bot | Reconnection failed: Expecting value: line 1 column 2 (char 1)
2026-08-14 08:40:48 | ERROR    | trading_bot | Critical Loop Error: Expecting value: line 1 column 2 (char 1)
2026-08-14 08:40:53 | ERROR    | trading_bot | Reconnection failed: Expecting value: line 1 column 2 (char 1)
2026-08-14 08:40:53 | ERROR    | trading_bot | Critical Loop Error: Expecting value: line 1 column 2 (char 1)
2026-08-14 08:40:58 | ERROR    | trading_bot | Reconnection failed: Expecting value: line 1 column 2 (char 1)
2026-08-14 08:40:58 | ERROR    | trading_bot | Critical Loop Error: Expecting value: line 1 column 2 (char 1)
2026-08-14 08:41:04 | ERROR    | trading_bot | Reconnection failed: Expecting value: line 1 column 2 (char 1)
2026-08-14 08:41:04 | ERROR    | trading_bot | Critical Loop Error: Expecting value: line 1 column 2 (char 1)
2026-08-14 08:41:10 | ERROR    | trading_bot | Reconnection failed: Expecting value: line 1 column 2 (char 1)
2026-08-14 08:41:10 | ERROR    | trading_bot | Critical Loop Error: Expecting value: line 1 column 2 (char 1)
2026-08-14 13:11:18 | ERROR    | trading_bot | Order rejected for EURUSD. Possible suspension. Triggering rotation.
2026-08-14 13:16:39 | ERROR    | trading_bot | Order rejected for EURUSD. Possible suspension. Triggering rotation.
2026-08-14 13:22:00 | ERROR    | trading_bot | Auto-Pair Rotation failed: argument of type 'float' is not a container or iterable
2026-08-14 13:24:41 | ERROR    | trading_bot | Order rejected for EURGBP. Possible suspension. Triggering rotation.
2026-08-14 13:33:46 | ERROR    | trading_bot | Order rejected for USDJPY. Possible suspension. Triggering rotation.
2026-08-14 13:42:02 | ERROR    | trading_bot | Order rejected for EURGBP. Possible suspension. Triggering rotation.
2026-08-14 13:52:03 | ERROR    | trading_bot | Order rejected for USDJPY. Possible suspension. Triggering rotation.
2026-08-14 14:00:02 | ERROR    | trading_bot | Order rejected for EURGBP. Possible suspension. Triggering rotation.
2026-08-14 14:10:06 | ERROR    | trading_bot | Order rejected for USDJPY. Possible suspension. Triggering rotation.
2026-08-14 14:17:38 | ERROR    | trading_bot | Order rejected for EURGBP. Possible suspension. Triggering rotation.
2026-08-14 14:25:16 | ERROR    | trading_bot | Order rejected for USDJPY. Possible suspension. Triggering rotation.
2026-08-14 14:32:02 | ERROR    | trading_bot | Order rejected for EURGBP. Possible suspension. Triggering rotation.
2026-08-14 14:39:27 | ERROR    | trading_bot | Order rejected for USDJPY. Possible suspension. Triggering rotation.
2026-08-14 14:46:01 | ERROR    | trading_bot | Order rejected for EURGBP. Possible suspension. Triggering rotation.
2026-08-14 14:53:25 | ERROR    | trading_bot | Order rejected for USDJPY. Possible suspension. Triggering rotation.
2026-08-14 15:00:02 | ERROR    | trading_bot | Order rejected for EURGBP. Possible suspension. Triggering rotation.
2026-08-14 15:07:29 | ERROR    | trading_bot | Order rejected for USDJPY. Possible suspension. Triggering rotation.
2026-08-14 15:14:02 | ERROR    | trading_bot | Order rejected for EURGBP. Possible suspension. Triggering rotation.
2026-08-14 15:21:20 | ERROR    | trading_bot | Order rejected for USDJPY. Possible suspension. Triggering rotation.
2026-08-14 15:28:31 | ERROR    | trading_bot | Order rejected for USDJPY. Possible suspension. Triggering rotation.
2026-08-14 15:37:41 | ERROR    | trading_bot | Order rejected for EURGBP. Possible suspension. Triggering rotation.
2026-08-14 15:45:38 | ERROR    | trading_bot | Order rejected for USDJPY. Possible suspension. Triggering rotation.
2026-08-14 15:54:03 | ERROR    | trading_bot | Order rejected for EURGBP. Possible suspension. Triggering rotation.
2026-08-14 16:03:23 | ERROR    | trading_bot | Order rejected for USDJPY. Possible suspension. Triggering rotation.
2026-08-14 16:12:02 | ERROR    | trading_bot | Order rejected for EURGBP. Possible suspension. Triggering rotation.
2026-08-14 16:20:03 | ERROR    | trading_bot | Order rejected for USDJPY. Possible suspension. Triggering rotation.
2026-08-14 16:29:04 | ERROR    | trading_bot | Order rejected for USDJPY. Possible suspension. Triggering rotation.
2026-08-14 16:29:04 | ERROR    | trading_bot | Order Execution Failed: 'TradingBot' object has no attribute 'rejected_pairs'
2026-08-14 16:30:06 | ERROR    | trading_bot | Order rejected for USDJPY. Possible suspension. Triggering rotation.
2026-08-14 16:30:06 | ERROR    | trading_bot | Order Execution Failed: 'TradingBot' object has no attribute 'rejected_pairs'
2026-08-14 16:31:27 | ERROR    | trading_bot | Order rejected for USDJPY. Possible suspension. Triggering rotation.
2026-08-14 16:38:03 | ERROR    | trading_bot | Order rejected for EURGBP. Possible suspension. Triggering rotation.
2026-08-14 16:52:02 | ERROR    | trading_bot | Order rejected for EURAUD. Possible suspension. Triggering rotation.
2026-08-14 17:00:03 | ERROR    | trading_bot | Order rejected for AUDUSD. Possible suspension. Triggering rotation.
2026-08-14 17:07:37 | ERROR    | trading_bot | Order rejected for USDCAD. Possible suspension. Triggering rotation.
2026-08-14 17:16:02 | ERROR    | trading_bot | Order rejected for NZDUSD. Possible suspension. Triggering rotation.
2026-08-14 17:16:34 | ERROR    | trading_bot | Failed to fetch data for EURUSD-OTC.
2026-08-19 23:56:17 | ERROR    | trading_bot | Reconnection failed: Expecting value: line 1 column 2 (char 1)
2026-08-19 23:56:51 | ERROR    | trading_bot | Reconnection failed: Expecting value: line 1 column 2 (char 1)
2026-08-20 14:45:40 | ERROR    | trading_bot | Order rejected for NZDUSD-OTC. Possible suspension. Triggering rotation.
2026-08-20 15:37:44 | ERROR    | trading_bot | Order rejected for EURGBP. Possible suspension. Triggering rotation.
2026-08-20 16:13:39 | ERROR    | trading_bot | Order rejected for USDJPY. Possible suspension. Triggering rotation.
2026-08-21 08:29:59 | ERROR    | trading_bot | Error preparing features for lstm: The feature names should match those that were passed during fit.
Feature names must be in the same order as they were in fit.

2026-08-21 08:32:02 | ERROR    | trading_bot | Error preparing features for lstm: The feature names should match those that were passed during fit.
Feature names must be in the same order as they were in fit.

2026-08-21 08:34:02 | ERROR    | trading_bot | Error preparing features for lstm: The feature names should match those that were passed during fit.
Feature names must be in the same order as they were in fit.

2026-08-21 08:36:01 | ERROR    | trading_bot | Error preparing features for lstm: The feature names should match those that were passed during fit.
Feature names must be in the same order as they were in fit.

2026-08-21 08:38:01 | ERROR    | trading_bot | Error preparing features for lstm: The feature names should match those that were passed during fit.
Feature names must be in the same order as they were in fit.

2026-08-21 08:40:01 | ERROR    | trading_bot | Error preparing features for lstm: The feature names should match those that were passed during fit.
Feature names must be in the same order as they were in fit.

2026-08-21 08:42:02 | ERROR    | trading_bot | Error preparing features for lstm: The feature names should match those that were passed during fit.
Feature names must be in the same order as they were in fit.

2026-08-21 08:44:01 | ERROR    | trading_bot | Error preparing features for lstm: The feature names should match those that were passed during fit.
Feature names must be in the same order as they were in fit.

2026-08-21 08:46:01 | ERROR    | trading_bot | Error preparing features for lstm: The feature names should match those that were passed during fit.
Feature names must be in the same order as they were in fit.

2026-08-21 08:48:01 | ERROR    | trading_bot | Error preparing features for lstm: The feature names should match those that were passed during fit.
Feature names must be in the same order as they were in fit.

2026-08-21 08:50:02 | ERROR    | trading_bot | Error preparing features for lstm: The feature names should match those that were passed during fit.
Feature names must be in the same order as they were in fit.

2026-08-21 08:52:01 | ERROR    | trading_bot | Error preparing features for lstm: The feature names should match those that were passed during fit.
Feature names must be in the same order as they were in fit.

2026-08-21 08:54:02 | ERROR    | trading_bot | Error preparing features for lstm: The feature names should match those that were passed during fit.
Feature names must be in the same order as they were in fit.

2026-08-21 08:56:02 | ERROR    | trading_bot | Error preparing features for lstm: The feature names should match those that were passed during fit.
Feature names must be in the same order as they were in fit.

2026-08-21 08:58:02 | ERROR    | trading_bot | Error preparing features for lstm: The feature names should match those that were passed during fit.
Feature names must be in the same order as they were in fit.

2026-08-21 09:00:01 | ERROR    | trading_bot | Error preparing features for lstm: The feature names should match those that were passed during fit.
Feature names must be in the same order as they were in fit.

2026-08-21 09:02:01 | ERROR    | trading_bot | Error preparing features for lstm: The feature names should match those that were passed during fit.
Feature names must be in the same order as they were in fit.

2026-08-21 09:04:01 | ERROR    | trading_bot | Error preparing features for lstm: The feature names should match those that were passed during fit.
Feature names must be in the same order as they were in fit.

2026-08-21 09:06:01 | ERROR    | trading_bot | Error preparing features for lstm: The feature names should match those that were passed during fit.
Feature names must be in the same order as they were in fit.

2026-08-21 09:08:01 | ERROR    | trading_bot | Error preparing features for lstm: The feature names should match those that were passed during fit.
Feature names must be in the same order as they were in fit.

2026-08-21 09:10:01 | ERROR    | trading_bot | Error preparing features for lstm: The feature names should match those that were passed during fit.
Feature names must be in the same order as they were in fit.

2026-08-21 09:12:01 | ERROR    | trading_bot | Error preparing features for lstm: The feature names should match those that were passed during fit.
Feature names must be in the same order as they were in fit.

2026-08-21 09:14:01 | ERROR    | trading_bot | Error preparing features for lstm: The feature names should match those that were passed during fit.
Feature names must be in the same order as they were in fit.

2026-08-21 09:16:04 | ERROR    | trading_bot | Error preparing features for lstm: The feature names should match those that were passed during fit.
Feature names must be in the same order as they were in fit.

2026-08-21 09:18:03 | ERROR    | trading_bot | Error preparing features for lstm: The feature names should match those that were passed during fit.
Feature names must be in the same order as they were in fit.

2026-08-21 09:20:02 | ERROR    | trading_bot | Error preparing features for lstm: The feature names should match those that were passed during fit.
Feature names must be in the same order as they were in fit.

2026-08-21 09:22:01 | ERROR    | trading_bot | Error preparing features for lstm: The feature names should match those that were passed during fit.
Feature names must be in the same order as they were in fit.

2026-08-21 09:24:02 | ERROR    | trading_bot | Error preparing features for lstm: The feature names should match those that were passed during fit.
Feature names must be in the same order as they were in fit.

2026-08-21 09:26:01 | ERROR    | trading_bot | Error preparing features for lstm: The feature names should match those that were passed during fit.
Feature names must be in the same order as they were in fit.

2026-08-21 09:28:01 | ERROR    | trading_bot | Error preparing features for lstm: The feature names should match those that were passed during fit.
Feature names must be in the same order as they were in fit.

2026-08-21 09:30:02 | ERROR    | trading_bot | Error preparing features for lstm: The feature names should match those that were passed during fit.
Feature names must be in the same order as they were in fit.

2026-08-21 09:32:02 | ERROR    | trading_bot | Error preparing features for lstm: The feature names should match those that were passed during fit.
Feature names must be in the same order as they were in fit.

2026-08-21 09:34:01 | ERROR    | trading_bot | Error preparing features for lstm: The feature names should match those that were passed during fit.
Feature names must be in the same order as they were in fit.

2026-08-21 09:36:02 | ERROR    | trading_bot | Error preparing features for lstm: The feature names should match those that were passed during fit.
Feature names must be in the same order as they were in fit.

2026-08-21 09:38:02 | ERROR    | trading_bot | Error preparing features for lstm: The feature names should match those that were passed during fit.
Feature names must be in the same order as they were in fit.

2026-08-21 09:40:02 | ERROR    | trading_bot | Error preparing features for lstm: The feature names should match those that were passed during fit.
Feature names must be in the same order as they were in fit.

2026-08-21 09:42:02 | ERROR    | trading_bot | Error preparing features for lstm: The feature names should match those that were passed during fit.
Feature names must be in the same order as they were in fit.

2026-08-21 09:44:01 | ERROR    | trading_bot | Error preparing features for lstm: The feature names should match those that were passed during fit.
Feature names must be in the same order as they were in fit.

2026-08-21 09:46:02 | ERROR    | trading_bot | Error preparing features for lstm: The feature names should match those that were passed during fit.
Feature names must be in the same order as they were in fit.

2026-08-21 09:47:11 | ERROR    | trading_bot | Order rejected for EURAUD. Possible suspension. Triggering rotation.
2026-08-21 09:52:50 | ERROR    | trading_bot | Order rejected for EURAUD. Possible suspension. Triggering rotation.
2026-08-21 10:17:39 | ERROR    | trading_bot | Order rejected for EURGBP. Possible suspension. Triggering rotation.
2026-08-21 13:06:12 | ERROR    | trading_bot | Timeout while fetching candles for USDJPY
2026-08-21 14:45:01 | ERROR    | trading_bot | Order rejected for AUDUSD. Possible suspension. Triggering rotation.
2026-08-21 15:26:01 | ERROR    | trading_bot | Critical Loop Error: [WinError 233] No process is on the other end of the pipe
2026-08-21 15:26:07 | ERROR    | trading_bot | Critical Loop Error: [WinError 233] No process is on the other end of the pipe
2026-08-21 15:26:13 | ERROR    | trading_bot | Critical Loop Error: [WinError 233] No process is on the other end of the pipe
2026-08-21 15:26:20 | ERROR    | trading_bot | Critical Loop Error: [WinError 233] No process is on the other end of the pipe
2026-08-21 15:26:26 | ERROR    | trading_bot | Critical Loop Error: [WinError 233] No process is on the other end of the pipe
2026-08-21 15:26:33 | ERROR    | trading_bot | Critical Loop Error: [WinError 233] No process is on the other end of the pipe
2026-08-21 15:26:39 | ERROR    | trading_bot | Critical Loop Error: [WinError 233] No process is on the other end of the pipe
2026-08-21 15:26:45 | ERROR    | trading_bot | Critical Loop Error: [WinError 233] No process is on the other end of the pipe
2026-08-21 15:26:51 | ERROR    | trading_bot | Critical Loop Error: [WinError 233] No process is on the other end of the pipe
2026-08-21 15:26:57 | ERROR    | trading_bot | Critical Loop Error: [WinError 233] No process is on the other end of the pipe
2026-08-21 15:27:03 | ERROR    | trading_bot | Critical Loop Error: [WinError 233] No process is on the other end of the pipe
2026-08-21 15:27:09 | ERROR    | trading_bot | Critical Loop Error: [WinError 233] No process is on the other end of the pipe
2026-08-21 15:27:15 | ERROR    | trading_bot | Critical Loop Error: [WinError 233] No process is on the other end of the pipe
2026-08-21 15:27:21 | ERROR    | trading_bot | Critical Loop Error: [WinError 233] No process is on the other end of the pipe
2026-08-21 15:27:27 | ERROR    | trading_bot | Critical Loop Error: [WinError 233] No process is on the other end of the pipe
2026-08-21 15:27:34 | ERROR    | trading_bot | Critical Loop Error: [WinError 233] No process is on the other end of the pipe
2026-08-21 15:27:40 | ERROR    | trading_bot | Critical Loop Error: [WinError 233] No process is on the other end of the pipe
2026-08-21 15:27:46 | ERROR    | trading_bot | Critical Loop Error: [WinError 233] No process is on the other end of the pipe
2026-08-21 15:27:52 | ERROR    | trading_bot | Critical Loop Error: [WinError 233] No process is on the other end of the pipe
2026-08-21 15:27:58 | ERROR    | trading_bot | Critical Loop Error: [WinError 233] No process is on the other end of the pipe
2026-08-21 15:28:05 | ERROR    | trading_bot | Critical Loop Error: [WinError 233] No process is on the other end of the pipe
2026-08-21 15:28:11 | ERROR    | trading_bot | Critical Loop Error: [WinError 233] No process is on the other end of the pipe
2026-08-21 15:28:17 | ERROR    | trading_bot | Critical Loop Error: [WinError 233] No process is on the other end of the pipe
2026-08-21 15:28:24 | ERROR    | trading_bot | Critical Loop Error: [WinError 233] No process is on the other end of the pipe
2026-08-21 15:28:30 | ERROR    | trading_bot | Critical Loop Error: [WinError 233] No process is on the other end of the pipe
2026-08-21 15:28:37 | ERROR    | trading_bot | Critical Loop Error: [WinError 233] No process is on the other end of the pipe
2026-08-21 15:28:43 | ERROR    | trading_bot | Critical Loop Error: [WinError 233] No process is on the other end of the pipe
2026-08-21 15:28:50 | ERROR    | trading_bot | Critical Loop Error: [WinError 233] No process is on the other end of the pipe
2026-08-21 15:28:56 | ERROR    | trading_bot | Critical Loop Error: [WinError 233] No process is on the other end of the pipe
2026-08-21 15:29:02 | ERROR    | trading_bot | Critical Loop Error: [WinError 233] No process is on the other end of the pipe
2026-08-21 15:29:08 | ERROR    | trading_bot | Critical Loop Error: [WinError 233] No process is on the other end of the pipe
2026-08-21 15:29:14 | ERROR    | trading_bot | Critical Loop Error: [WinError 233] No process is on the other end of the pipe
2026-08-21 15:29:21 | ERROR    | trading_bot | Critical Loop Error: [WinError 233] No process is on the other end of the pipe
2026-08-21 15:29:27 | ERROR    | trading_bot | Critical Loop Error: [WinError 233] No process is on the other end of the pipe
2026-08-21 15:29:34 | ERROR    | trading_bot | Critical Loop Error: [WinError 233] No process is on the other end of the pipe
2026-08-21 15:29:40 | ERROR    | trading_bot | Critical Loop Error: [WinError 233] No process is on the other end of the pipe
2026-08-21 15:29:46 | ERROR    | trading_bot | Critical Loop Error: [WinError 233] No process is on the other end of the pipe
2026-08-21 15:29:57 | ERROR    | trading_bot | Critical Loop Error: [WinError 233] No process is on the other end of the pipe
2026-08-21 15:30:03 | ERROR    | trading_bot | Critical Loop Error: [WinError 233] No process is on the other end of the pipe
2026-08-21 15:30:10 | ERROR    | trading_bot | Critical Loop Error: [WinError 233] No process is on the other end of the pipe
2026-08-21 15:30:16 | ERROR    | trading_bot | Critical Loop Error: [WinError 233] No process is on the other end of the pipe
2026-08-21 15:30:27 | ERROR    | trading_bot | Critical Loop Error: [WinError 233] No process is on the other end of the pipe
2026-08-21 15:30:36 | ERROR    | trading_bot | Critical Loop Error: [WinError 233] No process is on the other end of the pipe
2026-08-21 15:30:42 | ERROR    | trading_bot | Critical Loop Error: [WinError 233] No process is on the other end of the pipe
2026-08-21 15:30:49 | ERROR    | trading_bot | Critical Loop Error: [WinError 233] No process is on the other end of the pipe
2026-08-21 15:30:59 | ERROR    | trading_bot | Critical Loop Error: [WinError 233] No process is on the other end of the pipe
2026-08-21 15:31:10 | ERROR    | trading_bot | Critical Loop Error: [WinError 233] No process is on the other end of the pipe
2026-08-21 15:31:16 | ERROR    | trading_bot | Critical Loop Error: [WinError 233] No process is on the other end of the pipe
2026-08-21 15:31:22 | ERROR    | trading_bot | Critical Loop Error: [WinError 233] No process is on the other end of the pipe
2026-08-21 15:31:29 | ERROR    | trading_bot | Critical Loop Error: [WinError 233] No process is on the other end of the pipe
2026-08-21 15:31:39 | ERROR    | trading_bot | Critical Loop Error: [WinError 233] No process is on the other end of the pipe
2026-08-21 15:31:48 | ERROR    | trading_bot | Critical Loop Error: [WinError 233] No process is on the other end of the pipe
2026-08-21 15:31:54 | ERROR    | trading_bot | Critical Loop Error: [WinError 233] No process is on the other end of the pipe
2026-08-21 15:32:00 | ERROR    | trading_bot | Critical Loop Error: [WinError 233] No process is on the other end of the pipe
2026-08-21 15:32:07 | ERROR    | trading_bot | Critical Loop Error: [WinError 233] No process is on the other end of the pipe
2026-08-21 15:32:18 | ERROR    | trading_bot | Critical Loop Error: [WinError 233] No process is on the other end of the pipe
2026-08-21 15:32:24 | ERROR    | trading_bot | Critical Loop Error: [WinError 233] No process is on the other end of the pipe
2026-08-21 15:32:31 | ERROR    | trading_bot | Critical Loop Error: [WinError 233] No process is on the other end of the pipe
2026-08-21 15:32:37 | ERROR    | trading_bot | Critical Loop Error: [WinError 233] No process is on the other end of the pipe
2026-08-21 15:32:43 | ERROR    | trading_bot | Critical Loop Error: [WinError 233] No process is on the other end of the pipe
2026-08-21 15:32:56 | ERROR    | trading_bot | Critical Loop Error: [WinError 233] No process is on the other end of the pipe
2026-08-21 15:33:03 | ERROR    | trading_bot | Critical Loop Error: [WinError 233] No process is on the other end of the pipe
2026-08-21 15:33:09 | ERROR    | trading_bot | Critical Loop Error: [WinError 233] No process is on the other end of the pipe
2026-08-21 15:33:15 | ERROR    | trading_bot | Critical Loop Error: [WinError 233] No process is on the other end of the pipe
2026-08-21 15:33:26 | ERROR    | trading_bot | Critical Loop Error: [WinError 233] No process is on the other end of the pipe
2026-08-21 15:33:33 | ERROR    | trading_bot | Critical Loop Error: [WinError 233] No process is on the other end of the pipe
2026-08-21 15:33:39 | ERROR    | trading_bot | Critical Loop Error: [WinError 233] No process is on the other end of the pipe
2026-08-21 15:33:46 | ERROR    | trading_bot | Critical Loop Error: [WinError 233] No process is on the other end of the pipe
2026-08-21 15:33:52 | ERROR    | trading_bot | Critical Loop Error: [WinError 233] No process is on the other end of the pipe
2026-08-21 15:33:58 | ERROR    | trading_bot | Critical Loop Error: [WinError 233] No process is on the other end of the pipe
2026-08-21 15:34:09 | ERROR    | trading_bot | Critical Loop Error: [WinError 233] No process is on the other end of the pipe
2026-08-21 15:34:15 | ERROR    | trading_bot | Critical Loop Error: [WinError 233] No process is on the other end of the pipe
2026-08-21 15:34:22 | ERROR    | trading_bot | Critical Loop Error: [WinError 233] No process is on the other end of the pipe
2026-08-21 15:34:28 | ERROR    | trading_bot | Critical Loop Error: [WinError 233] No process is on the other end of the pipe
2026-08-21 15:34:39 | ERROR    | trading_bot | Critical Loop Error: [WinError 233] No process is on the other end of the pipe
2026-08-21 15:34:46 | ERROR    | trading_bot | Critical Loop Error: [WinError 233] No process is on the other end of the pipe
2026-08-21 15:34:52 | ERROR    | trading_bot | Critical Loop Error: [WinError 233] No process is on the other end of the pipe
2026-08-21 15:34:58 | ERROR    | trading_bot | Critical Loop Error: [WinError 233] No process is on the other end of the pipe
2026-08-21 15:35:05 | ERROR    | trading_bot | Critical Loop Error: [WinError 233] No process is on the other end of the pipe
2026-08-21 15:35:11 | ERROR    | trading_bot | Critical Loop Error: [WinError 233] No process is on the other end of the pipe
2026-08-21 15:35:22 | ERROR    | trading_bot | Critical Loop Error: [WinError 233] No process is on the other end of the pipe
2026-08-21 15:35:28 | ERROR    | trading_bot | Critical Loop Error: [WinError 233] No process is on the other end of the pipe
2026-08-21 15:35:34 | ERROR    | trading_bot | Critical Loop Error: [WinError 233] No process is on the other end of the pipe
2026-08-21 15:35:40 | ERROR    | trading_bot | Critical Loop Error: [WinError 233] No process is on the other end of the pipe
2026-08-21 15:35:47 | ERROR    | trading_bot | Critical Loop Error: [WinError 233] No process is on the other end of the pipe
2026-08-21 15:35:58 | ERROR    | trading_bot | Critical Loop Error: [WinError 233] No process is on the other end of the pipe
2026-08-21 15:36:04 | ERROR    | trading_bot | Critical Loop Error: [WinError 233] No process is on the other end of the pipe
2026-08-21 15:36:10 | ERROR    | trading_bot | Critical Loop Error: [WinError 233] No process is on the other end of the pipe
2026-08-21 15:36:16 | ERROR    | trading_bot | Critical Loop Error: [WinError 233] No process is on the other end of the pipe
2026-08-21 15:36:23 | ERROR    | trading_bot | Critical Loop Error: [WinError 233] No process is on the other end of the pipe
2026-08-21 15:36:34 | ERROR    | trading_bot | Critical Loop Error: [WinError 233] No process is on the other end of the pipe
2026-08-21 15:36:41 | ERROR    | trading_bot | Critical Loop Error: [WinError 233] No process is on the other end of the pipe
2026-08-21 15:36:47 | ERROR    | trading_bot | Critical Loop Error: [WinError 233] No process is on the other end of the pipe
2026-08-21 15:36:53 | ERROR    | trading_bot | Critical Loop Error: [WinError 233] No process is on the other end of the pipe
2026-08-21 15:36:59 | ERROR    | trading_bot | Critical Loop Error: [WinError 233] No process is on the other end of the pipe
2026-08-21 15:37:10 | ERROR    | trading_bot | Critical Loop Error: [WinError 233] No process is on the other end of the pipe
2026-08-21 15:37:16 | ERROR    | trading_bot | Critical Loop Error: [WinError 233] No process is on the other end of the pipe
2026-08-21 15:37:23 | ERROR    | trading_bot | Critical Loop Error: [WinError 233] No process is on the other end of the pipe
2026-08-21 15:37:29 | ERROR    | trading_bot | Critical Loop Error: [WinError 233] No process is on the other end of the pipe
2026-08-21 15:37:35 | ERROR    | trading_bot | Critical Loop Error: [WinError 233] No process is on the other end of the pipe
2026-08-21 15:37:41 | ERROR    | trading_bot | Critical Loop Error: [WinError 233] No process is on the other end of the pipe
2026-08-21 15:37:53 | ERROR    | trading_bot | Critical Loop Error: [WinError 233] No process is on the other end of the pipe
2026-08-21 15:37:59 | ERROR    | trading_bot | Critical Loop Error: [WinError 233] No process is on the other end of the pipe
2026-08-21 15:38:05 | ERROR    | trading_bot | Critical Loop Error: [WinError 233] No process is on the other end of the pipe
2026-08-21 15:38:11 | ERROR    | trading_bot | Critical Loop Error: [WinError 233] No process is on the other end of the pipe
2026-08-21 15:38:17 | ERROR    | trading_bot | Critical Loop Error: [WinError 233] No process is on the other end of the pipe
2026-08-21 15:38:28 | ERROR    | trading_bot | Critical Loop Error: [WinError 233] No process is on the other end of the pipe
2026-08-21 15:38:35 | ERROR    | trading_bot | Critical Loop Error: [WinError 233] No process is on the other end of the pipe
2026-08-21 15:38:41 | ERROR    | trading_bot | Critical Loop Error: [WinError 233] No process is on the other end of the pipe
2026-08-21 15:38:47 | ERROR    | trading_bot | Critical Loop Error: [WinError 233] No process is on the other end of the pipe
2026-08-21 15:38:53 | ERROR    | trading_bot | Critical Loop Error: [WinError 233] No process is on the other end of the pipe
2026-08-21 15:38:59 | ERROR    | trading_bot | Critical Loop Error: [WinError 233] No process is on the other end of the pipe
2026-08-21 15:39:11 | ERROR    | trading_bot | Critical Loop Error: [WinError 233] No process is on the other end of the pipe
2026-08-21 15:39:17 | ERROR    | trading_bot | Critical Loop Error: [WinError 233] No process is on the other end of the pipe
2026-08-21 15:39:23 | ERROR    | trading_bot | Critical Loop Error: [WinError 233] No process is on the other end of the pipe
2026-08-21 15:39:29 | ERROR    | trading_bot | Critical Loop Error: [WinError 233] No process is on the other end of the pipe
2026-08-21 15:39:35 | ERROR    | trading_bot | Critical Loop Error: [WinError 233] No process is on the other end of the pipe
2026-08-21 15:39:46 | ERROR    | trading_bot | Critical Loop Error: [WinError 233] No process is on the other end of the pipe
2026-08-21 15:39:56 | ERROR    | trading_bot | Critical Loop Error: [WinError 233] No process is on the other end of the pipe
2026-08-21 15:40:02 | ERROR    | trading_bot | Critical Loop Error: [WinError 233] No process is on the other end of the pipe
2026-08-21 15:40:08 | ERROR    | trading_bot | Critical Loop Error: [WinError 233] No process is on the other end of the pipe
2026-08-21 15:40:14 | ERROR    | trading_bot | Critical Loop Error: [WinError 233] No process is on the other end of the pipe
2026-08-21 15:40:20 | ERROR    | trading_bot | Critical Loop Error: [WinError 233] No process is on the other end of the pipe
2026-08-21 15:40:32 | ERROR    | trading_bot | Critical Loop Error: [WinError 233] No process is on the other end of the pipe
2026-08-21 15:40:39 | ERROR    | trading_bot | Critical Loop Error: [WinError 233] No process is on the other end of the pipe
2026-08-21 15:40:45 | ERROR    | trading_bot | Critical Loop Error: [WinError 233] No process is on the other end of the pipe
2026-08-21 15:40:52 | ERROR    | trading_bot | Critical Loop Error: [WinError 233] No process is on the other end of the pipe
2026-08-21 15:40:58 | ERROR    | trading_bot | Critical Loop Error: [WinError 233] No process is on the other end of the pipe
2026-08-21 15:41:09 | ERROR    | trading_bot | Critical Loop Error: [WinError 233] No process is on the other end of the pipe
2026-08-21 15:41:16 | ERROR    | trading_bot | Critical Loop Error: [WinError 233] No process is on the other end of the pipe
2026-08-21 15:41:22 | ERROR    | trading_bot | Critical Loop Error: [WinError 233] No process is on the other end of the pipe
2026-08-21 15:41:28 | ERROR    | trading_bot | Critical Loop Error: [WinError 233] No process is on the other end of the pipe
2026-08-21 15:41:35 | ERROR    | trading_bot | Critical Loop Error: [WinError 233] No process is on the other end of the pipe
2026-08-21 15:41:46 | ERROR    | trading_bot | Critical Loop Error: [WinError 233] No process is on the other end of the pipe
2026-08-21 15:41:55 | ERROR    | trading_bot | Critical Loop Error: [WinError 233] No process is on the other end of the pipe
2026-08-21 15:42:01 | ERROR    | trading_bot | Critical Loop Error: [WinError 233] No process is on the other end of the pipe
2026-08-21 15:42:08 | ERROR    | trading_bot | Critical Loop Error: [WinError 233] No process is on the other end of the pipe
2026-08-21 15:42:14 | ERROR    | trading_bot | Critical Loop Error: [WinError 233] No process is on the other end of the pipe
2026-08-21 15:42:25 | ERROR    | trading_bot | Critical Loop Error: [WinError 233] No process is on the other end of the pipe
2026-08-21 15:42:33 | ERROR    | trading_bot | Critical Loop Error: [WinError 233] No process is on the other end of the pipe
2026-08-21 15:42:39 | ERROR    | trading_bot | Critical Loop Error: [WinError 233] No process is on the other end of the pipe
2026-08-21 15:42:45 | ERROR    | trading_bot | Critical Loop Error: [WinError 233] No process is on the other end of the pipe
2026-08-21 15:42:52 | ERROR    | trading_bot | Critical Loop Error: [WinError 233] No process is on the other end of the pipe
2026-08-21 15:42:58 | ERROR    | trading_bot | Critical Loop Error: [WinError 233] No process is on the other end of the pipe
2026-08-21 15:43:09 | ERROR    | trading_bot | Critical Loop Error: [WinError 233] No process is on the other end of the pipe
2026-08-21 15:43:18 | ERROR    | trading_bot | Critical Loop Error: [WinError 233] No process is on the other end of the pipe
2026-08-21 15:43:25 | ERROR    | trading_bot | Critical Loop Error: [WinError 233] No process is on the other end of the pipe
2026-08-21 15:43:31 | ERROR    | trading_bot | Critical Loop Error: [WinError 233] No process is on the other end of the pipe
2026-08-21 15:43:37 | ERROR    | trading_bot | Critical Loop Error: [WinError 233] No process is on the other end of the pipe
2026-08-21 15:43:50 | ERROR    | trading_bot | Critical Loop Error: [WinError 233] No process is on the other end of the pipe
2026-08-21 15:43:59 | ERROR    | trading_bot | Critical Loop Error: [WinError 233] No process is on the other end of the pipe
2026-08-21 15:44:05 | ERROR    | trading_bot | Critical Loop Error: [WinError 233] No process is on the other end of the pipe
2026-08-21 15:44:11 | ERROR    | trading_bot | Critical Loop Error: [WinError 233] No process is on the other end of the pipe
2026-08-21 15:44:17 | ERROR    | trading_bot | Critical Loop Error: [WinError 233] No process is on the other end of the pipe
2026-08-21 15:44:28 | ERROR    | trading_bot | Critical Loop Error: [WinError 233] No process is on the other end of the pipe
2026-08-21 15:44:35 | ERROR    | trading_bot | Critical Loop Error: [WinError 233] No process is on the other end of the pipe
2026-08-21 15:44:41 | ERROR    | trading_bot | Critical Loop Error: [WinError 233] No process is on the other end of the pipe
2026-08-21 15:44:47 | ERROR    | trading_bot | Critical Loop Error: [WinError 233] No process is on the other end of the pipe
2026-08-21 15:44:53 | ERROR    | trading_bot | Critical Loop Error: [WinError 233] No process is on the other end of the pipe
2026-08-21 15:45:06 | ERROR    | trading_bot | Critical Loop Error: [WinError 233] No process is on the other end of the pipe
2026-08-21 15:45:12 | ERROR    | trading_bot | Critical Loop Error: [WinError 233] No process is on the other end of the pipe
2026-08-21 15:45:18 | ERROR    | trading_bot | Critical Loop Error: [WinError 233] No process is on the other end of the pipe
2026-08-21 15:45:25 | ERROR    | trading_bot | Critical Loop Error: [WinError 233] No process is on the other end of the pipe
2026-08-21 15:45:31 | ERROR    | trading_bot | Critical Loop Error: [WinError 233] No process is on the other end of the pipe
2026-08-21 15:45:42 | ERROR    | trading_bot | Critical Loop Error: [WinError 233] No process is on the other end of the pipe
2026-08-21 15:45:53 | ERROR    | trading_bot | Critical Loop Error: [WinError 233] No process is on the other end of the pipe
2026-08-21 15:45:59 | ERROR    | trading_bot | Critical Loop Error: [WinError 233] No process is on the other end of the pipe
2026-08-21 15:46:05 | ERROR    | trading_bot | Critical Loop Error: [WinError 233] No process is on the other end of the pipe
2026-08-21 15:46:11 | ERROR    | trading_bot | Critical Loop Error: [WinError 233] No process is on the other end of the pipe
2026-08-21 15:46:17 | ERROR    | trading_bot | Critical Loop Error: [WinError 233] No process is on the other end of the pipe
2026-08-21 15:46:28 | ERROR    | trading_bot | Critical Loop Error: [WinError 233] No process is on the other end of the pipe
2026-08-21 15:46:40 | ERROR    | trading_bot | Critical Loop Error: [WinError 233] No process is on the other end of the pipe
2026-08-21 15:46:46 | ERROR    | trading_bot | Critical Loop Error: [WinError 233] No process is on the other end of the pipe
2026-08-21 15:46:52 | ERROR    | trading_bot | Critical Loop Error: [WinError 233] No process is on the other end of the pipe
2026-08-21 15:47:04 | ERROR    | trading_bot | Critical Loop Error: [WinError 233] No process is on the other end of the pipe
2026-08-21 15:47:11 | ERROR    | trading_bot | Critical Loop Error: [WinError 233] No process is on the other end of the pipe
2026-08-21 15:47:18 | ERROR    | trading_bot | Critical Loop Error: [WinError 233] No process is on the other end of the pipe
2026-08-21 15:47:25 | ERROR    | trading_bot | Critical Loop Error: [WinError 233] No process is on the other end of the pipe
2026-08-21 15:47:32 | ERROR    | trading_bot | Critical Loop Error: [WinError 233] No process is on the other end of the pipe
2026-08-21 15:47:39 | ERROR    | trading_bot | Critical Loop Error: [WinError 233] No process is on the other end of the pipe
2026-08-21 15:47:46 | ERROR    | trading_bot | Critical Loop Error: [WinError 233] No process is on the other end of the pipe
2026-08-21 15:47:53 | ERROR    | trading_bot | Critical Loop Error: [WinError 233] No process is on the other end of the pipe
2026-08-21 15:48:00 | ERROR    | trading_bot | Critical Loop Error: [WinError 233] No process is on the other end of the pipe
2026-08-21 15:48:06 | ERROR    | trading_bot | Critical Loop Error: [WinError 233] No process is on the other end of the pipe
2026-08-21 15:48:13 | ERROR    | trading_bot | Critical Loop Error: [WinError 233] No process is on the other end of the pipe
2026-08-21 15:48:20 | ERROR    | trading_bot | Critical Loop Error: [WinError 233] No process is on the other end of the pipe
2026-08-21 15:48:27 | ERROR    | trading_bot | Critical Loop Error: [WinError 233] No process is on the other end of the pipe
2026-08-21 15:48:33 | ERROR    | trading_bot | Critical Loop Error: [WinError 233] No process is on the other end of the pipe
2026-08-21 15:48:40 | ERROR    | trading_bot | Critical Loop Error: [WinError 233] No process is on the other end of the pipe
2026-08-21 15:48:46 | ERROR    | trading_bot | Critical Loop Error: [WinError 233] No process is on the other end of the pipe
2026-08-21 15:48:53 | ERROR    | trading_bot | Critical Loop Error: [WinError 233] No process is on the other end of the pipe
2026-08-21 15:49:00 | ERROR    | trading_bot | Critical Loop Error: [WinError 233] No process is on the other end of the pipe
2026-08-21 15:49:06 | ERROR    | trading_bot | Critical Loop Error: [WinError 233] No process is on the other end of the pipe
2026-08-21 15:49:12 | ERROR    | trading_bot | Critical Loop Error: [WinError 233] No process is on the other end of the pipe
2026-08-21 15:49:19 | ERROR    | trading_bot | Critical Loop Error: [WinError 233] No process is on the other end of the pipe
2026-08-21 15:49:25 | ERROR    | trading_bot | Critical Loop Error: [WinError 233] No process is on the other end of the pipe
2026-08-21 15:49:31 | ERROR    | trading_bot | Critical Loop Error: [WinError 233] No process is on the other end of the pipe
2026-08-21 15:49:37 | ERROR    | trading_bot | Critical Loop Error: [WinError 233] No process is on the other end of the pipe
2026-08-21 15:49:43 | ERROR    | trading_bot | Critical Loop Error: [WinError 233] No process is on the other end of the pipe
2026-08-21 15:49:49 | ERROR    | trading_bot | Critical Loop Error: [WinError 233] No process is on the other end of the pipe
2026-08-21 15:49:55 | ERROR    | trading_bot | Critical Loop Error: [WinError 233] No process is on the other end of the pipe
2026-08-21 15:50:01 | ERROR    | trading_bot | Critical Loop Error: [WinError 233] No process is on the other end of the pipe
2026-08-21 15:50:07 | ERROR    | trading_bot | Critical Loop Error: [WinError 233] No process is on the other end of the pipe
2026-08-21 15:50:13 | ERROR    | trading_bot | Critical Loop Error: [WinError 233] No process is on the other end of the pipe
2026-08-21 15:50:19 | ERROR    | trading_bot | Critical Loop Error: [WinError 233] No process is on the other end of the pipe
2026-08-21 15:50:26 | ERROR    | trading_bot | Critical Loop Error: [WinError 233] No process is on the other end of the pipe
2026-08-21 15:50:31 | ERROR    | trading_bot | Critical Loop Error: [WinError 233] No process is on the other end of the pipe
2026-08-21 15:50:38 | ERROR    | trading_bot | Critical Loop Error: [WinError 233] No process is on the other end of the pipe
2026-08-21 15:50:44 | ERROR    | trading_bot | Critical Loop Error: [WinError 233] No process is on the other end of the pipe
2026-08-21 15:50:50 | ERROR    | trading_bot | Critical Loop Error: [WinError 233] No process is on the other end of the pipe
2026-08-21 15:50:56 | ERROR    | trading_bot | Critical Loop Error: [WinError 233] No process is on the other end of the pipe
2026-08-21 15:51:02 | ERROR    | trading_bot | Critical Loop Error: [WinError 233] No process is on the other end of the pipe
2026-08-21 15:51:08 | ERROR    | trading_bot | Critical Loop Error: [WinError 233] No process is on the other end of the pipe
2026-08-21 15:51:14 | ERROR    | trading_bot | Critical Loop Error: [WinError 233] No process is on the other end of the pipe
2026-08-21 15:51:20 | ERROR    | trading_bot | Critical Loop Error: [WinError 233] No process is on the other end of the pipe
2026-08-21 15:51:26 | ERROR    | trading_bot | Critical Loop Error: [WinError 233] No process is on the other end of the pipe
2026-08-21 15:51:32 | ERROR    | trading_bot | Critical Loop Error: [WinError 233] No process is on the other end of the pipe
2026-08-21 15:51:38 | ERROR    | trading_bot | Critical Loop Error: [WinError 233] No process is on the other end of the pipe
2026-08-21 15:51:44 | ERROR    | trading_bot | Critical Loop Error: [WinError 233] No process is on the other end of the pipe
2026-08-21 15:51:50 | ERROR    | trading_bot | Critical Loop Error: [WinError 233] No process is on the other end of the pipe
2026-08-21 15:51:56 | ERROR    | trading_bot | Critical Loop Error: [WinError 233] No process is on the other end of the pipe
2026-08-21 15:52:02 | ERROR    | trading_bot | Critical Loop Error: [WinError 233] No process is on the other end of the pipe
2026-08-21 15:52:08 | ERROR    | trading_bot | Critical Loop Error: [WinError 233] No process is on the other end of the pipe
2026-08-21 15:52:14 | ERROR    | trading_bot | Critical Loop Error: [WinError 233] No process is on the other end of the pipe
2026-08-21 15:52:21 | ERROR    | trading_bot | Critical Loop Error: [WinError 233] No process is on the other end of the pipe
2026-08-21 15:52:27 | ERROR    | trading_bot | Critical Loop Error: [WinError 233] No process is on the other end of the pipe
2026-08-21 15:52:33 | ERROR    | trading_bot | Critical Loop Error: [WinError 233] No process is on the other end of the pipe
2026-08-21 15:52:39 | ERROR    | trading_bot | Critical Loop Error: [WinError 233] No process is on the other end of the pipe
2026-08-21 15:52:45 | ERROR    | trading_bot | Critical Loop Error: [WinError 233] No process is on the other end of the pipe
2026-08-21 15:52:51 | ERROR    | trading_bot | Critical Loop Error: [WinError 233] No process is on the other end of the pipe
2026-08-21 15:52:58 | ERROR    | trading_bot | Critical Loop Error: [WinError 233] No process is on the other end of the pipe
2026-08-21 15:53:04 | ERROR    | trading_bot | Critical Loop Error: [WinError 233] No process is on the other end of the pipe
2026-08-21 15:53:10 | ERROR    | trading_bot | Critical Loop Error: [WinError 233] No process is on the other end of the pipe
2026-08-21 15:53:16 | ERROR    | trading_bot | Critical Loop Error: [WinError 233] No process is on the other end of the pipe
2026-08-21 15:53:22 | ERROR    | trading_bot | Critical Loop Error: [WinError 233] No process is on the other end of the pipe
2026-08-21 15:53:28 | ERROR    | trading_bot | Critical Loop Error: [WinError 233] No process is on the other end of the pipe
2026-08-21 15:53:34 | ERROR    | trading_bot | Critical Loop Error: [WinError 233] No process is on the other end of the pipe
2026-08-21 15:53:40 | ERROR    | trading_bot | Critical Loop Error: [WinError 233] No process is on the other end of the pipe
2026-08-21 15:53:46 | ERROR    | trading_bot | Critical Loop Error: [WinError 233] No process is on the other end of the pipe
2026-08-21 15:53:52 | ERROR    | trading_bot | Critical Loop Error: [WinError 233] No process is on the other end of the pipe
2026-08-21 15:53:58 | ERROR    | trading_bot | Critical Loop Error: [WinError 233] No process is on the other end of the pipe
2026-08-21 15:54:05 | ERROR    | trading_bot | Critical Loop Error: [WinError 233] No process is on the other end of the pipe
2026-08-21 15:54:11 | ERROR    | trading_bot | Critical Loop Error: [WinError 233] No process is on the other end of the pipe
2026-08-21 15:54:17 | ERROR    | trading_bot | Critical Loop Error: [WinError 233] No process is on the other end of the pipe
2026-08-21 15:54:24 | ERROR    | trading_bot | Critical Loop Error: [WinError 233] No process is on the other end of the pipe
2026-08-21 15:54:30 | ERROR    | trading_bot | Critical Loop Error: [WinError 233] No process is on the other end of the pipe
2026-08-21 15:54:36 | ERROR    | trading_bot | Critical Loop Error: [WinError 233] No process is on the other end of the pipe
2026-08-21 15:54:43 | ERROR    | trading_bot | Critical Loop Error: [WinError 233] No process is on the other end of the pipe
2026-08-21 15:54:49 | ERROR    | trading_bot | Critical Loop Error: [WinError 233] No process is on the other end of the pipe
2026-08-21 15:54:55 | ERROR    | trading_bot | Critical Loop Error: [WinError 233] No process is on the other end of the pipe
2026-08-21 15:55:01 | ERROR    | trading_bot | Critical Loop Error: [WinError 233] No process is on the other end of the pipe
2026-08-21 15:55:07 | ERROR    | trading_bot | Critical Loop Error: [WinError 233] No process is on the other end of the pipe
2026-08-21 15:55:13 | ERROR    | trading_bot | Critical Loop Error: [WinError 233] No process is on the other end of the pipe
2026-08-21 15:55:19 | ERROR    | trading_bot | Critical Loop Error: [WinError 233] No process is on the other end of the pipe
2026-08-21 15:55:25 | ERROR    | trading_bot | Critical Loop Error: [WinError 233] No process is on the other end of the pipe
2026-08-21 15:55:31 | ERROR    | trading_bot | Critical Loop Error: [WinError 233] No process is on the other end of the pipe
2026-08-21 15:55:38 | ERROR    | trading_bot | Critical Loop Error: [WinError 233] No process is on the other end of the pipe
2026-08-21 15:55:44 | ERROR    | trading_bot | Critical Loop Error: [WinError 233] No process is on the other end of the pipe
2026-08-21 15:55:50 | ERROR    | trading_bot | Critical Loop Error: [WinError 233] No process is on the other end of the pipe
2026-08-21 15:55:56 | ERROR    | trading_bot | Critical Loop Error: [WinError 233] No process is on the other end of the pipe
2026-08-21 15:56:02 | ERROR    | trading_bot | Critical Loop Error: [WinError 233] No process is on the other end of the pipe
2026-08-21 15:56:08 | ERROR    | trading_bot | Critical Loop Error: [WinError 233] No process is on the other end of the pipe
2026-08-21 15:56:15 | ERROR    | trading_bot | Critical Loop Error: [WinError 233] No process is on the other end of the pipe
2026-08-21 15:56:21 | ERROR    | trading_bot | Critical Loop Error: [WinError 233] No process is on the other end of the pipe
2026-08-21 15:56:28 | ERROR    | trading_bot | Critical Loop Error: [WinError 233] No process is on the other end of the pipe
2026-08-21 15:56:34 | ERROR    | trading_bot | Critical Loop Error: [WinError 233] No process is on the other end of the pipe
2026-08-21 15:56:40 | ERROR    | trading_bot | Critical Loop Error: [WinError 233] No process is on the other end of the pipe
2026-08-21 15:56:47 | ERROR    | trading_bot | Critical Loop Error: [WinError 233] No process is on the other end of the pipe
2026-08-21 15:56:54 | ERROR    | trading_bot | Critical Loop Error: [WinError 233] No process is on the other end of the pipe
2026-08-21 15:57:01 | ERROR    | trading_bot | Critical Loop Error: [WinError 233] No process is on the other end of the pipe
2026-08-21 15:57:13 | ERROR    | trading_bot | Critical Loop Error: [WinError 233] No process is on the other end of the pipe
2026-08-21 15:57:19 | ERROR    | trading_bot | Critical Loop Error: [WinError 233] No process is on the other end of the pipe
2026-08-21 15:57:26 | ERROR    | trading_bot | Critical Loop Error: [WinError 233] No process is on the other end of the pipe
2026-08-21 15:57:34 | ERROR    | trading_bot | Critical Loop Error: [WinError 233] No process is on the other end of the pipe
2026-08-21 15:57:40 | ERROR    | trading_bot | Critical Loop Error: [WinError 233] No process is on the other end of the pipe
2026-08-21 15:57:47 | ERROR    | trading_bot | Critical Loop Error: [WinError 233] No process is on the other end of the pipe
2026-08-21 15:58:03 | ERROR    | trading_bot | Critical Loop Error: [WinError 233] No process is on the other end of the pipe
2026-08-21 15:58:28 | ERROR    | trading_bot | Critical Loop Error: [WinError 233] No process is on the other end of the pipe
2026-08-21 15:58:35 | ERROR    | trading_bot | Critical Loop Error: [WinError 233] No process is on the other end of the pipe
2026-08-21 15:58:51 | ERROR    | trading_bot | Timeout while fetching candles for USDCAD
2026-08-21 15:59:02 | ERROR    | trading_bot | Failed to fetch data for NZDUSD.
2026-08-21 16:00:05 | ERROR    | trading_bot | Critical Loop Error: [WinError 233] No process is on the other end of the pipe
2026-08-21 16:01:20 | ERROR    | trading_bot | Critical Loop Error: [WinError 233] No process is on the other end of the pipe
2026-08-21 16:01:27 | ERROR    | trading_bot | Critical Loop Error: [WinError 233] No process is on the other end of the pipe
2026-08-21 16:01:33 | ERROR    | trading_bot | Critical Loop Error: [WinError 233] No process is on the other end of the pipe
2026-08-21 16:01:39 | ERROR    | trading_bot | Critical Loop Error: [WinError 233] No process is on the other end of the pipe
2026-08-21 16:01:46 | ERROR    | trading_bot | Critical Loop Error: [WinError 233] No process is on the other end of the pipe
2026-08-21 16:01:53 | ERROR    | trading_bot | Critical Loop Error: [WinError 233] No process is on the other end of the pipe
2026-08-21 16:01:59 | ERROR    | trading_bot | Critical Loop Error: [WinError 233] No process is on the other end of the pipe
2026-08-21 16:02:06 | ERROR    | trading_bot | Critical Loop Error: [WinError 233] No process is on the other end of the pipe
2026-08-21 16:02:12 | ERROR    | trading_bot | Critical Loop Error: [WinError 233] No process is on the other end of the pipe
2026-08-21 16:02:39 | ERROR    | trading_bot | Critical Loop Error: [WinError 233] No process is on the other end of the pipe
2026-08-21 16:02:46 | ERROR    | trading_bot | Critical Loop Error: [WinError 233] No process is on the other end of the pipe
2026-08-21 16:02:52 | ERROR    | trading_bot | Critical Loop Error: [WinError 233] No process is on the other end of the pipe
2026-08-21 16:02:58 | ERROR    | trading_bot | Critical Loop Error: [WinError 233] No process is on the other end of the pipe
2026-08-21 16:03:05 | ERROR    | trading_bot | Critical Loop Error: [WinError 233] No process is on the other end of the pipe
2026-08-21 16:03:11 | ERROR    | trading_bot | Critical Loop Error: [WinError 233] No process is on the other end of the pipe
2026-08-21 16:03:18 | ERROR    | trading_bot | Critical Loop Error: [WinError 233] No process is on the other end of the pipe
2026-08-21 16:03:24 | ERROR    | trading_bot | Critical Loop Error: [WinError 233] No process is on the other end of the pipe
2026-08-21 16:03:31 | ERROR    | trading_bot | Critical Loop Error: [WinError 233] No process is on the other end of the pipe
2026-08-21 16:03:53 | ERROR    | trading_bot | Critical Loop Error: [WinError 233] No process is on the other end of the pipe
2026-08-21 16:04:00 | ERROR    | trading_bot | Critical Loop Error: [WinError 233] No process is on the other end of the pipe
2026-08-21 16:04:06 | ERROR    | trading_bot | Critical Loop Error: [WinError 233] No process is on the other end of the pipe
2026-08-21 16:04:12 | ERROR    | trading_bot | Critical Loop Error: [WinError 233] No process is on the other end of the pipe
2026-08-21 16:04:19 | ERROR    | trading_bot | Critical Loop Error: [WinError 233] No process is on the other end of the pipe
2026-08-21 16:04:26 | ERROR    | trading_bot | Critical Loop Error: [WinError 233] No process is on the other end of the pipe
2026-08-21 16:04:33 | ERROR    | trading_bot | Critical Loop Error: [WinError 233] No process is on the other end of the pipe
2026-08-21 16:04:39 | ERROR    | trading_bot | Critical Loop Error: [WinError 233] No process is on the other end of the pipe
2026-08-21 16:04:46 | ERROR    | trading_bot | Critical Loop Error: [WinError 233] No process is on the other end of the pipe
2026-08-21 16:05:05 | ERROR    | trading_bot | Critical Loop Error: [WinError 233] No process is on the other end of the pipe
2026-08-21 16:05:11 | ERROR    | trading_bot | Critical Loop Error: [WinError 233] No process is on the other end of the pipe
2026-08-21 16:05:17 | ERROR    | trading_bot | Critical Loop Error: [WinError 233] No process is on the other end of the pipe
2026-08-21 16:05:26 | ERROR    | trading_bot | Critical Loop Error: [WinError 233] No process is on the other end of the pipe
2026-08-21 16:05:33 | ERROR    | trading_bot | Critical Loop Error: [WinError 233] No process is on the other end of the pipe
2026-08-21 16:05:40 | ERROR    | trading_bot | Critical Loop Error: [WinError 233] No process is on the other end of the pipe
2026-08-21 16:05:46 | ERROR    | trading_bot | Critical Loop Error: [WinError 233] No process is on the other end of the pipe
2026-08-21 16:05:52 | ERROR    | trading_bot | Critical Loop Error: [WinError 233] No process is on the other end of the pipe
2026-08-21 16:05:59 | ERROR    | trading_bot | Critical Loop Error: [WinError 233] No process is on the other end of the pipe
2026-08-21 16:06:07 | ERROR    | trading_bot | Critical Loop Error: [WinError 233] No process is on the other end of the pipe
2026-08-21 16:06:14 | ERROR    | trading_bot | Critical Loop Error: [WinError 233] No process is on the other end of the pipe
2026-08-21 16:06:20 | ERROR    | trading_bot | Critical Loop Error: [WinError 233] No process is on the other end of the pipe
2026-08-21 16:06:27 | ERROR    | trading_bot | Critical Loop Error: [WinError 233] No process is on the other end of the pipe
2026-08-21 16:06:33 | ERROR    | trading_bot | Critical Loop Error: [WinError 233] No process is on the other end of the pipe
2026-08-21 16:06:39 | ERROR    | trading_bot | Critical Loop Error: [WinError 233] No process is on the other end of the pipe
2026-08-21 16:06:45 | ERROR    | trading_bot | Critical Loop Error: [WinError 233] No process is on the other end of the pipe
2026-08-21 16:06:52 | ERROR    | trading_bot | Critical Loop Error: [WinError 233] No process is on the other end of the pipe
2026-08-21 16:06:58 | ERROR    | trading_bot | Critical Loop Error: [WinError 233] No process is on the other end of the pipe
2026-08-21 16:07:04 | ERROR    | trading_bot | Critical Loop Error: [WinError 233] No process is on the other end of the pipe
2026-08-21 16:07:10 | ERROR    | trading_bot | Critical Loop Error: [WinError 233] No process is on the other end of the pipe
2026-08-21 16:07:16 | ERROR    | trading_bot | Critical Loop Error: [WinError 233] No process is on the other end of the pipe
2026-08-21 16:07:22 | ERROR    | trading_bot | Critical Loop Error: [WinError 233] No process is on the other end of the pipe
2026-08-21 16:07:28 | ERROR    | trading_bot | Critical Loop Error: [WinError 233] No process is on the other end of the pipe
2026-08-21 16:07:35 | ERROR    | trading_bot | Critical Loop Error: [WinError 233] No process is on the other end of the pipe
2026-08-21 16:07:41 | ERROR    | trading_bot | Critical Loop Error: [WinError 233] No process is on the other end of the pipe
2026-08-21 16:07:47 | ERROR    | trading_bot | Critical Loop Error: [WinError 233] No process is on the other end of the pipe
2026-08-21 16:07:54 | ERROR    | trading_bot | Critical Loop Error: [WinError 233] No process is on the other end of the pipe
2026-08-21 16:08:00 | ERROR    | trading_bot | Critical Loop Error: [WinError 233] No process is on the other end of the pipe
2026-08-21 16:08:06 | ERROR    | trading_bot | Critical Loop Error: [WinError 233] No process is on the other end of the pipe
2026-08-21 16:08:13 | ERROR    | trading_bot | Critical Loop Error: [WinError 233] No process is on the other end of the pipe
2026-08-21 16:08:19 | ERROR    | trading_bot | Critical Loop Error: [WinError 233] No process is on the other end of the pipe
2026-08-21 16:08:26 | ERROR    | trading_bot | Critical Loop Error: [WinError 233] No process is on the other end of the pipe
2026-08-21 16:08:33 | ERROR    | trading_bot | Critical Loop Error: [WinError 233] No process is on the other end of the pipe
2026-08-21 16:08:40 | ERROR    | trading_bot | Critical Loop Error: [WinError 233] No process is on the other end of the pipe
2026-08-21 16:08:46 | ERROR    | trading_bot | Critical Loop Error: [WinError 233] No process is on the other end of the pipe
2026-08-21 16:08:52 | ERROR    | trading_bot | Critical Loop Error: [WinError 233] No process is on the other end of the pipe
2026-08-21 16:08:59 | ERROR    | trading_bot | Critical Loop Error: [WinError 233] No process is on the other end of the pipe
2026-08-21 16:09:05 | ERROR    | trading_bot | Critical Loop Error: [WinError 233] No process is on the other end of the pipe
2026-08-21 16:09:12 | ERROR    | trading_bot | Critical Loop Error: [WinError 233] No process is on the other end of the pipe
2026-08-21 16:09:18 | ERROR    | trading_bot | Critical Loop Error: [WinError 233] No process is on the other end of the pipe
2026-08-21 16:09:24 | ERROR    | trading_bot | Critical Loop Error: [WinError 233] No process is on the other end of the pipe
2026-08-21 16:09:30 | ERROR    | trading_bot | Critical Loop Error: [WinError 233] No process is on the other end of the pipe
2026-08-21 16:09:36 | ERROR    | trading_bot | Critical Loop Error: [WinError 233] No process is on the other end of the pipe
2026-08-21 16:09:43 | ERROR    | trading_bot | Critical Loop Error: [WinError 233] No process is on the other end of the pipe
2026-08-21 16:09:49 | ERROR    | trading_bot | Critical Loop Error: [WinError 233] No process is on the other end of the pipe
2026-08-21 16:09:55 | ERROR    | trading_bot | Critical Loop Error: [WinError 233] No process is on the other end of the pipe
2026-08-21 16:10:02 | ERROR    | trading_bot | Critical Loop Error: [WinError 233] No process is on the other end of the pipe
2026-08-21 16:10:08 | ERROR    | trading_bot | Critical Loop Error: [WinError 233] No process is on the other end of the pipe
2026-08-21 16:10:14 | ERROR    | trading_bot | Critical Loop Error: [WinError 233] No process is on the other end of the pipe
2026-08-21 16:10:20 | ERROR    | trading_bot | Critical Loop Error: [WinError 233] No process is on the other end of the pipe
2026-08-21 16:10:26 | ERROR    | trading_bot | Critical Loop Error: [WinError 233] No process is on the other end of the pipe
2026-08-21 16:10:32 | ERROR    | trading_bot | Critical Loop Error: [WinError 233] No process is on the other end of the pipe
2026-08-21 16:10:39 | ERROR    | trading_bot | Critical Loop Error: [WinError 233] No process is on the other end of the pipe
2026-08-21 16:10:45 | ERROR    | trading_bot | Critical Loop Error: [WinError 233] No process is on the other end of the pipe
2026-08-21 16:10:51 | ERROR    | trading_bot | Critical Loop Error: [WinError 233] No process is on the other end of the pipe
2026-08-21 16:10:57 | ERROR    | trading_bot | Critical Loop Error: [WinError 233] No process is on the other end of the pipe
2026-08-21 16:11:03 | ERROR    | trading_bot | Critical Loop Error: [WinError 233] No process is on the other end of the pipe
2026-08-21 16:11:09 | ERROR    | trading_bot | Critical Loop Error: [WinError 233] No process is on the other end of the pipe
2026-08-21 16:11:16 | ERROR    | trading_bot | Critical Loop Error: [WinError 233] No process is on the other end of the pipe
2026-08-21 16:11:22 | ERROR    | trading_bot | Critical Loop Error: [WinError 233] No process is on the other end of the pipe
2026-08-21 16:11:28 | ERROR    | trading_bot | Critical Loop Error: [WinError 233] No process is on the other end of the pipe
2026-08-21 16:11:34 | ERROR    | trading_bot | Critical Loop Error: [WinError 233] No process is on the other end of the pipe
2026-08-21 16:11:41 | ERROR    | trading_bot | Critical Loop Error: [WinError 233] No process is on the other end of the pipe
2026-08-21 16:11:47 | ERROR    | trading_bot | Critical Loop Error: [WinError 233] No process is on the other end of the pipe
2026-08-21 16:11:54 | ERROR    | trading_bot | Critical Loop Error: [WinError 233] No process is on the other end of the pipe
2026-08-21 16:12:00 | ERROR    | trading_bot | Critical Loop Error: [WinError 233] No process is on the other end of the pipe
2026-08-21 16:12:06 | ERROR    | trading_bot | Critical Loop Error: [WinError 233] No process is on the other end of the pipe
2026-08-21 16:12:12 | ERROR    | trading_bot | Critical Loop Error: [WinError 233] No process is on the other end of the pipe
2026-08-21 16:12:18 | ERROR    | trading_bot | Critical Loop Error: [WinError 233] No process is on the other end of the pipe
2026-08-21 16:12:25 | ERROR    | trading_bot | Critical Loop Error: [WinError 233] No process is on the other end of the pipe
2026-08-21 16:12:31 | ERROR    | trading_bot | Critical Loop Error: [WinError 233] No process is on the other end of the pipe
2026-08-21 16:12:38 | ERROR    | trading_bot | Critical Loop Error: [WinError 233] No process is on the other end of the pipe
2026-08-21 16:12:45 | ERROR    | trading_bot | Critical Loop Error: [WinError 233] No process is on the other end of the pipe
2026-08-21 16:12:51 | ERROR    | trading_bot | Critical Loop Error: [WinError 233] No process is on the other end of the pipe
2026-08-21 16:12:58 | ERROR    | trading_bot | Critical Loop Error: [WinError 233] No process is on the other end of the pipe
2026-08-21 16:13:04 | ERROR    | trading_bot | Critical Loop Error: [WinError 233] No process is on the other end of the pipe
2026-08-21 16:13:10 | ERROR    | trading_bot | Critical Loop Error: [WinError 233] No process is on the other end of the pipe
2026-08-21 16:13:16 | ERROR    | trading_bot | Critical Loop Error: [WinError 233] No process is on the other end of the pipe
2026-08-21 16:13:23 | ERROR    | trading_bot | Critical Loop Error: [WinError 233] No process is on the other end of the pipe
2026-08-21 16:13:29 | ERROR    | trading_bot | Critical Loop Error: [WinError 233] No process is on the other end of the pipe
2026-08-21 16:13:35 | ERROR    | trading_bot | Critical Loop Error: [WinError 233] No process is on the other end of the pipe
2026-08-21 16:13:43 | ERROR    | trading_bot | Critical Loop Error: [WinError 233] No process is on the other end of the pipe
2026-08-21 16:13:49 | ERROR    | trading_bot | Critical Loop Error: [WinError 233] No process is on the other end of the pipe
2026-08-21 16:13:55 | ERROR    | trading_bot | Critical Loop Error: [WinError 233] No process is on the other end of the pipe
2026-08-21 16:14:02 | ERROR    | trading_bot | Critical Loop Error: [WinError 233] No process is on the other end of the pipe
2026-08-21 16:14:08 | ERROR    | trading_bot | Critical Loop Error: [WinError 233] No process is on the other end of the pipe
2026-08-21 16:14:14 | ERROR    | trading_bot | Critical Loop Error: [WinError 233] No process is on the other end of the pipe
2026-08-21 16:14:20 | ERROR    | trading_bot | Critical Loop Error: [WinError 233] No process is on the other end of the pipe
2026-08-21 16:14:26 | ERROR    | trading_bot | Critical Loop Error: [WinError 233] No process is on the other end of the pipe
2026-08-21 16:14:34 | ERROR    | trading_bot | Critical Loop Error: [WinError 233] No process is on the other end of the pipe
2026-08-21 16:14:41 | ERROR    | trading_bot | Critical Loop Error: [WinError 233] No process is on the other end of the pipe
2026-08-21 16:14:48 | ERROR    | trading_bot | Critical Loop Error: [WinError 233] No process is on the other end of the pipe
2026-08-21 16:14:55 | ERROR    | trading_bot | Critical Loop Error: [WinError 233] No process is on the other end of the pipe
2026-08-21 16:15:30 | ERROR    | trading_bot | Critical Loop Error: [WinError 233] No process is on the other end of the pipe
2026-08-21 16:15:36 | ERROR    | trading_bot | Critical Loop Error: [WinError 233] No process is on the other end of the pipe
2026-08-21 16:16:05 | ERROR    | trading_bot | Critical Loop Error: [WinError 233] No process is on the other end of the pipe
2026-08-21 16:16:13 | ERROR    | trading_bot | Critical Loop Error: [WinError 233] No process is on the other end of the pipe
2026-08-21 16:16:20 | ERROR    | trading_bot | Critical Loop Error: [WinError 233] No process is on the other end of the pipe
2026-08-21 16:16:26 | ERROR    | trading_bot | Critical Loop Error: [WinError 233] No process is on the other end of the pipe
2026-08-21 16:16:33 | ERROR    | trading_bot | Critical Loop Error: [WinError 233] No process is on the other end of the pipe
2026-08-21 16:16:40 | ERROR    | trading_bot | Critical Loop Error: [WinError 233] No process is on the other end of the pipe
2026-08-21 16:16:46 | ERROR    | trading_bot | Critical Loop Error: [WinError 233] No process is on the other end of the pipe
2026-08-21 16:16:53 | ERROR    | trading_bot | Critical Loop Error: [WinError 233] No process is on the other end of the pipe
2026-08-21 16:17:17 | ERROR    | trading_bot | Critical Loop Error: [WinError 233] No process is on the other end of the pipe
2026-08-21 16:17:24 | ERROR    | trading_bot | Critical Loop Error: [WinError 233] No process is on the other end of the pipe
2026-08-21 16:17:31 | ERROR    | trading_bot | Critical Loop Error: [WinError 233] No process is on the other end of the pipe
2026-08-21 16:17:37 | ERROR    | trading_bot | Critical Loop Error: [WinError 233] No process is on the other end of the pipe
2026-08-21 16:17:44 | ERROR    | trading_bot | Critical Loop Error: [WinError 233] No process is on the other end of the pipe
2026-08-21 16:17:51 | ERROR    | trading_bot | Critical Loop Error: [WinError 233] No process is on the other end of the pipe
2026-08-21 16:17:57 | ERROR    | trading_bot | Critical Loop Error: [WinError 233] No process is on the other end of the pipe
2026-08-21 16:18:04 | ERROR    | trading_bot | Critical Loop Error: [WinError 233] No process is on the other end of the pipe
2026-08-21 16:18:10 | ERROR    | trading_bot | Critical Loop Error: [WinError 233] No process is on the other end of the pipe
2026-08-21 16:18:33 | ERROR    | trading_bot | Critical Loop Error: [WinError 233] No process is on the other end of the pipe
2026-08-21 16:18:40 | ERROR    | trading_bot | Critical Loop Error: [WinError 233] No process is on the other end of the pipe
2026-08-21 16:18:46 | ERROR    | trading_bot | Critical Loop Error: [WinError 233] No process is on the other end of the pipe
2026-08-21 16:18:53 | ERROR    | trading_bot | Critical Loop Error: [WinError 233] No process is on the other end of the pipe
2026-08-21 16:18:59 | ERROR    | trading_bot | Critical Loop Error: [WinError 233] No process is on the other end of the pipe
2026-08-21 16:19:05 | ERROR    | trading_bot | Critical Loop Error: [WinError 233] No process is on the other end of the pipe
2026-08-21 16:19:12 | ERROR    | trading_bot | Critical Loop Error: [WinError 233] No process is on the other end of the pipe
2026-08-21 16:19:18 | ERROR    | trading_bot | Critical Loop Error: [WinError 233] No process is on the other end of the pipe
2026-08-21 16:19:25 | ERROR    | trading_bot | Critical Loop Error: [WinError 233] No process is on the other end of the pipe
2026-08-21 16:19:50 | ERROR    | trading_bot | Critical Loop Error: [WinError 233] No process is on the other end of the pipe
2026-08-21 16:19:56 | ERROR    | trading_bot | Critical Loop Error: [WinError 233] No process is on the other end of the pipe
2026-08-21 16:20:02 | ERROR    | trading_bot | Critical Loop Error: [WinError 233] No process is on the other end of the pipe
2026-08-21 16:20:10 | ERROR    | trading_bot | Critical Loop Error: [WinError 233] No process is on the other end of the pipe
2026-08-21 16:20:18 | ERROR    | trading_bot | Critical Loop Error: [WinError 233] No process is on the other end of the pipe
2026-08-21 16:20:25 | ERROR    | trading_bot | Critical Loop Error: [WinError 233] No process is on the other end of the pipe
2026-08-21 16:20:33 | ERROR    | trading_bot | Critical Loop Error: [WinError 233] No process is on the other end of the pipe
2026-08-21 16:21:08 | ERROR    | trading_bot | Critical Loop Error: [WinError 233] No process is on the other end of the pipe
2026-08-21 16:21:14 | ERROR    | trading_bot | Critical Loop Error: [WinError 233] No process is on the other end of the pipe
2026-08-21 16:21:22 | ERROR    | trading_bot | Critical Loop Error: [WinError 233] No process is on the other end of the pipe
2026-08-21 16:21:28 | ERROR    | trading_bot | Critical Loop Error: [WinError 233] No process is on the other end of the pipe
2026-08-21 16:21:34 | ERROR    | trading_bot | Critical Loop Error: [WinError 233] No process is on the other end of the pipe
2026-08-21 16:21:41 | ERROR    | trading_bot | Critical Loop Error: [WinError 233] No process is on the other end of the pipe
2026-08-21 16:21:47 | ERROR    | trading_bot | Critical Loop Error: [WinError 233] No process is on the other end of the pipe
2026-08-21 16:21:54 | ERROR    | trading_bot | Critical Loop Error: [WinError 233] No process is on the other end of the pipe
2026-08-21 16:22:00 | ERROR    | trading_bot | Critical Loop Error: [WinError 233] No process is on the other end of the pipe
2026-08-21 16:22:07 | ERROR    | trading_bot | Critical Loop Error: [WinError 233] No process is on the other end of the pipe
2026-08-21 16:22:14 | ERROR    | trading_bot | Critical Loop Error: [WinError 233] No process is on the other end of the pipe
2026-08-21 16:22:21 | ERROR    | trading_bot | Critical Loop Error: [WinError 233] No process is on the other end of the pipe
2026-08-21 16:22:27 | ERROR    | trading_bot | Critical Loop Error: [WinError 233] No process is on the other end of the pipe
2026-08-21 16:22:39 | ERROR    | trading_bot | Critical Loop Error: [WinError 233] No process is on the other end of the pipe
2026-08-21 16:22:46 | ERROR    | trading_bot | Critical Loop Error: [WinError 233] No process is on the other end of the pipe
2026-08-21 16:22:53 | ERROR    | trading_bot | Critical Loop Error: [WinError 233] No process is on the other end of the pipe
2026-08-21 16:23:01 | ERROR    | trading_bot | Critical Loop Error: [WinError 233] No process is on the other end of the pipe
2026-08-21 16:23:09 | ERROR    | trading_bot | Critical Loop Error: [WinError 233] No process is on the other end of the pipe
2026-08-21 16:23:15 | ERROR    | trading_bot | Critical Loop Error: [WinError 233] No process is on the other end of the pipe
2026-08-21 16:23:22 | ERROR    | trading_bot | Critical Loop Error: [WinError 233] No process is on the other end of the pipe
2026-08-21 16:23:29 | ERROR    | trading_bot | Critical Loop Error: [WinError 233] No process is on the other end of the pipe
2026-08-21 16:23:35 | ERROR    | trading_bot | Critical Loop Error: [WinError 233] No process is on the other end of the pipe
2026-08-21 16:23:51 | ERROR    | trading_bot | Critical Loop Error: [WinError 233] No process is on the other end of the pipe
2026-08-21 16:23:57 | ERROR    | trading_bot | Critical Loop Error: [WinError 233] No process is on the other end of the pipe
2026-08-21 16:24:04 | ERROR    | trading_bot | Critical Loop Error: [WinError 233] No process is on the other end of the pipe
2026-08-21 16:24:10 | ERROR    | trading_bot | Critical Loop Error: [WinError 233] No process is on the other end of the pipe
2026-08-21 16:24:16 | ERROR    | trading_bot | Critical Loop Error: [WinError 233] No process is on the other end of the pipe
2026-08-21 16:24:23 | ERROR    | trading_bot | Critical Loop Error: [WinError 233] No process is on the other end of the pipe
2026-08-21 16:24:29 | ERROR    | trading_bot | Critical Loop Error: [WinError 233] No process is on the other end of the pipe
2026-08-21 16:24:36 | ERROR    | trading_bot | Critical Loop Error: [WinError 233] No process is on the other end of the pipe
2026-08-21 16:24:42 | ERROR    | trading_bot | Critical Loop Error: [WinError 233] No process is on the other end of the pipe
2026-08-21 16:24:50 | ERROR    | trading_bot | Critical Loop Error: [WinError 233] No process is on the other end of the pipe
2026-08-21 16:24:58 | ERROR    | trading_bot | Critical Loop Error: [WinError 233] No process is on the other end of the pipe
2026-08-21 16:25:05 | ERROR    | trading_bot | Critical Loop Error: [WinError 233] No process is on the other end of the pipe
2026-08-21 16:25:14 | ERROR    | trading_bot | Critical Loop Error: [WinError 233] No process is on the other end of the pipe
2026-08-21 16:25:21 | ERROR    | trading_bot | Critical Loop Error: [WinError 233] No process is on the other end of the pipe
2026-08-21 16:25:30 | ERROR    | trading_bot | Critical Loop Error: [WinError 233] No process is on the other end of the pipe
2026-08-21 16:25:37 | ERROR    | trading_bot | Critical Loop Error: [WinError 233] No process is on the other end of the pipe
2026-08-21 16:25:44 | ERROR    | trading_bot | Critical Loop Error: [WinError 233] No process is on the other end of the pipe
2026-08-21 16:25:50 | ERROR    | trading_bot | Critical Loop Error: [WinError 233] No process is on the other end of the pipe
2026-08-21 16:25:56 | ERROR    | trading_bot | Critical Loop Error: [WinError 233] No process is on the other end of the pipe
2026-08-21 16:26:03 | ERROR    | trading_bot | Critical Loop Error: [WinError 233] No process is on the other end of the pipe
2026-08-21 16:26:09 | ERROR    | trading_bot | Critical Loop Error: [WinError 233] No process is on the other end of the pipe
2026-08-21 16:26:16 | ERROR    | trading_bot | Critical Loop Error: [WinError 233] No process is on the other end of the pipe
2026-08-21 16:26:23 | ERROR    | trading_bot | Critical Loop Error: [WinError 233] No process is on the other end of the pipe
2026-08-21 16:26:30 | ERROR    | trading_bot | Critical Loop Error: [WinError 233] No process is on the other end of the pipe
2026-08-21 16:26:37 | ERROR    | trading_bot | Critical Loop Error: [WinError 233] No process is on the other end of the pipe
2026-08-21 16:26:43 | ERROR    | trading_bot | Critical Loop Error: [WinError 233] No process is on the other end of the pipe
2026-08-21 16:26:50 | ERROR    | trading_bot | Critical Loop Error: [WinError 233] No process is on the other end of the pipe
2026-08-21 16:26:56 | ERROR    | trading_bot | Critical Loop Error: [WinError 233] No process is on the other end of the pipe
2026-08-21 16:27:02 | ERROR    | trading_bot | Critical Loop Error: [WinError 233] No process is on the other end of the pipe
2026-08-21 16:27:09 | ERROR    | trading_bot | Critical Loop Error: [WinError 233] No process is on the other end of the pipe
2026-08-21 16:27:15 | ERROR    | trading_bot | Critical Loop Error: [WinError 233] No process is on the other end of the pipe
2026-08-21 16:27:21 | ERROR    | trading_bot | Critical Loop Error: [WinError 233] No process is on the other end of the pipe
2026-08-21 16:27:28 | ERROR    | trading_bot | Critical Loop Error: [WinError 233] No process is on the other end of the pipe
2026-08-21 16:27:34 | ERROR    | trading_bot | Critical Loop Error: [WinError 233] No process is on the other end of the pipe
2026-08-21 16:27:41 | ERROR    | trading_bot | Critical Loop Error: [WinError 233] No process is on the other end of the pipe
2026-08-21 16:27:47 | ERROR    | trading_bot | Critical Loop Error: [WinError 233] No process is on the other end of the pipe
2026-08-21 16:27:53 | ERROR    | trading_bot | Critical Loop Error: [WinError 233] No process is on the other end of the pipe
2026-08-21 16:28:00 | ERROR    | trading_bot | Critical Loop Error: [WinError 233] No process is on the other end of the pipe
2026-08-21 16:28:06 | ERROR    | trading_bot | Critical Loop Error: [WinError 233] No process is on the other end of the pipe
2026-08-21 16:28:14 | ERROR    | trading_bot | Critical Loop Error: [WinError 233] No process is on the other end of the pipe
2026-08-21 16:28:20 | ERROR    | trading_bot | Critical Loop Error: [WinError 233] No process is on the other end of the pipe
2026-08-21 16:28:26 | ERROR    | trading_bot | Critical Loop Error: [WinError 233] No process is on the other end of the pipe
2026-08-21 16:28:33 | ERROR    | trading_bot | Critical Loop Error: [WinError 233] No process is on the other end of the pipe
2026-08-21 16:28:40 | ERROR    | trading_bot | Critical Loop Error: [WinError 233] No process is on the other end of the pipe
2026-08-21 16:28:47 | ERROR    | trading_bot | Critical Loop Error: [WinError 233] No process is on the other end of the pipe
2026-08-21 16:28:54 | ERROR    | trading_bot | Critical Loop Error: [WinError 233] No process is on the other end of the pipe
2026-08-21 16:29:02 | ERROR    | trading_bot | Critical Loop Error: [WinError 233] No process is on the other end of the pipe
2026-08-21 16:29:08 | ERROR    | trading_bot | Critical Loop Error: [WinError 233] No process is on the other end of the pipe
2026-08-21 16:29:15 | ERROR    | trading_bot | Critical Loop Error: [WinError 233] No process is on the other end of the pipe
2026-08-21 16:29:22 | ERROR    | trading_bot | Critical Loop Error: [WinError 233] No process is on the other end of the pipe
2026-08-21 16:29:28 | ERROR    | trading_bot | Critical Loop Error: [WinError 233] No process is on the other end of the pipe
2026-08-21 16:29:35 | ERROR    | trading_bot | Critical Loop Error: [WinError 233] No process is on the other end of the pipe
2026-08-21 16:29:42 | ERROR    | trading_bot | Critical Loop Error: [WinError 233] No process is on the other end of the pipe
2026-08-21 16:29:48 | ERROR    | trading_bot | Critical Loop Error: [WinError 233] No process is on the other end of the pipe
2026-08-21 16:29:54 | ERROR    | trading_bot | Critical Loop Error: [WinError 233] No process is on the other end of the pipe
2026-08-21 16:30:01 | ERROR    | trading_bot | Critical Loop Error: [WinError 233] No process is on the other end of the pipe
2026-08-21 16:30:08 | ERROR    | trading_bot | Critical Loop Error: [WinError 233] No process is on the other end of the pipe
2026-08-21 16:30:14 | ERROR    | trading_bot | Critical Loop Error: [WinError 233] No process is on the other end of the pipe
2026-08-21 16:30:20 | ERROR    | trading_bot | Critical Loop Error: [WinError 233] No process is on the other end of the pipe
2026-08-21 16:30:27 | ERROR    | trading_bot | Critical Loop Error: [WinError 233] No process is on the other end of the pipe
2026-08-21 16:30:33 | ERROR    | trading_bot | Critical Loop Error: [WinError 233] No process is on the other end of the pipe
2026-08-21 16:30:40 | ERROR    | trading_bot | Critical Loop Error: [WinError 233] No process is on the other end of the pipe
2026-08-21 16:30:46 | ERROR    | trading_bot | Critical Loop Error: [WinError 233] No process is on the other end of the pipe
2026-08-21 16:30:52 | ERROR    | trading_bot | Critical Loop Error: [WinError 233] No process is on the other end of the pipe
2026-08-21 16:30:59 | ERROR    | trading_bot | Critical Loop Error: [WinError 233] No process is on the other end of the pipe
2026-08-21 16:31:05 | ERROR    | trading_bot | Critical Loop Error: [WinError 233] No process is on the other end of the pipe
2026-08-21 16:31:11 | ERROR    | trading_bot | Critical Loop Error: [WinError 233] No process is on the other end of the pipe
2026-08-21 16:31:17 | ERROR    | trading_bot | Critical Loop Error: [WinError 233] No process is on the other end of the pipe
2026-08-21 16:31:24 | ERROR    | trading_bot | Critical Loop Error: [WinError 233] No process is on the other end of the pipe
2026-08-21 16:31:30 | ERROR    | trading_bot | Critical Loop Error: [WinError 233] No process is on the other end of the pipe
2026-08-21 16:31:36 | ERROR    | trading_bot | Critical Loop Error: [WinError 233] No process is on the other end of the pipe
2026-08-21 16:31:43 | ERROR    | trading_bot | Critical Loop Error: [WinError 233] No process is on the other end of the pipe
2026-08-21 16:31:49 | ERROR    | trading_bot | Critical Loop Error: [WinError 233] No process is on the other end of the pipe
2026-08-21 16:31:55 | ERROR    | trading_bot | Critical Loop Error: [WinError 233] No process is on the other end of the pipe
2026-08-21 16:32:02 | ERROR    | trading_bot | Critical Loop Error: [WinError 233] No process is on the other end of the pipe
2026-08-21 16:32:09 | ERROR    | trading_bot | Critical Loop Error: [WinError 233] No process is on the other end of the pipe
2026-08-21 16:32:15 | ERROR    | trading_bot | Critical Loop Error: [WinError 233] No process is on the other end of the pipe
2026-08-21 16:32:22 | ERROR    | trading_bot | Critical Loop Error: [WinError 233] No process is on the other end of the pipe
2026-08-21 16:32:28 | ERROR    | trading_bot | Critical Loop Error: [WinError 233] No process is on the other end of the pipe
2026-08-21 16:32:35 | ERROR    | trading_bot | Critical Loop Error: [WinError 233] No process is on the other end of the pipe
2026-08-21 16:32:42 | ERROR    | trading_bot | Critical Loop Error: [WinError 233] No process is on the other end of the pipe
2026-08-21 16:32:48 | ERROR    | trading_bot | Critical Loop Error: [WinError 233] No process is on the other end of the pipe
2026-08-21 16:32:55 | ERROR    | trading_bot | Critical Loop Error: [WinError 233] No process is on the other end of the pipe
2026-08-21 16:33:02 | ERROR    | trading_bot | Critical Loop Error: [WinError 233] No process is on the other end of the pipe
2026-08-21 16:33:08 | ERROR    | trading_bot | Critical Loop Error: [WinError 233] No process is on the other end of the pipe
2026-08-21 16:33:14 | ERROR    | trading_bot | Critical Loop Error: [WinError 233] No process is on the other end of the pipe
2026-08-21 16:33:20 | ERROR    | trading_bot | Critical Loop Error: [WinError 233] No process is on the other end of the pipe
2026-08-21 16:33:26 | ERROR    | trading_bot | Critical Loop Error: [WinError 233] No process is on the other end of the pipe
2026-08-21 16:33:32 | ERROR    | trading_bot | Critical Loop Error: [WinError 233] No process is on the other end of the pipe
2026-08-21 16:33:38 | ERROR    | trading_bot | Critical Loop Error: [WinError 233] No process is on the other end of the pipe
2026-08-21 16:33:44 | ERROR    | trading_bot | Critical Loop Error: [WinError 233] No process is on the other end of the pipe
2026-08-21 16:33:50 | ERROR    | trading_bot | Critical Loop Error: [WinError 233] No process is on the other end of the pipe
2026-08-21 16:33:57 | ERROR    | trading_bot | Critical Loop Error: [WinError 233] No process is on the other end of the pipe
2026-08-21 16:34:03 | ERROR    | trading_bot | Critical Loop Error: [WinError 233] No process is on the other end of the pipe
2026-08-21 16:34:09 | ERROR    | trading_bot | Critical Loop Error: [WinError 233] No process is on the other end of the pipe
2026-08-21 16:34:15 | ERROR    | trading_bot | Critical Loop Error: [WinError 233] No process is on the other end of the pipe
2026-08-21 16:34:21 | ERROR    | trading_bot | Critical Loop Error: [WinError 233] No process is on the other end of the pipe
2026-08-21 16:34:27 | ERROR    | trading_bot | Critical Loop Error: [WinError 233] No process is on the other end of the pipe
2026-08-21 16:34:33 | ERROR    | trading_bot | Critical Loop Error: [WinError 233] No process is on the other end of the pipe
2026-08-21 16:34:39 | ERROR    | trading_bot | Critical Loop Error: [WinError 233] No process is on the other end of the pipe
2026-08-21 16:34:45 | ERROR    | trading_bot | Critical Loop Error: [WinError 233] No process is on the other end of the pipe
2026-08-21 16:34:51 | ERROR    | trading_bot | Critical Loop Error: [WinError 233] No process is on the other end of the pipe
2026-08-21 16:34:57 | ERROR    | trading_bot | Critical Loop Error: [WinError 233] No process is on the other end of the pipe
2026-08-21 16:35:04 | ERROR    | trading_bot | Critical Loop Error: [WinError 233] No process is on the other end of the pipe
2026-08-21 16:35:10 | ERROR    | trading_bot | Critical Loop Error: [WinError 233] No process is on the other end of the pipe
2026-08-21 16:35:16 | ERROR    | trading_bot | Critical Loop Error: [WinError 233] No process is on the other end of the pipe
2026-08-21 16:35:22 | ERROR    | trading_bot | Critical Loop Error: [WinError 233] No process is on the other end of the pipe
2026-08-21 16:35:28 | ERROR    | trading_bot | Critical Loop Error: [WinError 233] No process is on the other end of the pipe
2026-08-21 16:35:34 | ERROR    | trading_bot | Critical Loop Error: [WinError 233] No process is on the other end of the pipe
2026-08-21 16:35:40 | ERROR    | trading_bot | Critical Loop Error: [WinError 233] No process is on the other end of the pipe
2026-08-21 16:35:46 | ERROR    | trading_bot | Critical Loop Error: [WinError 233] No process is on the other end of the pipe
2026-08-21 16:35:52 | ERROR    | trading_bot | Critical Loop Error: [WinError 233] No process is on the other end of the pipe
2026-08-21 16:35:58 | ERROR    | trading_bot | Critical Loop Error: [WinError 233] No process is on the other end of the pipe
2026-08-21 16:36:04 | ERROR    | trading_bot | Critical Loop Error: [WinError 233] No process is on the other end of the pipe
2026-08-21 16:36:10 | ERROR    | trading_bot | Critical Loop Error: [WinError 233] No process is on the other end of the pipe
2026-08-21 16:36:16 | ERROR    | trading_bot | Critical Loop Error: [WinError 233] No process is on the other end of the pipe
2026-08-21 16:36:22 | ERROR    | trading_bot | Critical Loop Error: [WinError 233] No process is on the other end of the pipe
2026-08-21 16:36:28 | ERROR    | trading_bot | Critical Loop Error: [WinError 233] No process is on the other end of the pipe
2026-08-21 16:36:35 | ERROR    | trading_bot | Critical Loop Error: [WinError 233] No process is on the other end of the pipe
2026-08-21 16:36:41 | ERROR    | trading_bot | Critical Loop Error: [WinError 233] No process is on the other end of the pipe
2026-08-21 16:36:47 | ERROR    | trading_bot | Critical Loop Error: [WinError 233] No process is on the other end of the pipe
2026-08-21 16:36:53 | ERROR    | trading_bot | Critical Loop Error: [WinError 233] No process is on the other end of the pipe
2026-08-21 16:36:59 | ERROR    | trading_bot | Critical Loop Error: [WinError 233] No process is on the other end of the pipe
2026-08-21 16:37:05 | ERROR    | trading_bot | Critical Loop Error: [WinError 233] No process is on the other end of the pipe
2026-08-21 16:37:11 | ERROR    | trading_bot | Critical Loop Error: [WinError 233] No process is on the other end of the pipe
2026-08-21 16:37:18 | ERROR    | trading_bot | Critical Loop Error: [WinError 233] No process is on the other end of the pipe
2026-08-21 16:37:24 | ERROR    | trading_bot | Critical Loop Error: [WinError 233] No process is on the other end of the pipe
2026-08-21 16:37:30 | ERROR    | trading_bot | Critical Loop Error: [WinError 233] No process is on the other end of the pipe
2026-08-21 16:37:36 | ERROR    | trading_bot | Critical Loop Error: [WinError 233] No process is on the other end of the pipe
2026-08-21 16:37:42 | ERROR    | trading_bot | Critical Loop Error: [WinError 233] No process is on the other end of the pipe
2026-08-21 16:37:48 | ERROR    | trading_bot | Critical Loop Error: [WinError 233] No process is on the other end of the pipe
2026-08-21 16:37:54 | ERROR    | trading_bot | Critical Loop Error: [WinError 233] No process is on the other end of the pipe
2026-08-21 16:38:00 | ERROR    | trading_bot | Critical Loop Error: [WinError 233] No process is on the other end of the pipe
2026-08-21 16:38:06 | ERROR    | trading_bot | Critical Loop Error: [WinError 233] No process is on the other end of the pipe
2026-08-21 16:38:12 | ERROR    | trading_bot | Critical Loop Error: [WinError 233] No process is on the other end of the pipe
2026-08-21 16:38:19 | ERROR    | trading_bot | Critical Loop Error: [WinError 233] No process is on the other end of the pipe
2026-08-21 16:38:25 | ERROR    | trading_bot | Critical Loop Error: [WinError 233] No process is on the other end of the pipe
2026-08-21 16:38:31 | ERROR    | trading_bot | Critical Loop Error: [WinError 233] No process is on the other end of the pipe
2026-08-21 16:38:37 | ERROR    | trading_bot | Critical Loop Error: [WinError 233] No process is on the other end of the pipe
2026-08-21 16:38:43 | ERROR    | trading_bot | Critical Loop Error: [WinError 233] No process is on the other end of the pipe
2026-08-21 16:38:49 | ERROR    | trading_bot | Critical Loop Error: [WinError 233] No process is on the other end of the pipe
2026-08-21 16:38:55 | ERROR    | trading_bot | Critical Loop Error: [WinError 233] No process is on the other end of the pipe
2026-08-21 16:39:01 | ERROR    | trading_bot | Critical Loop Error: [WinError 233] No process is on the other end of the pipe
2026-08-21 16:39:07 | ERROR    | trading_bot | Critical Loop Error: [WinError 233] No process is on the other end of the pipe
2026-08-21 16:39:13 | ERROR    | trading_bot | Critical Loop Error: [WinError 233] No process is on the other end of the pipe
2026-08-21 16:39:19 | ERROR    | trading_bot | Critical Loop Error: [WinError 233] No process is on the other end of the pipe
2026-08-21 16:39:26 | ERROR    | trading_bot | Critical Loop Error: [WinError 233] No process is on the other end of the pipe
2026-08-21 16:39:32 | ERROR    | trading_bot | Critical Loop Error: [WinError 233] No process is on the other end of the pipe
2026-08-21 16:39:38 | ERROR    | trading_bot | Critical Loop Error: [WinError 233] No process is on the other end of the pipe
2026-08-21 16:39:44 | ERROR    | trading_bot | Critical Loop Error: [WinError 233] No process is on the other end of the pipe
2026-08-21 16:39:50 | ERROR    | trading_bot | Critical Loop Error: [WinError 233] No process is on the other end of the pipe
2026-08-21 16:39:56 | ERROR    | trading_bot | Critical Loop Error: [WinError 233] No process is on the other end of the pipe
2026-08-21 16:40:02 | ERROR    | trading_bot | Critical Loop Error: [WinError 233] No process is on the other end of the pipe
2026-08-21 16:40:08 | ERROR    | trading_bot | Critical Loop Error: [WinError 233] No process is on the other end of the pipe
2026-08-21 16:40:15 | ERROR    | trading_bot | Critical Loop Error: [WinError 233] No process is on the other end of the pipe
2026-08-21 16:40:21 | ERROR    | trading_bot | Critical Loop Error: [WinError 233] No process is on the other end of the pipe
2026-08-21 16:40:27 | ERROR    | trading_bot | Critical Loop Error: [WinError 233] No process is on the other end of the pipe
2026-08-21 16:40:33 | ERROR    | trading_bot | Critical Loop Error: [WinError 233] No process is on the other end of the pipe
2026-08-21 16:40:39 | ERROR    | trading_bot | Critical Loop Error: [WinError 233] No process is on the other end of the pipe
2026-08-21 16:40:45 | ERROR    | trading_bot | Critical Loop Error: [WinError 233] No process is on the other end of the pipe
2026-08-21 16:40:52 | ERROR    | trading_bot | Critical Loop Error: [WinError 233] No process is on the other end of the pipe
2026-08-21 16:40:58 | ERROR    | trading_bot | Critical Loop Error: [WinError 233] No process is on the other end of the pipe
2026-08-21 16:41:04 | ERROR    | trading_bot | Critical Loop Error: [WinError 233] No process is on the other end of the pipe
2026-08-21 16:41:10 | ERROR    | trading_bot | Critical Loop Error: [WinError 233] No process is on the other end of the pipe
2026-08-21 16:41:17 | ERROR    | trading_bot | Critical Loop Error: [WinError 233] No process is on the other end of the pipe
2026-08-21 16:41:23 | ERROR    | trading_bot | Critical Loop Error: [WinError 233] No process is on the other end of the pipe
2026-08-21 16:41:29 | ERROR    | trading_bot | Critical Loop Error: [WinError 233] No process is on the other end of the pipe
2026-08-21 16:41:35 | ERROR    | trading_bot | Critical Loop Error: [WinError 233] No process is on the other end of the pipe
2026-08-21 16:41:41 | ERROR    | trading_bot | Critical Loop Error: [WinError 233] No process is on the other end of the pipe
2026-08-21 16:41:47 | ERROR    | trading_bot | Critical Loop Error: [WinError 233] No process is on the other end of the pipe
2026-08-21 16:41:53 | ERROR    | trading_bot | Critical Loop Error: [WinError 233] No process is on the other end of the pipe
2026-08-21 16:41:59 | ERROR    | trading_bot | Critical Loop Error: [WinError 233] No process is on the other end of the pipe
2026-08-21 16:42:06 | ERROR    | trading_bot | Critical Loop Error: [WinError 233] No process is on the other end of the pipe
2026-08-21 16:42:12 | ERROR    | trading_bot | Critical Loop Error: [WinError 233] No process is on the other end of the pipe
2026-08-21 16:42:18 | ERROR    | trading_bot | Critical Loop Error: [WinError 233] No process is on the other end of the pipe
2026-08-21 16:42:24 | ERROR    | trading_bot | Critical Loop Error: [WinError 233] No process is on the other end of the pipe
2026-08-21 16:42:31 | ERROR    | trading_bot | Critical Loop Error: [WinError 233] No process is on the other end of the pipe
2026-08-21 16:42:37 | ERROR    | trading_bot | Critical Loop Error: [WinError 233] No process is on the other end of the pipe
2026-08-21 16:42:43 | ERROR    | trading_bot | Critical Loop Error: [WinError 233] No process is on the other end of the pipe
2026-08-21 16:42:49 | ERROR    | trading_bot | Critical Loop Error: [WinError 233] No process is on the other end of the pipe
2026-08-21 16:42:55 | ERROR    | trading_bot | Critical Loop Error: [WinError 233] No process is on the other end of the pipe
2026-08-21 16:43:02 | ERROR    | trading_bot | Critical Loop Error: [WinError 233] No process is on the other end of the pipe
2026-08-21 16:43:08 | ERROR    | trading_bot | Critical Loop Error: [WinError 233] No process is on the other end of the pipe
2026-08-21 16:43:14 | ERROR    | trading_bot | Critical Loop Error: [WinError 233] No process is on the other end of the pipe
2026-08-21 16:43:20 | ERROR    | trading_bot | Critical Loop Error: [WinError 233] No process is on the other end of the pipe
2026-08-21 16:43:26 | ERROR    | trading_bot | Critical Loop Error: [WinError 233] No process is on the other end of the pipe
2026-08-21 16:43:32 | ERROR    | trading_bot | Critical Loop Error: [WinError 233] No process is on the other end of the pipe
2026-08-21 16:43:38 | ERROR    | trading_bot | Critical Loop Error: [WinError 233] No process is on the other end of the pipe
2026-08-21 16:43:44 | ERROR    | trading_bot | Critical Loop Error: [WinError 233] No process is on the other end of the pipe
2026-08-21 16:43:50 | ERROR    | trading_bot | Critical Loop Error: [WinError 233] No process is on the other end of the pipe
2026-08-21 16:43:57 | ERROR    | trading_bot | Critical Loop Error: [WinError 233] No process is on the other end of the pipe
2026-08-21 16:44:03 | ERROR    | trading_bot | Critical Loop Error: [WinError 233] No process is on the other end of the pipe
2026-08-21 16:44:09 | ERROR    | trading_bot | Critical Loop Error: [WinError 233] No process is on the other end of the pipe
2026-08-21 16:44:15 | ERROR    | trading_bot | Critical Loop Error: [WinError 233] No process is on the other end of the pipe
2026-08-21 16:44:21 | ERROR    | trading_bot | Critical Loop Error: [WinError 233] No process is on the other end of the pipe
2026-08-21 16:44:27 | ERROR    | trading_bot | Critical Loop Error: [WinError 233] No process is on the other end of the pipe
2026-08-21 16:44:33 | ERROR    | trading_bot | Critical Loop Error: [WinError 233] No process is on the other end of the pipe
2026-08-21 16:44:39 | ERROR    | trading_bot | Critical Loop Error: [WinError 233] No process is on the other end of the pipe
2026-08-21 16:44:45 | ERROR    | trading_bot | Critical Loop Error: [WinError 233] No process is on the other end of the pipe
2026-08-21 16:44:51 | ERROR    | trading_bot | Critical Loop Error: [WinError 233] No process is on the other end of the pipe
2026-08-21 16:44:57 | ERROR    | trading_bot | Critical Loop Error: [WinError 233] No process is on the other end of the pipe
2026-08-21 16:45:03 | ERROR    | trading_bot | Critical Loop Error: [WinError 233] No process is on the other end of the pipe
2026-08-21 16:45:10 | ERROR    | trading_bot | Critical Loop Error: [WinError 233] No process is on the other end of the pipe
2026-08-21 16:45:16 | ERROR    | trading_bot | Critical Loop Error: [WinError 233] No process is on the other end of the pipe
2026-08-21 16:45:22 | ERROR    | trading_bot | Critical Loop Error: [WinError 233] No process is on the other end of the pipe
2026-08-21 16:45:28 | ERROR    | trading_bot | Critical Loop Error: [WinError 233] No process is on the other end of the pipe
2026-08-21 16:45:35 | ERROR    | trading_bot | Critical Loop Error: [WinError 233] No process is on the other end of the pipe
2026-08-21 16:45:41 | ERROR    | trading_bot | Critical Loop Error: [WinError 233] No process is on the other end of the pipe
2026-08-21 16:45:47 | ERROR    | trading_bot | Critical Loop Error: [WinError 233] No process is on the other end of the pipe
2026-08-21 16:45:53 | ERROR    | trading_bot | Critical Loop Error: [WinError 233] No process is on the other end of the pipe
2026-08-21 16:45:59 | ERROR    | trading_bot | Critical Loop Error: [WinError 233] No process is on the other end of the pipe
2026-08-21 16:46:05 | ERROR    | trading_bot | Critical Loop Error: [WinError 233] No process is on the other end of the pipe
2026-08-21 16:46:11 | ERROR    | trading_bot | Critical Loop Error: [WinError 233] No process is on the other end of the pipe
2026-08-21 16:46:17 | ERROR    | trading_bot | Critical Loop Error: [WinError 233] No process is on the other end of the pipe
2026-08-21 16:46:23 | ERROR    | trading_bot | Critical Loop Error: [WinError 233] No process is on the other end of the pipe
2026-08-21 16:46:29 | ERROR    | trading_bot | Critical Loop Error: [WinError 233] No process is on the other end of the pipe
2026-08-21 16:46:35 | ERROR    | trading_bot | Critical Loop Error: [WinError 233] No process is on the other end of the pipe
2026-08-21 16:46:42 | ERROR    | trading_bot | Critical Loop Error: [WinError 233] No process is on the other end of the pipe
2026-08-21 16:46:48 | ERROR    | trading_bot | Critical Loop Error: [WinError 233] No process is on the other end of the pipe
2026-08-21 16:46:54 | ERROR    | trading_bot | Critical Loop Error: [WinError 233] No process is on the other end of the pipe
2026-08-21 16:47:00 | ERROR    | trading_bot | Critical Loop Error: [WinError 233] No process is on the other end of the pipe
2026-08-21 16:47:06 | ERROR    | trading_bot | Critical Loop Error: [WinError 233] No process is on the other end of the pipe
2026-08-21 16:47:12 | ERROR    | trading_bot | Critical Loop Error: [WinError 233] No process is on the other end of the pipe
2026-08-21 16:47:18 | ERROR    | trading_bot | Critical Loop Error: [WinError 233] No process is on the other end of the pipe
2026-08-21 16:47:24 | ERROR    | trading_bot | Critical Loop Error: [WinError 233] No process is on the other end of the pipe
2026-08-21 16:47:30 | ERROR    | trading_bot | Critical Loop Error: [WinError 233] No process is on the other end of the pipe
2026-08-21 16:47:36 | ERROR    | trading_bot | Critical Loop Error: [WinError 233] No process is on the other end of the pipe
2026-08-21 16:47:42 | ERROR    | trading_bot | Critical Loop Error: [WinError 233] No process is on the other end of the pipe
2026-08-21 16:47:48 | ERROR    | trading_bot | Critical Loop Error: [WinError 233] No process is on the other end of the pipe
2026-08-21 16:47:55 | ERROR    | trading_bot | Critical Loop Error: [WinError 233] No process is on the other end of the pipe
2026-08-21 16:48:01 | ERROR    | trading_bot | Critical Loop Error: [WinError 233] No process is on the other end of the pipe
2026-08-21 16:48:07 | ERROR    | trading_bot | Critical Loop Error: [WinError 233] No process is on the other end of the pipe
2026-08-21 16:48:13 | ERROR    | trading_bot | Critical Loop Error: [WinError 233] No process is on the other end of the pipe
2026-08-21 16:48:19 | ERROR    | trading_bot | Critical Loop Error: [WinError 233] No process is on the other end of the pipe
2026-08-21 16:48:25 | ERROR    | trading_bot | Critical Loop Error: [WinError 233] No process is on the other end of the pipe
2026-08-21 16:48:31 | ERROR    | trading_bot | Critical Loop Error: [WinError 233] No process is on the other end of the pipe
2026-08-21 16:48:37 | ERROR    | trading_bot | Critical Loop Error: [WinError 233] No process is on the other end of the pipe
2026-08-21 16:48:43 | ERROR    | trading_bot | Critical Loop Error: [WinError 233] No process is on the other end of the pipe
2026-08-21 16:48:49 | ERROR    | trading_bot | Critical Loop Error: [WinError 233] No process is on the other end of the pipe
2026-08-21 16:48:55 | ERROR    | trading_bot | Critical Loop Error: [WinError 233] No process is on the other end of the pipe
2026-08-21 16:49:01 | ERROR    | trading_bot | Critical Loop Error: [WinError 233] No process is on the other end of the pipe
2026-08-21 16:49:07 | ERROR    | trading_bot | Critical Loop Error: [WinError 233] No process is on the other end of the pipe
2026-08-21 16:49:13 | ERROR    | trading_bot | Critical Loop Error: [WinError 233] No process is on the other end of the pipe
2026-08-21 16:49:20 | ERROR    | trading_bot | Critical Loop Error: [WinError 233] No process is on the other end of the pipe
2026-08-21 16:49:26 | ERROR    | trading_bot | Critical Loop Error: [WinError 233] No process is on the other end of the pipe
2026-08-21 16:49:32 | ERROR    | trading_bot | Critical Loop Error: [WinError 233] No process is on the other end of the pipe
2026-08-21 16:49:38 | ERROR    | trading_bot | Critical Loop Error: [WinError 233] No process is on the other end of the pipe
2026-08-21 16:49:44 | ERROR    | trading_bot | Critical Loop Error: [WinError 233] No process is on the other end of the pipe
2026-08-21 16:49:50 | ERROR    | trading_bot | Critical Loop Error: [WinError 233] No process is on the other end of the pipe
2026-08-21 16:49:56 | ERROR    | trading_bot | Critical Loop Error: [WinError 233] No process is on the other end of the pipe
2026-08-21 16:50:02 | ERROR    | trading_bot | Critical Loop Error: [WinError 233] No process is on the other end of the pipe
2026-08-21 16:50:08 | ERROR    | trading_bot | Critical Loop Error: [WinError 233] No process is on the other end of the pipe
2026-08-21 16:50:14 | ERROR    | trading_bot | Critical Loop Error: [WinError 233] No process is on the other end of the pipe
2026-08-21 16:50:20 | ERROR    | trading_bot | Critical Loop Error: [WinError 233] No process is on the other end of the pipe
2026-08-21 16:50:26 | ERROR    | trading_bot | Critical Loop Error: [WinError 233] No process is on the other end of the pipe
2026-08-21 16:50:32 | ERROR    | trading_bot | Critical Loop Error: [WinError 233] No process is on the other end of the pipe
2026-08-21 16:50:38 | ERROR    | trading_bot | Critical Loop Error: [WinError 233] No process is on the other end of the pipe
2026-08-21 16:50:44 | ERROR    | trading_bot | Critical Loop Error: [WinError 233] No process is on the other end of the pipe
2026-08-21 16:50:50 | ERROR    | trading_bot | Critical Loop Error: [WinError 233] No process is on the other end of the pipe
2026-08-21 16:50:57 | ERROR    | trading_bot | Critical Loop Error: [WinError 233] No process is on the other end of the pipe
2026-08-21 16:51:03 | ERROR    | trading_bot | Critical Loop Error: [WinError 233] No process is on the other end of the pipe
2026-08-21 16:51:09 | ERROR    | trading_bot | Critical Loop Error: [WinError 233] No process is on the other end of the pipe
2026-08-21 16:51:16 | ERROR    | trading_bot | Critical Loop Error: [WinError 233] No process is on the other end of the pipe
2026-08-21 16:51:22 | ERROR    | trading_bot | Critical Loop Error: [WinError 233] No process is on the other end of the pipe
2026-08-21 16:51:28 | ERROR    | trading_bot | Critical Loop Error: [WinError 233] No process is on the other end of the pipe
2026-08-21 16:51:34 | ERROR    | trading_bot | Critical Loop Error: [WinError 233] No process is on the other end of the pipe
2026-08-21 16:51:40 | ERROR    | trading_bot | Critical Loop Error: [WinError 233] No process is on the other end of the pipe
2026-08-21 16:51:46 | ERROR    | trading_bot | Critical Loop Error: [WinError 233] No process is on the other end of the pipe
2026-08-21 16:51:53 | ERROR    | trading_bot | Critical Loop Error: [WinError 233] No process is on the other end of the pipe
2026-08-21 16:51:59 | ERROR    | trading_bot | Critical Loop Error: [WinError 233] No process is on the other end of the pipe
2026-08-21 16:52:05 | ERROR    | trading_bot | Critical Loop Error: [WinError 233] No process is on the other end of the pipe
2026-08-21 16:52:11 | ERROR    | trading_bot | Critical Loop Error: [WinError 233] No process is on the other end of the pipe
2026-08-21 16:52:17 | ERROR    | trading_bot | Critical Loop Error: [WinError 233] No process is on the other end of the pipe
2026-08-21 16:52:23 | ERROR    | trading_bot | Critical Loop Error: [WinError 233] No process is on the other end of the pipe
2026-08-21 16:52:29 | ERROR    | trading_bot | Critical Loop Error: [WinError 233] No process is on the other end of the pipe
2026-08-21 16:52:35 | ERROR    | trading_bot | Critical Loop Error: [WinError 233] No process is on the other end of the pipe
2026-08-21 16:52:41 | ERROR    | trading_bot | Critical Loop Error: [WinError 233] No process is on the other end of the pipe
2026-08-21 16:52:47 | ERROR    | trading_bot | Critical Loop Error: [WinError 233] No process is on the other end of the pipe
2026-08-21 16:52:54 | ERROR    | trading_bot | Critical Loop Error: [WinError 233] No process is on the other end of the pipe
2026-08-21 16:53:00 | ERROR    | trading_bot | Critical Loop Error: [WinError 233] No process is on the other end of the pipe
2026-08-21 16:53:06 | ERROR    | trading_bot | Critical Loop Error: [WinError 233] No process is on the other end of the pipe
2026-08-21 16:53:12 | ERROR    | trading_bot | Critical Loop Error: [WinError 233] No process is on the other end of the pipe
2026-08-21 16:53:18 | ERROR    | trading_bot | Critical Loop Error: [WinError 233] No process is on the other end of the pipe
2026-08-21 16:53:24 | ERROR    | trading_bot | Critical Loop Error: [WinError 233] No process is on the other end of the pipe
2026-08-21 16:53:30 | ERROR    | trading_bot | Critical Loop Error: [WinError 233] No process is on the other end of the pipe
2026-08-21 16:53:36 | ERROR    | trading_bot | Critical Loop Error: [WinError 233] No process is on the other end of the pipe
2026-08-21 16:53:42 | ERROR    | trading_bot | Critical Loop Error: [WinError 233] No process is on the other end of the pipe
2026-08-21 16:53:49 | ERROR    | trading_bot | Critical Loop Error: [WinError 233] No process is on the other end of the pipe
2026-08-21 16:53:55 | ERROR    | trading_bot | Critical Loop Error: [WinError 233] No process is on the other end of the pipe
2026-08-21 16:54:01 | ERROR    | trading_bot | Critical Loop Error: [WinError 233] No process is on the other end of the pipe
2026-08-21 16:54:07 | ERROR    | trading_bot | Critical Loop Error: [WinError 233] No process is on the other end of the pipe
2026-08-21 16:54:13 | ERROR    | trading_bot | Critical Loop Error: [WinError 233] No process is on the other end of the pipe
2026-08-21 16:54:19 | ERROR    | trading_bot | Critical Loop Error: [WinError 233] No process is on the other end of the pipe
2026-08-21 16:54:25 | ERROR    | trading_bot | Critical Loop Error: [WinError 233] No process is on the other end of the pipe
2026-08-21 16:54:31 | ERROR    | trading_bot | Critical Loop Error: [WinError 233] No process is on the other end of the pipe
2026-08-21 16:54:37 | ERROR    | trading_bot | Critical Loop Error: [WinError 233] No process is on the other end of the pipe
2026-08-21 16:54:43 | ERROR    | trading_bot | Critical Loop Error: [WinError 233] No process is on the other end of the pipe
2026-08-21 16:54:49 | ERROR    | trading_bot | Critical Loop Error: [WinError 233] No process is on the other end of the pipe
2026-08-21 16:54:55 | ERROR    | trading_bot | Critical Loop Error: [WinError 233] No process is on the other end of the pipe
2026-08-21 16:55:01 | ERROR    | trading_bot | Critical Loop Error: [WinError 233] No process is on the other end of the pipe
2026-08-21 16:55:07 | ERROR    | trading_bot | Critical Loop Error: [WinError 233] No process is on the other end of the pipe
2026-08-21 16:55:13 | ERROR    | trading_bot | Critical Loop Error: [WinError 233] No process is on the other end of the pipe
2026-08-21 16:55:20 | ERROR    | trading_bot | Critical Loop Error: [WinError 233] No process is on the other end of the pipe
2026-08-21 16:55:26 | ERROR    | trading_bot | Critical Loop Error: [WinError 233] No process is on the other end of the pipe
2026-08-21 16:55:32 | ERROR    | trading_bot | Critical Loop Error: [WinError 233] No process is on the other end of the pipe
2026-08-21 16:55:38 | ERROR    | trading_bot | Critical Loop Error: [WinError 233] No process is on the other end of the pipe
2026-08-21 16:55:44 | ERROR    | trading_bot | Critical Loop Error: [WinError 233] No process is on the other end of the pipe
2026-08-21 16:55:50 | ERROR    | trading_bot | Critical Loop Error: [WinError 233] No process is on the other end of the pipe
2026-08-21 16:55:56 | ERROR    | trading_bot | Critical Loop Error: [WinError 233] No process is on the other end of the pipe
2026-08-21 16:56:02 | ERROR    | trading_bot | Critical Loop Error: [WinError 233] No process is on the other end of the pipe
2026-08-21 16:56:08 | ERROR    | trading_bot | Critical Loop Error: [WinError 233] No process is on the other end of the pipe
2026-08-21 16:56:14 | ERROR    | trading_bot | Critical Loop Error: [WinError 233] No process is on the other end of the pipe
2026-08-21 16:56:20 | ERROR    | trading_bot | Critical Loop Error: [WinError 233] No process is on the other end of the pipe
2026-08-21 16:56:26 | ERROR    | trading_bot | Critical Loop Error: [WinError 233] No process is on the other end of the pipe
2026-08-21 16:56:33 | ERROR    | trading_bot | Critical Loop Error: [WinError 233] No process is on the other end of the pipe
2026-08-21 16:56:39 | ERROR    | trading_bot | Critical Loop Error: [WinError 233] No process is on the other end of the pipe
2026-08-21 16:56:45 | ERROR    | trading_bot | Critical Loop Error: [WinError 233] No process is on the other end of the pipe
2026-08-21 16:56:51 | ERROR    | trading_bot | Critical Loop Error: [WinError 233] No process is on the other end of the pipe
2026-08-21 16:56:57 | ERROR    | trading_bot | Critical Loop Error: [WinError 233] No process is on the other end of the pipe
2026-08-21 16:57:03 | ERROR    | trading_bot | Critical Loop Error: [WinError 233] No process is on the other end of the pipe
2026-08-21 16:57:09 | ERROR    | trading_bot | Critical Loop Error: [WinError 233] No process is on the other end of the pipe
2026-08-21 16:57:21 | ERROR    | trading_bot | Critical Loop Error: [WinError 233] No process is on the other end of the pipe
2026-08-21 16:57:27 | ERROR    | trading_bot | Critical Loop Error: [WinError 233] No process is on the other end of the pipe
2026-08-21 16:57:33 | ERROR    | trading_bot | Critical Loop Error: [WinError 233] No process is on the other end of the pipe
2026-08-21 16:57:39 | ERROR    | trading_bot | Critical Loop Error: [WinError 233] No process is on the other end of the pipe
2026-08-21 16:57:45 | ERROR    | trading_bot | Critical Loop Error: [WinError 233] No process is on the other end of the pipe
2026-08-21 16:57:52 | ERROR    | trading_bot | Critical Loop Error: [WinError 233] No process is on the other end of the pipe
2026-08-21 16:57:58 | ERROR    | trading_bot | Critical Loop Error: [WinError 233] No process is on the other end of the pipe
2026-08-21 16:58:04 | ERROR    | trading_bot | Critical Loop Error: [WinError 233] No process is on the other end of the pipe
2026-08-21 16:58:10 | ERROR    | trading_bot | Critical Loop Error: [WinError 233] No process is on the other end of the pipe
2026-08-21 16:58:16 | ERROR    | trading_bot | Critical Loop Error: [WinError 233] No process is on the other end of the pipe
2026-08-21 16:58:22 | ERROR    | trading_bot | Critical Loop Error: [WinError 233] No process is on the other end of the pipe
2026-08-21 16:58:28 | ERROR    | trading_bot | Critical Loop Error: [WinError 233] No process is on the other end of the pipe
2026-08-21 16:58:34 | ERROR    | trading_bot | Critical Loop Error: [WinError 233] No process is on the other end of the pipe
2026-08-21 16:58:41 | ERROR    | trading_bot | Critical Loop Error: [WinError 233] No process is on the other end of the pipe
2026-08-21 16:58:47 | ERROR    | trading_bot | Critical Loop Error: [WinError 233] No process is on the other end of the pipe
2026-08-21 16:58:53 | ERROR    | trading_bot | Critical Loop Error: [WinError 233] No process is on the other end of the pipe
2026-08-21 16:58:59 | ERROR    | trading_bot | Critical Loop Error: [WinError 233] No process is on the other end of the pipe
2026-08-21 16:59:05 | ERROR    | trading_bot | Critical Loop Error: [WinError 233] No process is on the other end of the pipe
2026-08-21 16:59:11 | ERROR    | trading_bot | Critical Loop Error: [WinError 233] No process is on the other end of the pipe
2026-08-21 16:59:17 | ERROR    | trading_bot | Critical Loop Error: [WinError 233] No process is on the other end of the pipe
2026-08-21 16:59:23 | ERROR    | trading_bot | Critical Loop Error: [WinError 233] No process is on the other end of the pipe
2026-08-21 16:59:29 | ERROR    | trading_bot | Critical Loop Error: [WinError 233] No process is on the other end of the pipe
2026-08-21 16:59:35 | ERROR    | trading_bot | Critical Loop Error: [WinError 233] No process is on the other end of the pipe
2026-08-21 16:59:41 | ERROR    | trading_bot | Critical Loop Error: [WinError 233] No process is on the other end of the pipe
2026-08-21 16:59:47 | ERROR    | trading_bot | Critical Loop Error: [WinError 233] No process is on the other end of the pipe
2026-08-21 16:59:54 | ERROR    | trading_bot | Critical Loop Error: [WinError 233] No process is on the other end of the pipe
2026-08-21 17:00:00 | ERROR    | trading_bot | Critical Loop Error: [WinError 233] No process is on the other end of the pipe
2026-08-21 17:00:06 | ERROR    | trading_bot | Critical Loop Error: [WinError 233] No process is on the other end of the pipe
2026-08-21 17:00:12 | ERROR    | trading_bot | Critical Loop Error: [WinError 233] No process is on the other end of the pipe
2026-08-21 17:00:18 | ERROR    | trading_bot | Critical Loop Error: [WinError 233] No process is on the other end of the pipe
2026-08-21 17:00:24 | ERROR    | trading_bot | Critical Loop Error: [WinError 233] No process is on the other end of the pipe
2026-08-21 17:00:30 | ERROR    | trading_bot | Critical Loop Error: [WinError 233] No process is on the other end of the pipe
2026-08-21 17:00:36 | ERROR    | trading_bot | Critical Loop Error: [WinError 233] No process is on the other end of the pipe
2026-08-21 17:00:42 | ERROR    | trading_bot | Critical Loop Error: [WinError 233] No process is on the other end of the pipe
2026-08-21 17:00:48 | ERROR    | trading_bot | Critical Loop Error: [WinError 233] No process is on the other end of the pipe
2026-08-21 17:00:55 | ERROR    | trading_bot | Critical Loop Error: [WinError 233] No process is on the other end of the pipe
2026-08-21 17:01:01 | ERROR    | trading_bot | Critical Loop Error: [WinError 233] No process is on the other end of the pipe
2026-08-21 17:01:07 | ERROR    | trading_bot | Critical Loop Error: [WinError 233] No process is on the other end of the pipe
2026-08-21 17:01:13 | ERROR    | trading_bot | Critical Loop Error: [WinError 233] No process is on the other end of the pipe
2026-08-21 17:01:19 | ERROR    | trading_bot | Critical Loop Error: [WinError 233] No process is on the other end of the pipe
2026-08-21 17:01:25 | ERROR    | trading_bot | Critical Loop Error: [WinError 233] No process is on the other end of the pipe
2026-08-21 17:01:31 | ERROR    | trading_bot | Critical Loop Error: [WinError 233] No process is on the other end of the pipe
2026-08-21 17:01:37 | ERROR    | trading_bot | Critical Loop Error: [WinError 233] No process is on the other end of the pipe
2026-08-21 17:01:43 | ERROR    | trading_bot | Critical Loop Error: [WinError 233] No process is on the other end of the pipe
2026-08-21 17:01:49 | ERROR    | trading_bot | Critical Loop Error: [WinError 233] No process is on the other end of the pipe
2026-08-21 17:01:55 | ERROR    | trading_bot | Critical Loop Error: [WinError 233] No process is on the other end of the pipe
2026-08-21 17:02:01 | ERROR    | trading_bot | Critical Loop Error: [WinError 233] No process is on the other end of the pipe
2026-08-21 17:02:08 | ERROR    | trading_bot | Critical Loop Error: [WinError 233] No process is on the other end of the pipe
2026-08-21 17:02:14 | ERROR    | trading_bot | Critical Loop Error: [WinError 233] No process is on the other end of the pipe
2026-08-21 17:02:20 | ERROR    | trading_bot | Critical Loop Error: [WinError 233] No process is on the other end of the pipe
2026-08-21 17:02:26 | ERROR    | trading_bot | Critical Loop Error: [WinError 233] No process is on the other end of the pipe
2026-08-21 17:02:32 | ERROR    | trading_bot | Critical Loop Error: [WinError 233] No process is on the other end of the pipe
2026-08-21 17:02:38 | ERROR    | trading_bot | Critical Loop Error: [WinError 233] No process is on the other end of the pipe
2026-08-21 17:02:44 | ERROR    | trading_bot | Critical Loop Error: [WinError 233] No process is on the other end of the pipe
2026-08-21 17:02:50 | ERROR    | trading_bot | Critical Loop Error: [WinError 233] No process is on the other end of the pipe
2026-08-21 17:02:56 | ERROR    | trading_bot | Critical Loop Error: [WinError 233] No process is on the other end of the pipe
2026-08-21 17:03:03 | ERROR    | trading_bot | Critical Loop Error: [WinError 233] No process is on the other end of the pipe
2026-08-21 17:03:09 | ERROR    | trading_bot | Critical Loop Error: [WinError 233] No process is on the other end of the pipe
2026-08-21 17:03:15 | ERROR    | trading_bot | Critical Loop Error: [WinError 233] No process is on the other end of the pipe
2026-08-21 17:03:21 | ERROR    | trading_bot | Critical Loop Error: [WinError 233] No process is on the other end of the pipe
2026-08-21 17:03:27 | ERROR    | trading_bot | Critical Loop Error: [WinError 233] No process is on the other end of the pipe
2026-08-21 17:03:33 | ERROR    | trading_bot | Critical Loop Error: [WinError 233] No process is on the other end of the pipe
2026-08-21 17:03:39 | ERROR    | trading_bot | Critical Loop Error: [WinError 233] No process is on the other end of the pipe
2026-08-21 17:03:45 | ERROR    | trading_bot | Critical Loop Error: [WinError 233] No process is on the other end of the pipe
2026-08-21 17:03:51 | ERROR    | trading_bot | Critical Loop Error: [WinError 233] No process is on the other end of the pipe
2026-08-21 17:03:57 | ERROR    | trading_bot | Critical Loop Error: [WinError 233] No process is on the other end of the pipe
2026-08-21 17:04:03 | ERROR    | trading_bot | Critical Loop Error: [WinError 233] No process is on the other end of the pipe
2026-08-21 17:04:10 | ERROR    | trading_bot | Critical Loop Error: [WinError 233] No process is on the other end of the pipe
2026-08-21 17:04:16 | ERROR    | trading_bot | Critical Loop Error: [WinError 233] No process is on the other end of the pipe
2026-08-21 17:04:22 | ERROR    | trading_bot | Critical Loop Error: [WinError 233] No process is on the other end of the pipe
2026-08-21 17:04:28 | ERROR    | trading_bot | Critical Loop Error: [WinError 233] No process is on the other end of the pipe
2026-08-21 17:04:34 | ERROR    | trading_bot | Critical Loop Error: [WinError 233] No process is on the other end of the pipe
2026-08-21 17:04:40 | ERROR    | trading_bot | Critical Loop Error: [WinError 233] No process is on the other end of the pipe
2026-08-21 17:04:46 | ERROR    | trading_bot | Critical Loop Error: [WinError 233] No process is on the other end of the pipe
2026-08-21 17:04:52 | ERROR    | trading_bot | Critical Loop Error: [WinError 233] No process is on the other end of the pipe
2026-08-21 17:04:58 | ERROR    | trading_bot | Critical Loop Error: [WinError 233] No process is on the other end of the pipe
2026-08-21 17:05:05 | ERROR    | trading_bot | Critical Loop Error: [WinError 233] No process is on the other end of the pipe
2026-08-21 17:05:11 | ERROR    | trading_bot | Critical Loop Error: [WinError 233] No process is on the other end of the pipe
2026-08-21 17:05:17 | ERROR    | trading_bot | Critical Loop Error: [WinError 233] No process is on the other end of the pipe
2026-08-21 17:05:23 | ERROR    | trading_bot | Critical Loop Error: [WinError 233] No process is on the other end of the pipe
2026-08-21 17:05:29 | ERROR    | trading_bot | Critical Loop Error: [WinError 233] No process is on the other end of the pipe
2026-08-21 17:05:36 | ERROR    | trading_bot | Critical Loop Error: [WinError 233] No process is on the other end of the pipe
2026-08-21 17:05:42 | ERROR    | trading_bot | Critical Loop Error: [WinError 233] No process is on the other end of the pipe
2026-08-21 17:05:48 | ERROR    | trading_bot | Critical Loop Error: [WinError 233] No process is on the other end of the pipe
2026-08-21 17:05:54 | ERROR    | trading_bot | Critical Loop Error: [WinError 233] No process is on the other end of the pipe
2026-08-21 17:06:00 | ERROR    | trading_bot | Critical Loop Error: [WinError 233] No process is on the other end of the pipe
2026-08-21 17:06:06 | ERROR    | trading_bot | Critical Loop Error: [WinError 233] No process is on the other end of the pipe
2026-08-21 17:06:12 | ERROR    | trading_bot | Critical Loop Error: [WinError 233] No process is on the other end of the pipe
2026-08-21 17:06:18 | ERROR    | trading_bot | Critical Loop Error: [WinError 233] No process is on the other end of the pipe
2026-08-21 17:06:24 | ERROR    | trading_bot | Critical Loop Error: [WinError 233] No process is on the other end of the pipe
2026-08-21 17:06:30 | ERROR    | trading_bot | Critical Loop Error: [WinError 233] No process is on the other end of the pipe
2026-08-21 17:06:36 | ERROR    | trading_bot | Critical Loop Error: [WinError 233] No process is on the other end of the pipe
2026-08-21 17:06:42 | ERROR    | trading_bot | Critical Loop Error: [WinError 233] No process is on the other end of the pipe
2026-08-21 17:06:48 | ERROR    | trading_bot | Critical Loop Error: [WinError 233] No process is on the other end of the pipe
2026-08-21 17:06:54 | ERROR    | trading_bot | Critical Loop Error: [WinError 233] No process is on the other end of the pipe
2026-08-21 17:07:00 | ERROR    | trading_bot | Critical Loop Error: [WinError 233] No process is on the other end of the pipe
2026-08-21 17:07:07 | ERROR    | trading_bot | Critical Loop Error: [WinError 233] No process is on the other end of the pipe
2026-08-21 17:07:13 | ERROR    | trading_bot | Critical Loop Error: [WinError 233] No process is on the other end of the pipe
2026-08-21 17:07:19 | ERROR    | trading_bot | Critical Loop Error: [WinError 233] No process is on the other end of the pipe
2026-08-21 17:07:25 | ERROR    | trading_bot | Critical Loop Error: [WinError 233] No process is on the other end of the pipe
2026-08-21 17:07:31 | ERROR    | trading_bot | Critical Loop Error: [WinError 233] No process is on the other end of the pipe
2026-08-21 17:07:37 | ERROR    | trading_bot | Critical Loop Error: [WinError 233] No process is on the other end of the pipe
2026-08-21 17:07:43 | ERROR    | trading_bot | Critical Loop Error: [WinError 233] No process is on the other end of the pipe
2026-08-21 17:07:49 | ERROR    | trading_bot | Critical Loop Error: [WinError 233] No process is on the other end of the pipe
2026-08-21 17:07:55 | ERROR    | trading_bot | Critical Loop Error: [WinError 233] No process is on the other end of the pipe
2026-08-21 17:08:01 | ERROR    | trading_bot | Critical Loop Error: [WinError 233] No process is on the other end of the pipe
2026-08-21 17:08:07 | ERROR    | trading_bot | Critical Loop Error: [WinError 233] No process is on the other end of the pipe
2026-08-21 17:08:13 | ERROR    | trading_bot | Critical Loop Error: [WinError 233] No process is on the other end of the pipe
2026-08-21 17:08:19 | ERROR    | trading_bot | Critical Loop Error: [WinError 233] No process is on the other end of the pipe
2026-08-21 17:08:25 | ERROR    | trading_bot | Critical Loop Error: [WinError 233] No process is on the other end of the pipe
2026-08-21 17:08:31 | ERROR    | trading_bot | Critical Loop Error: [WinError 233] No process is on the other end of the pipe
2026-08-21 17:08:37 | ERROR    | trading_bot | Critical Loop Error: [WinError 233] No process is on the other end of the pipe
2026-08-21 17:08:43 | ERROR    | trading_bot | Critical Loop Error: [WinError 233] No process is on the other end of the pipe
2026-08-21 17:08:49 | ERROR    | trading_bot | Critical Loop Error: [WinError 233] No process is on the other end of the pipe
2026-08-21 17:08:55 | ERROR    | trading_bot | Critical Loop Error: [WinError 233] No process is on the other end of the pipe
2026-08-21 17:09:01 | ERROR    | trading_bot | Critical Loop Error: [WinError 233] No process is on the other end of the pipe
2026-08-21 17:09:07 | ERROR    | trading_bot | Critical Loop Error: [WinError 233] No process is on the other end of the pipe
2026-08-21 17:09:13 | ERROR    | trading_bot | Critical Loop Error: [WinError 233] No process is on the other end of the pipe
2026-08-21 17:09:20 | ERROR    | trading_bot | Critical Loop Error: [WinError 233] No process is on the other end of the pipe
2026-08-21 17:09:26 | ERROR    | trading_bot | Critical Loop Error: [WinError 233] No process is on the other end of the pipe
2026-08-21 17:09:32 | ERROR    | trading_bot | Critical Loop Error: [WinError 233] No process is on the other end of the pipe
2026-08-21 17:09:38 | ERROR    | trading_bot | Critical Loop Error: [WinError 233] No process is on the other end of the pipe
2026-08-21 17:09:44 | ERROR    | trading_bot | Critical Loop Error: [WinError 233] No process is on the other end of the pipe
2026-08-21 17:09:50 | ERROR    | trading_bot | Critical Loop Error: [WinError 233] No process is on the other end of the pipe
2026-08-21 17:09:56 | ERROR    | trading_bot | Critical Loop Error: [WinError 233] No process is on the other end of the pipe
2026-08-21 17:10:02 | ERROR    | trading_bot | Critical Loop Error: [WinError 233] No process is on the other end of the pipe
2026-08-21 17:10:08 | ERROR    | trading_bot | Critical Loop Error: [WinError 233] No process is on the other end of the pipe
2026-08-21 17:10:14 | ERROR    | trading_bot | Critical Loop Error: [WinError 233] No process is on the other end of the pipe
2026-08-21 17:10:20 | ERROR    | trading_bot | Critical Loop Error: [WinError 233] No process is on the other end of the pipe
2026-08-21 17:10:26 | ERROR    | trading_bot | Critical Loop Error: [WinError 233] No process is on the other end of the pipe
2026-08-21 17:10:32 | ERROR    | trading_bot | Critical Loop Error: [WinError 233] No process is on the other end of the pipe
2026-08-21 17:10:38 | ERROR    | trading_bot | Critical Loop Error: [WinError 233] No process is on the other end of the pipe
2026-08-21 17:10:44 | ERROR    | trading_bot | Critical Loop Error: [WinError 233] No process is on the other end of the pipe
2026-08-21 17:10:51 | ERROR    | trading_bot | Critical Loop Error: [WinError 233] No process is on the other end of the pipe
2026-08-21 17:10:56 | ERROR    | trading_bot | Critical Loop Error: [WinError 233] No process is on the other end of the pipe
2026-08-21 17:11:03 | ERROR    | trading_bot | Critical Loop Error: [WinError 233] No process is on the other end of the pipe
2026-08-21 17:11:09 | ERROR    | trading_bot | Critical Loop Error: [WinError 233] No process is on the other end of the pipe
2026-08-21 17:11:15 | ERROR    | trading_bot | Critical Loop Error: [WinError 233] No process is on the other end of the pipe
2026-08-21 17:11:21 | ERROR    | trading_bot | Critical Loop Error: [WinError 233] No process is on the other end of the pipe
2026-08-21 17:11:27 | ERROR    | trading_bot | Critical Loop Error: [WinError 233] No process is on the other end of the pipe
2026-08-21 17:11:33 | ERROR    | trading_bot | Critical Loop Error: [WinError 233] No process is on the other end of the pipe
2026-08-21 17:11:39 | ERROR    | trading_bot | Critical Loop Error: [WinError 233] No process is on the other end of the pipe
2026-08-21 17:11:45 | ERROR    | trading_bot | Critical Loop Error: [WinError 233] No process is on the other end of the pipe
2026-08-21 17:11:51 | ERROR    | trading_bot | Critical Loop Error: [WinError 233] No process is on the other end of the pipe
2026-08-21 17:11:57 | ERROR    | trading_bot | Critical Loop Error: [WinError 233] No process is on the other end of the pipe
2026-08-21 17:12:03 | ERROR    | trading_bot | Critical Loop Error: [WinError 233] No process is on the other end of the pipe
2026-08-21 17:12:10 | ERROR    | trading_bot | Critical Loop Error: [WinError 233] No process is on the other end of the pipe
2026-08-21 17:12:16 | ERROR    | trading_bot | Critical Loop Error: [WinError 233] No process is on the other end of the pipe
2026-08-21 17:12:22 | ERROR    | trading_bot | Critical Loop Error: [WinError 233] No process is on the other end of the pipe
2026-08-21 17:12:28 | ERROR    | trading_bot | Critical Loop Error: [WinError 233] No process is on the other end of the pipe
2026-08-21 17:12:34 | ERROR    | trading_bot | Critical Loop Error: [WinError 233] No process is on the other end of the pipe
2026-08-21 17:12:40 | ERROR    | trading_bot | Critical Loop Error: [WinError 233] No process is on the other end of the pipe
2026-08-21 17:12:46 | ERROR    | trading_bot | Critical Loop Error: [WinError 233] No process is on the other end of the pipe
2026-08-21 17:12:52 | ERROR    | trading_bot | Critical Loop Error: [WinError 233] No process is on the other end of the pipe
2026-08-21 17:12:58 | ERROR    | trading_bot | Critical Loop Error: [WinError 233] No process is on the other end of the pipe
2026-08-21 17:13:04 | ERROR    | trading_bot | Critical Loop Error: [WinError 233] No process is on the other end of the pipe
2026-08-21 17:13:10 | ERROR    | trading_bot | Critical Loop Error: [WinError 233] No process is on the other end of the pipe
2026-08-21 17:13:16 | ERROR    | trading_bot | Critical Loop Error: [WinError 233] No process is on the other end of the pipe
2026-08-21 17:13:22 | ERROR    | trading_bot | Critical Loop Error: [WinError 233] No process is on the other end of the pipe
2026-08-21 17:13:28 | ERROR    | trading_bot | Critical Loop Error: [WinError 233] No process is on the other end of the pipe
2026-08-21 17:13:34 | ERROR    | trading_bot | Critical Loop Error: [WinError 233] No process is on the other end of the pipe
2026-08-21 17:13:40 | ERROR    | trading_bot | Critical Loop Error: [WinError 233] No process is on the other end of the pipe
2026-08-21 17:13:46 | ERROR    | trading_bot | Critical Loop Error: [WinError 233] No process is on the other end of the pipe
2026-08-21 17:13:53 | ERROR    | trading_bot | Critical Loop Error: [WinError 233] No process is on the other end of the pipe
2026-08-21 17:13:59 | ERROR    | trading_bot | Critical Loop Error: [WinError 233] No process is on the other end of the pipe
2026-08-21 17:14:05 | ERROR    | trading_bot | Critical Loop Error: [WinError 233] No process is on the other end of the pipe
2026-08-21 17:14:11 | ERROR    | trading_bot | Critical Loop Error: [WinError 233] No process is on the other end of the pipe
2026-08-21 17:14:17 | ERROR    | trading_bot | Critical Loop Error: [WinError 233] No process is on the other end of the pipe
2026-08-21 17:14:23 | ERROR    | trading_bot | Critical Loop Error: [WinError 233] No process is on the other end of the pipe
2026-08-21 17:14:29 | ERROR    | trading_bot | Critical Loop Error: [WinError 233] No process is on the other end of the pipe
2026-08-21 17:14:35 | ERROR    | trading_bot | Critical Loop Error: [WinError 233] No process is on the other end of the pipe
2026-08-21 17:14:41 | ERROR    | trading_bot | Critical Loop Error: [WinError 233] No process is on the other end of the pipe
2026-08-21 17:14:47 | ERROR    | trading_bot | Critical Loop Error: [WinError 233] No process is on the other end of the pipe
2026-08-21 17:14:53 | ERROR    | trading_bot | Critical Loop Error: [WinError 233] No process is on the other end of the pipe
2026-08-21 17:14:59 | ERROR    | trading_bot | Critical Loop Error: [WinError 233] No process is on the other end of the pipe
2026-08-21 17:15:05 | ERROR    | trading_bot | Critical Loop Error: [WinError 233] No process is on the other end of the pipe
2026-08-21 17:15:11 | ERROR    | trading_bot | Critical Loop Error: [WinError 233] No process is on the other end of the pipe
2026-08-21 17:15:17 | ERROR    | trading_bot | Critical Loop Error: [WinError 233] No process is on the other end of the pipe
2026-08-21 17:15:23 | ERROR    | trading_bot | Critical Loop Error: [WinError 233] No process is on the other end of the pipe
2026-08-21 17:15:29 | ERROR    | trading_bot | Critical Loop Error: [WinError 233] No process is on the other end of the pipe
2026-08-21 17:15:35 | ERROR    | trading_bot | Critical Loop Error: [WinError 233] No process is on the other end of the pipe
2026-08-21 17:15:41 | ERROR    | trading_bot | Critical Loop Error: [WinError 233] No process is on the other end of the pipe
2026-08-21 17:15:48 | ERROR    | trading_bot | Critical Loop Error: [WinError 233] No process is on the other end of the pipe
2026-08-21 17:15:54 | ERROR    | trading_bot | Critical Loop Error: [WinError 233] No process is on the other end of the pipe
2026-08-21 17:16:00 | ERROR    | trading_bot | Critical Loop Error: [WinError 233] No process is on the other end of the pipe
2026-08-21 17:16:06 | ERROR    | trading_bot | Critical Loop Error: [WinError 233] No process is on the other end of the pipe
2026-08-21 17:16:12 | ERROR    | trading_bot | Critical Loop Error: [WinError 233] No process is on the other end of the pipe
2026-08-21 17:16:18 | ERROR    | trading_bot | Critical Loop Error: [WinError 233] No process is on the other end of the pipe
2026-08-21 17:16:24 | ERROR    | trading_bot | Critical Loop Error: [WinError 233] No process is on the other end of the pipe
2026-08-21 17:16:30 | ERROR    | trading_bot | Critical Loop Error: [WinError 233] No process is on the other end of the pipe
2026-08-21 17:16:36 | ERROR    | trading_bot | Critical Loop Error: [WinError 233] No process is on the other end of the pipe
2026-08-21 17:16:42 | ERROR    | trading_bot | Critical Loop Error: [WinError 233] No process is on the other end of the pipe
2026-08-21 17:16:49 | ERROR    | trading_bot | Critical Loop Error: [WinError 233] No process is on the other end of the pipe
2026-08-21 17:16:55 | ERROR    | trading_bot | Critical Loop Error: [WinError 233] No process is on the other end of the pipe
2026-08-21 17:17:01 | ERROR    | trading_bot | Critical Loop Error: [WinError 233] No process is on the other end of the pipe
2026-08-21 17:17:07 | ERROR    | trading_bot | Critical Loop Error: [WinError 233] No process is on the other end of the pipe
2026-08-21 17:17:13 | ERROR    | trading_bot | Critical Loop Error: [WinError 233] No process is on the other end of the pipe
2026-08-21 17:17:20 | ERROR    | trading_bot | Critical Loop Error: [WinError 233] No process is on the other end of the pipe
2026-08-21 17:17:26 | ERROR    | trading_bot | Critical Loop Error: [WinError 233] No process is on the other end of the pipe
2026-08-21 17:17:32 | ERROR    | trading_bot | Critical Loop Error: [WinError 233] No process is on the other end of the pipe
2026-08-21 17:17:38 | ERROR    | trading_bot | Critical Loop Error: [WinError 233] No process is on the other end of the pipe
2026-08-21 17:17:44 | ERROR    | trading_bot | Critical Loop Error: [WinError 233] No process is on the other end of the pipe
2026-08-21 17:17:50 | ERROR    | trading_bot | Critical Loop Error: [WinError 233] No process is on the other end of the pipe
2026-08-21 17:17:56 | ERROR    | trading_bot | Critical Loop Error: [WinError 233] No process is on the other end of the pipe
2026-08-21 17:18:02 | ERROR    | trading_bot | Critical Loop Error: [WinError 233] No process is on the other end of the pipe
2026-08-21 17:18:08 | ERROR    | trading_bot | Critical Loop Error: [WinError 233] No process is on the other end of the pipe
2026-08-21 17:18:14 | ERROR    | trading_bot | Critical Loop Error: [WinError 233] No process is on the other end of the pipe
2026-08-21 17:18:20 | ERROR    | trading_bot | Critical Loop Error: [WinError 233] No process is on the other end of the pipe
2026-08-21 17:18:26 | ERROR    | trading_bot | Critical Loop Error: [WinError 233] No process is on the other end of the pipe
2026-08-21 17:18:33 | ERROR    | trading_bot | Critical Loop Error: [WinError 233] No process is on the other end of the pipe
2026-08-21 17:18:39 | ERROR    | trading_bot | Critical Loop Error: [WinError 233] No process is on the other end of the pipe
2026-08-21 17:18:45 | ERROR    | trading_bot | Critical Loop Error: [WinError 233] No process is on the other end of the pipe
2026-08-21 17:18:51 | ERROR    | trading_bot | Critical Loop Error: [WinError 233] No process is on the other end of the pipe
2026-08-21 17:18:57 | ERROR    | trading_bot | Critical Loop Error: [WinError 233] No process is on the other end of the pipe
2026-08-21 17:19:03 | ERROR    | trading_bot | Critical Loop Error: [WinError 233] No process is on the other end of the pipe
2026-08-21 17:19:09 | ERROR    | trading_bot | Critical Loop Error: [WinError 233] No process is on the other end of the pipe
2026-08-21 17:19:15 | ERROR    | trading_bot | Critical Loop Error: [WinError 233] No process is on the other end of the pipe
2026-08-21 17:19:21 | ERROR    | trading_bot | Critical Loop Error: [WinError 233] No process is on the other end of the pipe
2026-08-21 17:19:27 | ERROR    | trading_bot | Critical Loop Error: [WinError 233] No process is on the other end of the pipe
2026-08-21 17:19:34 | ERROR    | trading_bot | Critical Loop Error: [WinError 233] No process is on the other end of the pipe
2026-08-21 17:19:40 | ERROR    | trading_bot | Critical Loop Error: [WinError 233] No process is on the other end of the pipe
2026-08-21 17:19:46 | ERROR    | trading_bot | Critical Loop Error: [WinError 233] No process is on the other end of the pipe
2026-08-21 17:19:52 | ERROR    | trading_bot | Critical Loop Error: [WinError 233] No process is on the other end of the pipe
2026-08-21 17:19:58 | ERROR    | trading_bot | Critical Loop Error: [WinError 233] No process is on the other end of the pipe
2026-08-21 17:20:04 | ERROR    | trading_bot | Critical Loop Error: [WinError 233] No process is on the other end of the pipe
2026-08-21 17:20:10 | ERROR    | trading_bot | Critical Loop Error: [WinError 233] No process is on the other end of the pipe
2026-08-21 17:20:17 | ERROR    | trading_bot | Critical Loop Error: [WinError 233] No process is on the other end of the pipe
2026-08-21 17:20:23 | ERROR    | trading_bot | Critical Loop Error: [WinError 233] No process is on the other end of the pipe
2026-08-21 17:20:29 | ERROR    | trading_bot | Critical Loop Error: [WinError 233] No process is on the other end of the pipe
2026-08-21 17:20:35 | ERROR    | trading_bot | Critical Loop Error: [WinError 233] No process is on the other end of the pipe
2026-08-21 17:20:41 | ERROR    | trading_bot | Critical Loop Error: [WinError 233] No process is on the other end of the pipe
2026-08-21 17:20:47 | ERROR    | trading_bot | Critical Loop Error: [WinError 233] No process is on the other end of the pipe
2026-08-21 17:20:53 | ERROR    | trading_bot | Critical Loop Error: [WinError 233] No process is on the other end of the pipe
2026-08-21 17:20:59 | ERROR    | trading_bot | Critical Loop Error: [WinError 233] No process is on the other end of the pipe
2026-08-21 17:21:05 | ERROR    | trading_bot | Critical Loop Error: [WinError 233] No process is on the other end of the pipe
2026-08-21 17:21:12 | ERROR    | trading_bot | Critical Loop Error: [WinError 233] No process is on the other end of the pipe
2026-08-21 17:21:18 | ERROR    | trading_bot | Critical Loop Error: [WinError 233] No process is on the other end of the pipe
2026-08-21 17:21:24 | ERROR    | trading_bot | Critical Loop Error: [WinError 233] No process is on the other end of the pipe
2026-08-21 17:21:30 | ERROR    | trading_bot | Critical Loop Error: [WinError 233] No process is on the other end of the pipe
2026-08-21 17:21:36 | ERROR    | trading_bot | Critical Loop Error: [WinError 233] No process is on the other end of the pipe
2026-08-21 17:21:42 | ERROR    | trading_bot | Critical Loop Error: [WinError 233] No process is on the other end of the pipe
2026-08-21 17:21:48 | ERROR    | trading_bot | Critical Loop Error: [WinError 233] No process is on the other end of the pipe
2026-08-21 17:21:54 | ERROR    | trading_bot | Critical Loop Error: [WinError 233] No process is on the other end of the pipe
2026-08-21 17:22:00 | ERROR    | trading_bot | Critical Loop Error: [WinError 233] No process is on the other end of the pipe
2026-08-21 17:22:06 | ERROR    | trading_bot | Critical Loop Error: [WinError 233] No process is on the other end of the pipe
2026-08-21 17:22:12 | ERROR    | trading_bot | Critical Loop Error: [WinError 233] No process is on the other end of the pipe
2026-08-21 17:22:18 | ERROR    | trading_bot | Critical Loop Error: [WinError 233] No process is on the other end of the pipe
2026-08-21 17:22:25 | ERROR    | trading_bot | Critical Loop Error: [WinError 233] No process is on the other end of the pipe
2026-08-21 17:22:31 | ERROR    | trading_bot | Critical Loop Error: [WinError 233] No process is on the other end of the pipe
2026-08-21 17:22:37 | ERROR    | trading_bot | Critical Loop Error: [WinError 233] No process is on the other end of the pipe
2026-08-21 17:22:43 | ERROR    | trading_bot | Critical Loop Error: [WinError 233] No process is on the other end of the pipe
2026-08-21 17:22:49 | ERROR    | trading_bot | Critical Loop Error: [WinError 233] No process is on the other end of the pipe
2026-08-21 17:22:55 | ERROR    | trading_bot | Critical Loop Error: [WinError 233] No process is on the other end of the pipe
2026-08-21 17:23:01 | ERROR    | trading_bot | Critical Loop Error: [WinError 233] No process is on the other end of the pipe
2026-08-21 17:23:07 | ERROR    | trading_bot | Critical Loop Error: [WinError 233] No process is on the other end of the pipe
2026-08-21 17:23:13 | ERROR    | trading_bot | Critical Loop Error: [WinError 233] No process is on the other end of the pipe
2026-08-21 17:23:19 | ERROR    | trading_bot | Critical Loop Error: [WinError 233] No process is on the other end of the pipe
2026-08-21 17:23:25 | ERROR    | trading_bot | Critical Loop Error: [WinError 233] No process is on the other end of the pipe
2026-08-21 17:23:31 | ERROR    | trading_bot | Critical Loop Error: [WinError 233] No process is on the other end of the pipe
2026-08-21 17:23:37 | ERROR    | trading_bot | Critical Loop Error: [WinError 233] No process is on the other end of the pipe
2026-08-21 17:23:43 | ERROR    | trading_bot | Critical Loop Error: [WinError 233] No process is on the other end of the pipe
2026-08-21 17:23:49 | ERROR    | trading_bot | Critical Loop Error: [WinError 233] No process is on the other end of the pipe
2026-08-21 17:23:55 | ERROR    | trading_bot | Critical Loop Error: [WinError 233] No process is on the other end of the pipe
2026-08-21 17:24:01 | ERROR    | trading_bot | Critical Loop Error: [WinError 233] No process is on the other end of the pipe
2026-08-21 17:24:07 | ERROR    | trading_bot | Critical Loop Error: [WinError 233] No process is on the other end of the pipe
2026-08-23 20:47:55 | ERROR    | trading_bot | Reconnection failed: Expecting value: line 1 column 2 (char 1)
2026-08-23 20:47:56 | ERROR    | trading_bot | Reconnection failed: Expecting value: line 1 column 2 (char 1)
2026-08-23 20:47:57 | ERROR    | trading_bot | Reconnection failed: Expecting value: line 1 column 2 (char 1)
2026-08-23 20:47:58 | ERROR    | trading_bot | Reconnection failed: Expecting value: line 1 column 2 (char 1)
2026-08-23 20:47:59 | ERROR    | trading_bot | Reconnection failed: Expecting value: line 1 column 2 (char 1)
2026-08-23 20:48:00 | ERROR    | trading_bot | Reconnection failed: Expecting value: line 1 column 2 (char 1)
2026-08-23 20:48:10 | ERROR    | trading_bot | Timeout while fetching candles for USDCAD
2026-08-24 09:26:33 | ERROR    | trading_bot | Timeout while fetching candles for USDCAD
2026-08-24 10:05:49 | ERROR    | trading_bot | Order rejected for EURGBP. Possible suspension. Triggering rotation.
2026-08-24 10:42:03 | ERROR    | trading_bot | Order rejected for USDJPY. Possible suspension. Triggering rotation.
2026-08-24 11:28:14 | ERROR    | trading_bot | Timeout while fetching candles for EURAUD
2026-08-24 11:58:03 | ERROR    | trading_bot | Order rejected for AUDUSD. Possible suspension. Triggering rotation.
2026-08-24 12:48:02 | ERROR    | trading_bot | Error saving state: Connection is already closed.
2026-08-24 15:42:15 | ERROR    | trading_bot | Timeout while fetching candles for NZDUSD
2026-08-25 13:11:00 | ERROR    | trading_bot | Order rejected for EURUSD-OTC. Possible suspension. Triggering rotation.
2026-08-25 15:55:45 | ERROR    | trading_bot | Order rejected for EURGBP. Possible suspension. Triggering rotation.
2026-08-26 10:14:03 | ERROR    | trading_bot | Order rejected for USDJPY. Possible suspension. Triggering rotation.
2026-08-26 11:24:17 | ERROR    | trading_bot | Critical Loop Error: TradingBot.prepare_features() missing 1 required positional argument: 'symbol'
2026-08-26 11:24:23 | ERROR    | trading_bot | Critical Loop Error: TradingBot.prepare_features() missing 1 required positional argument: 'symbol'
2026-08-26 11:24:30 | ERROR    | trading_bot | Critical Loop Error: TradingBot.prepare_features() missing 1 required positional argument: 'symbol'
2026-08-26 11:24:36 | ERROR    | trading_bot | Critical Loop Error: TradingBot.prepare_features() missing 1 required positional argument: 'symbol'
2026-08-26 11:24:42 | ERROR    | trading_bot | Critical Loop Error: TradingBot.prepare_features() missing 1 required positional argument: 'symbol'
2026-08-26 11:24:48 | ERROR    | trading_bot | Critical Loop Error: TradingBot.prepare_features() missing 1 required positional argument: 'symbol'
2026-08-26 11:24:54 | ERROR    | trading_bot | Critical Loop Error: TradingBot.prepare_features() missing 1 required positional argument: 'symbol'
2026-08-26 11:25:00 | ERROR    | trading_bot | Critical Loop Error: TradingBot.prepare_features() missing 1 required positional argument: 'symbol'
2026-08-26 11:25:06 | ERROR    | trading_bot | Critical Loop Error: TradingBot.prepare_features() missing 1 required positional argument: 'symbol'
2026-08-26 11:25:13 | ERROR    | trading_bot | Critical Loop Error: TradingBot.prepare_features() missing 1 required positional argument: 'symbol'
2026-08-26 11:25:19 | ERROR    | trading_bot | Critical Loop Error: TradingBot.prepare_features() missing 1 required positional argument: 'symbol'
2026-08-26 11:25:25 | ERROR    | trading_bot | Critical Loop Error: TradingBot.prepare_features() missing 1 required positional argument: 'symbol'
2026-08-26 11:25:31 | ERROR    | trading_bot | Critical Loop Error: TradingBot.prepare_features() missing 1 required positional argument: 'symbol'
2026-08-26 11:25:38 | ERROR    | trading_bot | Critical Loop Error: TradingBot.prepare_features() missing 1 required positional argument: 'symbol'
2026-08-26 11:25:44 | ERROR    | trading_bot | Critical Loop Error: TradingBot.prepare_features() missing 1 required positional argument: 'symbol'
2026-08-26 11:25:50 | ERROR    | trading_bot | Critical Loop Error: TradingBot.prepare_features() missing 1 required positional argument: 'symbol'
2026-08-26 11:25:56 | ERROR    | trading_bot | Critical Loop Error: TradingBot.prepare_features() missing 1 required positional argument: 'symbol'
2026-08-26 11:26:02 | ERROR    | trading_bot | Critical Loop Error: TradingBot.prepare_features() missing 1 required positional argument: 'symbol'
2026-08-26 11:26:08 | ERROR    | trading_bot | Critical Loop Error: TradingBot.prepare_features() missing 1 required positional argument: 'symbol'
2026-08-26 11:26:14 | ERROR    | trading_bot | Critical Loop Error: TradingBot.prepare_features() missing 1 required positional argument: 'symbol'
2026-08-26 11:26:21 | ERROR    | trading_bot | Critical Loop Error: TradingBot.prepare_features() missing 1 required positional argument: 'symbol'
2026-08-26 11:26:27 | ERROR    | trading_bot | Critical Loop Error: TradingBot.prepare_features() missing 1 required positional argument: 'symbol'
2026-08-26 11:26:33 | ERROR    | trading_bot | Critical Loop Error: TradingBot.prepare_features() missing 1 required positional argument: 'symbol'
2026-08-26 11:26:39 | ERROR    | trading_bot | Critical Loop Error: TradingBot.prepare_features() missing 1 required positional argument: 'symbol'
2026-08-26 11:26:45 | ERROR    | trading_bot | Critical Loop Error: TradingBot.prepare_features() missing 1 required positional argument: 'symbol'
2026-08-26 11:26:51 | ERROR    | trading_bot | Critical Loop Error: TradingBot.prepare_features() missing 1 required positional argument: 'symbol'
2026-08-26 11:26:57 | ERROR    | trading_bot | Critical Loop Error: TradingBot.prepare_features() missing 1 required positional argument: 'symbol'
2026-08-26 11:27:03 | ERROR    | trading_bot | Critical Loop Error: TradingBot.prepare_features() missing 1 required positional argument: 'symbol'
2026-08-26 11:27:09 | ERROR    | trading_bot | Critical Loop Error: TradingBot.prepare_features() missing 1 required positional argument: 'symbol'
2026-08-26 11:27:15 | ERROR    | trading_bot | Critical Loop Error: TradingBot.prepare_features() missing 1 required positional argument: 'symbol'
2026-08-26 11:27:21 | ERROR    | trading_bot | Critical Loop Error: TradingBot.prepare_features() missing 1 required positional argument: 'symbol'
2026-08-26 11:27:28 | ERROR    | trading_bot | Critical Loop Error: TradingBot.prepare_features() missing 1 required positional argument: 'symbol'
2026-08-26 11:27:34 | ERROR    | trading_bot | Critical Loop Error: TradingBot.prepare_features() missing 1 required positional argument: 'symbol'
2026-08-26 11:27:40 | ERROR    | trading_bot | Critical Loop Error: TradingBot.prepare_features() missing 1 required positional argument: 'symbol'
2026-08-26 11:27:46 | ERROR    | trading_bot | Critical Loop Error: TradingBot.prepare_features() missing 1 required positional argument: 'symbol'
2026-08-26 11:27:52 | ERROR    | trading_bot | Critical Loop Error: TradingBot.prepare_features() missing 1 required positional argument: 'symbol'
2026-08-26 11:27:58 | ERROR    | trading_bot | Critical Loop Error: TradingBot.prepare_features() missing 1 required positional argument: 'symbol'
2026-08-26 11:28:04 | ERROR    | trading_bot | Critical Loop Error: TradingBot.prepare_features() missing 1 required positional argument: 'symbol'
2026-08-26 11:28:11 | ERROR    | trading_bot | Critical Loop Error: TradingBot.prepare_features() missing 1 required positional argument: 'symbol'
2026-08-26 11:28:17 | ERROR    | trading_bot | Critical Loop Error: TradingBot.prepare_features() missing 1 required positional argument: 'symbol'
2026-08-26 11:28:23 | ERROR    | trading_bot | Critical Loop Error: TradingBot.prepare_features() missing 1 required positional argument: 'symbol'
2026-08-26 11:28:29 | ERROR    | trading_bot | Critical Loop Error: TradingBot.prepare_features() missing 1 required positional argument: 'symbol'
2026-08-26 11:28:35 | ERROR    | trading_bot | Critical Loop Error: TradingBot.prepare_features() missing 1 required positional argument: 'symbol'
2026-08-26 11:28:41 | ERROR    | trading_bot | Critical Loop Error: TradingBot.prepare_features() missing 1 required positional argument: 'symbol'
2026-08-26 11:28:47 | ERROR    | trading_bot | Critical Loop Error: TradingBot.prepare_features() missing 1 required positional argument: 'symbol'
2026-08-26 11:28:53 | ERROR    | trading_bot | Critical Loop Error: TradingBot.prepare_features() missing 1 required positional argument: 'symbol'
2026-08-26 11:28:59 | ERROR    | trading_bot | Critical Loop Error: TradingBot.prepare_features() missing 1 required positional argument: 'symbol'
2026-08-26 11:29:05 | ERROR    | trading_bot | Critical Loop Error: TradingBot.prepare_features() missing 1 required positional argument: 'symbol'
2026-08-26 11:29:11 | ERROR    | trading_bot | Critical Loop Error: TradingBot.prepare_features() missing 1 required positional argument: 'symbol'
2026-08-26 11:29:17 | ERROR    | trading_bot | Critical Loop Error: TradingBot.prepare_features() missing 1 required positional argument: 'symbol'
2026-08-26 11:29:23 | ERROR    | trading_bot | Critical Loop Error: TradingBot.prepare_features() missing 1 required positional argument: 'symbol'
2026-08-26 11:29:30 | ERROR    | trading_bot | Critical Loop Error: TradingBot.prepare_features() missing 1 required positional argument: 'symbol'
2026-08-26 11:29:36 | ERROR    | trading_bot | Critical Loop Error: TradingBot.prepare_features() missing 1 required positional argument: 'symbol'
2026-08-26 11:29:42 | ERROR    | trading_bot | Critical Loop Error: TradingBot.prepare_features() missing 1 required positional argument: 'symbol'
2026-08-26 11:29:49 | ERROR    | trading_bot | Critical Loop Error: TradingBot.prepare_features() missing 1 required positional argument: 'symbol'
2026-08-26 11:29:55 | ERROR    | trading_bot | Critical Loop Error: TradingBot.prepare_features() missing 1 required positional argument: 'symbol'
2026-08-26 11:30:01 | ERROR    | trading_bot | Critical Loop Error: TradingBot.prepare_features() missing 1 required positional argument: 'symbol'
2026-08-26 11:30:07 | ERROR    | trading_bot | Critical Loop Error: TradingBot.prepare_features() missing 1 required positional argument: 'symbol'
2026-08-26 11:30:13 | ERROR    | trading_bot | Critical Loop Error: TradingBot.prepare_features() missing 1 required positional argument: 'symbol'
2026-08-26 11:30:19 | ERROR    | trading_bot | Critical Loop Error: TradingBot.prepare_features() missing 1 required positional argument: 'symbol'
2026-08-26 11:30:25 | ERROR    | trading_bot | Critical Loop Error: TradingBot.prepare_features() missing 1 required positional argument: 'symbol'
2026-08-26 11:30:31 | ERROR    | trading_bot | Critical Loop Error: TradingBot.prepare_features() missing 1 required positional argument: 'symbol'
2026-08-26 11:30:37 | ERROR    | trading_bot | Critical Loop Error: TradingBot.prepare_features() missing 1 required positional argument: 'symbol'
2026-08-26 11:30:43 | ERROR    | trading_bot | Critical Loop Error: TradingBot.prepare_features() missing 1 required positional argument: 'symbol'
2026-08-26 11:30:49 | ERROR    | trading_bot | Critical Loop Error: TradingBot.prepare_features() missing 1 required positional argument: 'symbol'
2026-08-26 11:30:55 | ERROR    | trading_bot | Critical Loop Error: TradingBot.prepare_features() missing 1 required positional argument: 'symbol'
2026-08-26 11:31:01 | ERROR    | trading_bot | Critical Loop Error: TradingBot.prepare_features() missing 1 required positional argument: 'symbol'
2026-08-26 11:31:07 | ERROR    | trading_bot | Critical Loop Error: TradingBot.prepare_features() missing 1 required positional argument: 'symbol'
2026-08-26 11:31:13 | ERROR    | trading_bot | Critical Loop Error: TradingBot.prepare_features() missing 1 required positional argument: 'symbol'
2026-08-26 11:31:19 | ERROR    | trading_bot | Critical Loop Error: TradingBot.prepare_features() missing 1 required positional argument: 'symbol'
2026-08-26 11:31:25 | ERROR    | trading_bot | Critical Loop Error: TradingBot.prepare_features() missing 1 required positional argument: 'symbol'
2026-08-26 11:31:31 | ERROR    | trading_bot | Critical Loop Error: TradingBot.prepare_features() missing 1 required positional argument: 'symbol'
2026-08-26 11:31:37 | ERROR    | trading_bot | Critical Loop Error: TradingBot.prepare_features() missing 1 required positional argument: 'symbol'
2026-08-26 11:31:43 | ERROR    | trading_bot | Critical Loop Error: TradingBot.prepare_features() missing 1 required positional argument: 'symbol'
2026-08-26 11:31:50 | ERROR    | trading_bot | Critical Loop Error: TradingBot.prepare_features() missing 1 required positional argument: 'symbol'
2026-08-26 11:31:56 | ERROR    | trading_bot | Critical Loop Error: TradingBot.prepare_features() missing 1 required positional argument: 'symbol'
2026-08-26 11:32:02 | ERROR    | trading_bot | Critical Loop Error: TradingBot.prepare_features() missing 1 required positional argument: 'symbol'
2026-08-26 11:32:08 | ERROR    | trading_bot | Critical Loop Error: TradingBot.prepare_features() missing 1 required positional argument: 'symbol'
2026-08-26 11:32:14 | ERROR    | trading_bot | Critical Loop Error: TradingBot.prepare_features() missing 1 required positional argument: 'symbol'
2026-08-26 11:32:20 | ERROR    | trading_bot | Critical Loop Error: TradingBot.prepare_features() missing 1 required positional argument: 'symbol'
2026-08-26 11:32:26 | ERROR    | trading_bot | Critical Loop Error: TradingBot.prepare_features() missing 1 required positional argument: 'symbol'
2026-08-26 11:32:32 | ERROR    | trading_bot | Critical Loop Error: TradingBot.prepare_features() missing 1 required positional argument: 'symbol'
2026-08-26 11:32:38 | ERROR    | trading_bot | Critical Loop Error: TradingBot.prepare_features() missing 1 required positional argument: 'symbol'
2026-08-26 11:32:45 | ERROR    | trading_bot | Critical Loop Error: TradingBot.prepare_features() missing 1 required positional argument: 'symbol'
2026-08-26 11:32:51 | ERROR    | trading_bot | Critical Loop Error: TradingBot.prepare_features() missing 1 required positional argument: 'symbol'
2026-08-26 11:32:57 | ERROR    | trading_bot | Critical Loop Error: TradingBot.prepare_features() missing 1 required positional argument: 'symbol'
2026-08-26 11:33:03 | ERROR    | trading_bot | Critical Loop Error: TradingBot.prepare_features() missing 1 required positional argument: 'symbol'
2026-08-26 11:33:09 | ERROR    | trading_bot | Critical Loop Error: TradingBot.prepare_features() missing 1 required positional argument: 'symbol'
2026-08-26 11:33:15 | ERROR    | trading_bot | Critical Loop Error: TradingBot.prepare_features() missing 1 required positional argument: 'symbol'
2026-08-26 11:33:22 | ERROR    | trading_bot | Critical Loop Error: TradingBot.prepare_features() missing 1 required positional argument: 'symbol'
2026-08-26 11:33:27 | ERROR    | trading_bot | Critical Loop Error: TradingBot.prepare_features() missing 1 required positional argument: 'symbol'
2026-08-26 11:33:33 | ERROR    | trading_bot | Critical Loop Error: TradingBot.prepare_features() missing 1 required positional argument: 'symbol'
2026-08-26 11:33:39 | ERROR    | trading_bot | Critical Loop Error: TradingBot.prepare_features() missing 1 required positional argument: 'symbol'
2026-08-26 11:33:45 | ERROR    | trading_bot | Critical Loop Error: TradingBot.prepare_features() missing 1 required positional argument: 'symbol'
2026-08-26 11:33:51 | ERROR    | trading_bot | Critical Loop Error: TradingBot.prepare_features() missing 1 required positional argument: 'symbol'
2026-08-26 11:33:57 | ERROR    | trading_bot | Critical Loop Error: TradingBot.prepare_features() missing 1 required positional argument: 'symbol'
2026-08-26 11:34:03 | ERROR    | trading_bot | Critical Loop Error: TradingBot.prepare_features() missing 1 required positional argument: 'symbol'
2026-08-26 11:34:09 | ERROR    | trading_bot | Critical Loop Error: TradingBot.prepare_features() missing 1 required positional argument: 'symbol'
2026-08-26 11:34:15 | ERROR    | trading_bot | Critical Loop Error: TradingBot.prepare_features() missing 1 required positional argument: 'symbol'
2026-08-26 11:44:02 | ERROR    | trading_bot | Order rejected for EURGBP. Possible suspension. Triggering rotation.
2026-08-26 12:01:46 | ERROR    | trading_bot | Order rejected for USDJPY. Possible suspension. Triggering rotation.
2026-08-26 12:17:14 | ERROR    | trading_bot | Order rejected for EURAUD. Possible suspension. Triggering rotation.
2026-08-26 13:06:03 | ERROR    | trading_bot | Order rejected for AUDUSD. Possible suspension. Triggering rotation.
2026-08-26 13:34:03 | ERROR    | trading_bot | Order rejected for USDCAD. Possible suspension. Triggering rotation.
2026-08-26 14:00:03 | ERROR    | trading_bot | Order rejected for NZDUSD. Possible suspension. Triggering rotation.
2026-08-26 14:46:00 | ERROR    | trading_bot | Order rejected for EURUSD-OTC. Possible suspension. Triggering rotation.
2026-08-26 15:16:03 | ERROR    | trading_bot | Order rejected for GBPUSD-OTC. Possible suspension. Triggering rotation.
2026-08-26 15:40:07 | ERROR    | trading_bot | Order Execution Failed: name 'is_win' is not defined
2026-08-26 15:44:18 | ERROR    | trading_bot | Order Execution Failed: name 'is_win' is not defined
2026-08-26 16:03:21 | ERROR    | trading_bot | Order Execution Failed: name 'is_win' is not defined
2026-08-26 16:20:09 | ERROR    | trading_bot | Order rejected for NZDUSD-OTC. Possible suspension. Triggering rotation.
2026-08-27 09:38:09 | ERROR    | trading_bot | Order Execution Failed: name 'is_win' is not defined
2026-08-27 09:42:23 | ERROR    | trading_bot | Order Execution Failed: name 'is_win' is not defined
2026-08-27 09:46:32 | ERROR    | trading_bot | Order Execution Failed: name 'is_win' is not defined
2026-08-27 12:41:31 | CRITICAL | trading_bot | [FAIL] MODEL FAILURE (xgboost): Model is neither trained nor loaded.
2026-08-27 12:41:31 | ERROR    | trading_bot | Traceback (most recent call last):
  File "C:\Users\Dell\Desktop\forex\Forex-bot\trading_bot.py", line 365, in make_prediction
    probs = model.predict(latest_features) # returns prob of class 1
  File "C:\Users\Dell\Desktop\forex\Forex-bot\ai_model.py", line 45, in predict
    raise RuntimeError("Model is neither trained nor loaded.")
RuntimeError: Model is neither trained nor loaded.

2026-08-27 12:41:31 | CRITICAL | trading_bot | [FAIL] MODEL FAILURE (xgboost): Model is neither trained nor loaded.
2026-08-27 12:41:31 | ERROR    | trading_bot | Traceback (most recent call last):
  File "C:\Users\Dell\Desktop\forex\Forex-bot\trading_bot.py", line 365, in make_prediction
    probs = model.predict(latest_features) # returns prob of class 1
  File "C:\Users\Dell\Desktop\forex\Forex-bot\ai_model.py", line 45, in predict
    raise RuntimeError("Model is neither trained nor loaded.")
RuntimeError: Model is neither trained nor loaded.

2026-08-27 12:41:32 | CRITICAL | trading_bot | [FAIL] MODEL FAILURE (xgboost): Model is neither trained nor loaded.
2026-08-27 12:41:32 | ERROR    | trading_bot | Traceback (most recent call last):
  File "C:\Users\Dell\Desktop\forex\Forex-bot\trading_bot.py", line 365, in make_prediction
    probs = model.predict(latest_features) # returns prob of class 1
  File "C:\Users\Dell\Desktop\forex\Forex-bot\ai_model.py", line 45, in predict
    raise RuntimeError("Model is neither trained nor loaded.")
RuntimeError: Model is neither trained nor loaded.

2026-08-27 12:41:32 | CRITICAL | trading_bot | [FAIL] MODEL FAILURE (xgboost): Model is neither trained nor loaded.
2026-08-27 12:41:32 | ERROR    | trading_bot | Traceback (most recent call last):
  File "C:\Users\Dell\Desktop\forex\Forex-bot\trading_bot.py", line 365, in make_prediction
    probs = model.predict(latest_features) # returns prob of class 1
  File "C:\Users\Dell\Desktop\forex\Forex-bot\ai_model.py", line 45, in predict
    raise RuntimeError("Model is neither trained nor loaded.")
RuntimeError: Model is neither trained nor loaded.

2026-08-27 12:41:32 | CRITICAL | trading_bot | [FAIL] MODEL FAILURE (xgboost): Model is neither trained nor loaded.
2026-08-27 12:41:32 | ERROR    | trading_bot | Traceback (most recent call last):
  File "C:\Users\Dell\Desktop\forex\Forex-bot\trading_bot.py", line 365, in make_prediction
    probs = model.predict(latest_features) # returns prob of class 1
  File "C:\Users\Dell\Desktop\forex\Forex-bot\ai_model.py", line 45, in predict
    raise RuntimeError("Model is neither trained nor loaded.")
RuntimeError: Model is neither trained nor loaded.

2026-08-27 12:41:33 | CRITICAL | trading_bot | [FAIL] MODEL FAILURE (xgboost): Model is neither trained nor loaded.
2026-08-27 12:41:33 | ERROR    | trading_bot | Traceback (most recent call last):
  File "C:\Users\Dell\Desktop\forex\Forex-bot\trading_bot.py", line 365, in make_prediction
    probs = model.predict(latest_features) # returns prob of class 1
  File "C:\Users\Dell\Desktop\forex\Forex-bot\ai_model.py", line 45, in predict
    raise RuntimeError("Model is neither trained nor loaded.")
RuntimeError: Model is neither trained nor loaded.

2026-08-27 12:43:40 | CRITICAL | trading_bot | [FAIL] MODEL FAILURE (xgboost): Model is neither trained nor loaded.
2026-08-27 12:43:40 | ERROR    | trading_bot | Traceback (most recent call last):
  File "C:\Users\Dell\Desktop\forex\Forex-bot\trading_bot.py", line 365, in make_prediction
    probs = model.predict(latest_features) # returns prob of class 1
  File "C:\Users\Dell\Desktop\forex\Forex-bot\ai_model.py", line 45, in predict
    raise RuntimeError("Model is neither trained nor loaded.")
RuntimeError: Model is neither trained nor loaded.

2026-08-27 12:43:40 | CRITICAL | trading_bot | [FAIL] MODEL FAILURE (xgboost): Model is neither trained nor loaded.
2026-08-27 12:43:40 | ERROR    | trading_bot | Traceback (most recent call last):
  File "C:\Users\Dell\Desktop\forex\Forex-bot\trading_bot.py", line 365, in make_prediction
    probs = model.predict(latest_features) # returns prob of class 1
  File "C:\Users\Dell\Desktop\forex\Forex-bot\ai_model.py", line 45, in predict
    raise RuntimeError("Model is neither trained nor loaded.")
RuntimeError: Model is neither trained nor loaded.

2026-08-27 12:43:40 | CRITICAL | trading_bot | [FAIL] MODEL FAILURE (xgboost): Model is neither trained nor loaded.
2026-08-27 12:43:40 | ERROR    | trading_bot | Traceback (most recent call last):
  File "C:\Users\Dell\Desktop\forex\Forex-bot\trading_bot.py", line 365, in make_prediction
    probs = model.predict(latest_features) # returns prob of class 1
  File "C:\Users\Dell\Desktop\forex\Forex-bot\ai_model.py", line 45, in predict
    raise RuntimeError("Model is neither trained nor loaded.")
RuntimeError: Model is neither trained nor loaded.

2026-08-27 12:43:40 | CRITICAL | trading_bot | [FAIL] MODEL FAILURE (xgboost): Model is neither trained nor loaded.
2026-08-27 12:43:40 | ERROR    | trading_bot | Traceback (most recent call last):
  File "C:\Users\Dell\Desktop\forex\Forex-bot\trading_bot.py", line 365, in make_prediction
    probs = model.predict(latest_features) # returns prob of class 1
  File "C:\Users\Dell\Desktop\forex\Forex-bot\ai_model.py", line 45, in predict
    raise RuntimeError("Model is neither trained nor loaded.")
RuntimeError: Model is neither trained nor loaded.

2026-08-27 12:43:41 | CRITICAL | trading_bot | [FAIL] MODEL FAILURE (xgboost): Model is neither trained nor loaded.
2026-08-27 12:43:41 | ERROR    | trading_bot | Traceback (most recent call last):
  File "C:\Users\Dell\Desktop\forex\Forex-bot\trading_bot.py", line 365, in make_prediction
    probs = model.predict(latest_features) # returns prob of class 1
  File "C:\Users\Dell\Desktop\forex\Forex-bot\ai_model.py", line 45, in predict
    raise RuntimeError("Model is neither trained nor loaded.")
RuntimeError: Model is neither trained nor loaded.

2026-08-27 12:43:41 | CRITICAL | trading_bot | [FAIL] MODEL FAILURE (xgboost): Model is neither trained nor loaded.
2026-08-27 12:43:41 | ERROR    | trading_bot | Traceback (most recent call last):
  File "C:\Users\Dell\Desktop\forex\Forex-bot\trading_bot.py", line 365, in make_prediction
    probs = model.predict(latest_features) # returns prob of class 1
  File "C:\Users\Dell\Desktop\forex\Forex-bot\ai_model.py", line 45, in predict
    raise RuntimeError("Model is neither trained nor loaded.")
RuntimeError: Model is neither trained nor loaded.

2026-08-27 12:45:48 | CRITICAL | trading_bot | [FAIL] MODEL FAILURE (xgboost): Model is neither trained nor loaded.
2026-08-27 12:45:48 | ERROR    | trading_bot | Traceback (most recent call last):
  File "C:\Users\Dell\Desktop\forex\Forex-bot\trading_bot.py", line 365, in make_prediction
    probs = model.predict(latest_features) # returns prob of class 1
  File "C:\Users\Dell\Desktop\forex\Forex-bot\ai_model.py", line 45, in predict
    raise RuntimeError("Model is neither trained nor loaded.")
RuntimeError: Model is neither trained nor loaded.

2026-08-27 12:45:48 | CRITICAL | trading_bot | [FAIL] MODEL FAILURE (xgboost): Model is neither trained nor loaded.
2026-08-27 12:45:48 | ERROR    | trading_bot | Traceback (most recent call last):
  File "C:\Users\Dell\Desktop\forex\Forex-bot\trading_bot.py", line 365, in make_prediction
    probs = model.predict(latest_features) # returns prob of class 1
  File "C:\Users\Dell\Desktop\forex\Forex-bot\ai_model.py", line 45, in predict
    raise RuntimeError("Model is neither trained nor loaded.")
RuntimeError: Model is neither trained nor loaded.

2026-08-27 12:45:48 | CRITICAL | trading_bot | [FAIL] MODEL FAILURE (xgboost): Model is neither trained nor loaded.
2026-08-27 12:45:48 | ERROR    | trading_bot | Traceback (most recent call last):
  File "C:\Users\Dell\Desktop\forex\Forex-bot\trading_bot.py", line 365, in make_prediction
    probs = model.predict(latest_features) # returns prob of class 1
  File "C:\Users\Dell\Desktop\forex\Forex-bot\ai_model.py", line 45, in predict
    raise RuntimeError("Model is neither trained nor loaded.")
RuntimeError: Model is neither trained nor loaded.

2026-08-27 12:45:49 | CRITICAL | trading_bot | [FAIL] MODEL FAILURE (xgboost): Model is neither trained nor loaded.
2026-08-27 12:45:49 | ERROR    | trading_bot | Traceback (most recent call last):
  File "C:\Users\Dell\Desktop\forex\Forex-bot\trading_bot.py", line 365, in make_prediction
    probs = model.predict(latest_features) # returns prob of class 1
  File "C:\Users\Dell\Desktop\forex\Forex-bot\ai_model.py", line 45, in predict
    raise RuntimeError("Model is neither trained nor loaded.")
RuntimeError: Model is neither trained nor loaded.

2026-08-27 12:45:49 | CRITICAL | trading_bot | [FAIL] MODEL FAILURE (xgboost): Model is neither trained nor loaded.
2026-08-27 12:45:49 | ERROR    | trading_bot | Traceback (most recent call last):
  File "C:\Users\Dell\Desktop\forex\Forex-bot\trading_bot.py", line 365, in make_prediction
    probs = model.predict(latest_features) # returns prob of class 1
  File "C:\Users\Dell\Desktop\forex\Forex-bot\ai_model.py", line 45, in predict
    raise RuntimeError("Model is neither trained nor loaded.")
RuntimeError: Model is neither trained nor loaded.

2026-08-27 12:45:50 | CRITICAL | trading_bot | [FAIL] MODEL FAILURE (xgboost): Model is neither trained nor loaded.
2026-08-27 12:45:50 | ERROR    | trading_bot | Traceback (most recent call last):
  File "C:\Users\Dell\Desktop\forex\Forex-bot\trading_bot.py", line 365, in make_prediction
    probs = model.predict(latest_features) # returns prob of class 1
  File "C:\Users\Dell\Desktop\forex\Forex-bot\ai_model.py", line 45, in predict
    raise RuntimeError("Model is neither trained nor loaded.")
RuntimeError: Model is neither trained nor loaded.

2026-08-27 12:48:05 | CRITICAL | trading_bot | [FAIL] MODEL FAILURE (xgboost): Model is neither trained nor loaded.
2026-08-27 12:48:05 | ERROR    | trading_bot | Traceback (most recent call last):
  File "C:\Users\Dell\Desktop\forex\Forex-bot\trading_bot.py", line 365, in make_prediction
    probs = model.predict(latest_features) # returns prob of class 1
  File "C:\Users\Dell\Desktop\forex\Forex-bot\ai_model.py", line 45, in predict
    raise RuntimeError("Model is neither trained nor loaded.")
RuntimeError: Model is neither trained nor loaded.

2026-08-27 12:48:05 | CRITICAL | trading_bot | [FAIL] MODEL FAILURE (xgboost): Model is neither trained nor loaded.
2026-08-27 12:48:05 | ERROR    | trading_bot | Traceback (most recent call last):
  File "C:\Users\Dell\Desktop\forex\Forex-bot\trading_bot.py", line 365, in make_prediction
    probs = model.predict(latest_features) # returns prob of class 1
  File "C:\Users\Dell\Desktop\forex\Forex-bot\ai_model.py", line 45, in predict
    raise RuntimeError("Model is neither trained nor loaded.")
RuntimeError: Model is neither trained nor loaded.

2026-08-27 12:48:05 | CRITICAL | trading_bot | [FAIL] MODEL FAILURE (xgboost): Model is neither trained nor loaded.
2026-08-27 12:48:05 | ERROR    | trading_bot | Traceback (most recent call last):
  File "C:\Users\Dell\Desktop\forex\Forex-bot\trading_bot.py", line 365, in make_prediction
    probs = model.predict(latest_features) # returns prob of class 1
  File "C:\Users\Dell\Desktop\forex\Forex-bot\ai_model.py", line 45, in predict
    raise RuntimeError("Model is neither trained nor loaded.")
RuntimeError: Model is neither trained nor loaded.

2026-08-27 12:48:05 | CRITICAL | trading_bot | [FAIL] MODEL FAILURE (xgboost): Model is neither trained nor loaded.
2026-08-27 12:48:05 | ERROR    | trading_bot | Traceback (most recent call last):
  File "C:\Users\Dell\Desktop\forex\Forex-bot\trading_bot.py", line 365, in make_prediction
    probs = model.predict(latest_features) # returns prob of class 1
  File "C:\Users\Dell\Desktop\forex\Forex-bot\ai_model.py", line 45, in predict
    raise RuntimeError("Model is neither trained nor loaded.")
RuntimeError: Model is neither trained nor loaded.

2026-08-27 12:48:06 | CRITICAL | trading_bot | [FAIL] MODEL FAILURE (xgboost): Model is neither trained nor loaded.
2026-08-27 12:48:06 | ERROR    | trading_bot | Traceback (most recent call last):
  File "C:\Users\Dell\Desktop\forex\Forex-bot\trading_bot.py", line 365, in make_prediction
    probs = model.predict(latest_features) # returns prob of class 1
  File "C:\Users\Dell\Desktop\forex\Forex-bot\ai_model.py", line 45, in predict
    raise RuntimeError("Model is neither trained nor loaded.")
RuntimeError: Model is neither trained nor loaded.

2026-08-27 12:48:06 | CRITICAL | trading_bot | [FAIL] MODEL FAILURE (xgboost): Model is neither trained nor loaded.
2026-08-27 12:48:06 | ERROR    | trading_bot | Traceback (most recent call last):
  File "C:\Users\Dell\Desktop\forex\Forex-bot\trading_bot.py", line 365, in make_prediction
    probs = model.predict(latest_features) # returns prob of class 1
  File "C:\Users\Dell\Desktop\forex\Forex-bot\ai_model.py", line 45, in predict
    raise RuntimeError("Model is neither trained nor loaded.")
RuntimeError: Model is neither trained nor loaded.

2026-08-27 12:50:27 | CRITICAL | trading_bot | [FAIL] MODEL FAILURE (xgboost): Model is neither trained nor loaded.
2026-08-27 12:50:27 | ERROR    | trading_bot | Traceback (most recent call last):
  File "C:\Users\Dell\Desktop\forex\Forex-bot\trading_bot.py", line 365, in make_prediction
    probs = model.predict(latest_features) # returns prob of class 1
  File "C:\Users\Dell\Desktop\forex\Forex-bot\ai_model.py", line 45, in predict
    raise RuntimeError("Model is neither trained nor loaded.")
RuntimeError: Model is neither trained nor loaded.

2026-08-27 12:50:32 | CRITICAL | trading_bot | [FAIL] MODEL FAILURE (xgboost): Model is neither trained nor loaded.
2026-08-27 12:50:32 | ERROR    | trading_bot | Traceback (most recent call last):
  File "C:\Users\Dell\Desktop\forex\Forex-bot\trading_bot.py", line 365, in make_prediction
    probs = model.predict(latest_features) # returns prob of class 1
  File "C:\Users\Dell\Desktop\forex\Forex-bot\ai_model.py", line 45, in predict
    raise RuntimeError("Model is neither trained nor loaded.")
RuntimeError: Model is neither trained nor loaded.

2026-08-27 12:50:37 | CRITICAL | trading_bot | [FAIL] MODEL FAILURE (xgboost): Model is neither trained nor loaded.
2026-08-27 12:50:38 | ERROR    | trading_bot | Traceback (most recent call last):
  File "C:\Users\Dell\Desktop\forex\Forex-bot\trading_bot.py", line 365, in make_prediction
    probs = model.predict(latest_features) # returns prob of class 1
  File "C:\Users\Dell\Desktop\forex\Forex-bot\ai_model.py", line 45, in predict
    raise RuntimeError("Model is neither trained nor loaded.")
RuntimeError: Model is neither trained nor loaded.

2026-08-27 12:50:42 | CRITICAL | trading_bot | [FAIL] MODEL FAILURE (xgboost): Model is neither trained nor loaded.
2026-08-27 12:50:43 | ERROR    | trading_bot | Traceback (most recent call last):
  File "C:\Users\Dell\Desktop\forex\Forex-bot\trading_bot.py", line 365, in make_prediction
    probs = model.predict(latest_features) # returns prob of class 1
  File "C:\Users\Dell\Desktop\forex\Forex-bot\ai_model.py", line 45, in predict
    raise RuntimeError("Model is neither trained nor loaded.")
RuntimeError: Model is neither trained nor loaded.

2026-08-27 12:50:54 | CRITICAL | trading_bot | [FAIL] MODEL FAILURE (xgboost): Model is neither trained nor loaded.
2026-08-27 12:50:54 | ERROR    | trading_bot | Traceback (most recent call last):
  File "C:\Users\Dell\Desktop\forex\Forex-bot\trading_bot.py", line 365, in make_prediction
    probs = model.predict(latest_features) # returns prob of class 1
  File "C:\Users\Dell\Desktop\forex\Forex-bot\ai_model.py", line 45, in predict
    raise RuntimeError("Model is neither trained nor loaded.")
RuntimeError: Model is neither trained nor loaded.

2026-08-27 12:50:59 | CRITICAL | trading_bot | [FAIL] MODEL FAILURE (xgboost): Model is neither trained nor loaded.
2026-08-27 12:50:59 | ERROR    | trading_bot | Traceback (most recent call last):
  File "C:\Users\Dell\Desktop\forex\Forex-bot\trading_bot.py", line 365, in make_prediction
    probs = model.predict(latest_features) # returns prob of class 1
  File "C:\Users\Dell\Desktop\forex\Forex-bot\ai_model.py", line 45, in predict
    raise RuntimeError("Model is neither trained nor loaded.")
RuntimeError: Model is neither trained nor loaded.

2026-08-27 12:52:30 | CRITICAL | trading_bot | [FAIL] MODEL FAILURE (xgboost): Model is neither trained nor loaded.
2026-08-27 12:52:30 | ERROR    | trading_bot | Traceback (most recent call last):
  File "C:\Users\Dell\Desktop\forex\Forex-bot\trading_bot.py", line 365, in make_prediction
    probs = model.predict(latest_features) # returns prob of class 1
  File "C:\Users\Dell\Desktop\forex\Forex-bot\ai_model.py", line 45, in predict
    raise RuntimeError("Model is neither trained nor loaded.")
RuntimeError: Model is neither trained nor loaded.

2026-08-27 12:52:36 | CRITICAL | trading_bot | [FAIL] MODEL FAILURE (xgboost): Model is neither trained nor loaded.
2026-08-27 12:52:36 | ERROR    | trading_bot | Traceback (most recent call last):
  File "C:\Users\Dell\Desktop\forex\Forex-bot\trading_bot.py", line 365, in make_prediction
    probs = model.predict(latest_features) # returns prob of class 1
  File "C:\Users\Dell\Desktop\forex\Forex-bot\ai_model.py", line 45, in predict
    raise RuntimeError("Model is neither trained nor loaded.")
RuntimeError: Model is neither trained nor loaded.

2026-08-27 12:52:41 | CRITICAL | trading_bot | [FAIL] MODEL FAILURE (xgboost): Model is neither trained nor loaded.
2026-08-27 12:52:41 | ERROR    | trading_bot | Traceback (most recent call last):
  File "C:\Users\Dell\Desktop\forex\Forex-bot\trading_bot.py", line 365, in make_prediction
    probs = model.predict(latest_features) # returns prob of class 1
  File "C:\Users\Dell\Desktop\forex\Forex-bot\ai_model.py", line 45, in predict
    raise RuntimeError("Model is neither trained nor loaded.")
RuntimeError: Model is neither trained nor loaded.

2026-08-27 12:52:47 | CRITICAL | trading_bot | [FAIL] MODEL FAILURE (xgboost): Model is neither trained nor loaded.
2026-08-27 12:52:47 | ERROR    | trading_bot | Traceback (most recent call last):
  File "C:\Users\Dell\Desktop\forex\Forex-bot\trading_bot.py", line 365, in make_prediction
    probs = model.predict(latest_features) # returns prob of class 1
  File "C:\Users\Dell\Desktop\forex\Forex-bot\ai_model.py", line 45, in predict
    raise RuntimeError("Model is neither trained nor loaded.")
RuntimeError: Model is neither trained nor loaded.

2026-08-27 12:52:53 | CRITICAL | trading_bot | [FAIL] MODEL FAILURE (xgboost): Model is neither trained nor loaded.
2026-08-27 12:52:53 | ERROR    | trading_bot | Traceback (most recent call last):
  File "C:\Users\Dell\Desktop\forex\Forex-bot\trading_bot.py", line 365, in make_prediction
    probs = model.predict(latest_features) # returns prob of class 1
  File "C:\Users\Dell\Desktop\forex\Forex-bot\ai_model.py", line 45, in predict
    raise RuntimeError("Model is neither trained nor loaded.")
RuntimeError: Model is neither trained nor loaded.

2026-08-27 12:52:59 | CRITICAL | trading_bot | [FAIL] MODEL FAILURE (xgboost): Model is neither trained nor loaded.
2026-08-27 12:52:59 | ERROR    | trading_bot | Traceback (most recent call last):
  File "C:\Users\Dell\Desktop\forex\Forex-bot\trading_bot.py", line 365, in make_prediction
    probs = model.predict(latest_features) # returns prob of class 1
  File "C:\Users\Dell\Desktop\forex\Forex-bot\ai_model.py", line 45, in predict
    raise RuntimeError("Model is neither trained nor loaded.")
RuntimeError: Model is neither trained nor loaded.

2026-08-27 12:56:25 | CRITICAL | trading_bot | [FAIL] MODEL FAILURE (xgboost): Model is neither trained nor loaded.
2026-08-27 12:56:25 | ERROR    | trading_bot | Traceback (most recent call last):
  File "C:\Users\Dell\Desktop\forex\Forex-bot\trading_bot.py", line 365, in make_prediction
    probs = model.predict(latest_features) # returns prob of class 1
  File "C:\Users\Dell\Desktop\forex\Forex-bot\ai_model.py", line 45, in predict
    raise RuntimeError("Model is neither trained nor loaded.")
RuntimeError: Model is neither trained nor loaded.

2026-08-27 12:56:41 | CRITICAL | trading_bot | [FAIL] MODEL FAILURE (xgboost): Model is neither trained nor loaded.
2026-08-27 12:56:42 | ERROR    | trading_bot | Traceback (most recent call last):
  File "C:\Users\Dell\Desktop\forex\Forex-bot\trading_bot.py", line 365, in make_prediction
    probs = model.predict(latest_features) # returns prob of class 1
  File "C:\Users\Dell\Desktop\forex\Forex-bot\ai_model.py", line 45, in predict
    raise RuntimeError("Model is neither trained nor loaded.")
RuntimeError: Model is neither trained nor loaded.

2026-08-27 12:56:56 | CRITICAL | trading_bot | [FAIL] MODEL FAILURE (xgboost): Model is neither trained nor loaded.
2026-08-27 12:56:57 | ERROR    | trading_bot | Traceback (most recent call last):
  File "C:\Users\Dell\Desktop\forex\Forex-bot\trading_bot.py", line 365, in make_prediction
    probs = model.predict(latest_features) # returns prob of class 1
  File "C:\Users\Dell\Desktop\forex\Forex-bot\ai_model.py", line 45, in predict
    raise RuntimeError("Model is neither trained nor loaded.")
RuntimeError: Model is neither trained nor loaded.

2026-08-27 12:57:13 | CRITICAL | trading_bot | [FAIL] MODEL FAILURE (xgboost): Model is neither trained nor loaded.
2026-08-27 12:57:14 | ERROR    | trading_bot | Traceback (most recent call last):
  File "C:\Users\Dell\Desktop\forex\Forex-bot\trading_bot.py", line 365, in make_prediction
    probs = model.predict(latest_features) # returns prob of class 1
  File "C:\Users\Dell\Desktop\forex\Forex-bot\ai_model.py", line 45, in predict
    raise RuntimeError("Model is neither trained nor loaded.")
RuntimeError: Model is neither trained nor loaded.

2026-08-27 12:57:28 | CRITICAL | trading_bot | [FAIL] MODEL FAILURE (xgboost): Model is neither trained nor loaded.
2026-08-27 12:57:29 | ERROR    | trading_bot | Traceback (most recent call last):
  File "C:\Users\Dell\Desktop\forex\Forex-bot\trading_bot.py", line 365, in make_prediction
    probs = model.predict(latest_features) # returns prob of class 1
  File "C:\Users\Dell\Desktop\forex\Forex-bot\ai_model.py", line 45, in predict
    raise RuntimeError("Model is neither trained nor loaded.")
RuntimeError: Model is neither trained nor loaded.

2026-08-27 12:57:47 | CRITICAL | trading_bot | [FAIL] MODEL FAILURE (xgboost): Model is neither trained nor loaded.
2026-08-27 12:57:47 | ERROR    | trading_bot | Traceback (most recent call last):
  File "C:\Users\Dell\Desktop\forex\Forex-bot\trading_bot.py", line 365, in make_prediction
    probs = model.predict(latest_features) # returns prob of class 1
  File "C:\Users\Dell\Desktop\forex\Forex-bot\ai_model.py", line 45, in predict
    raise RuntimeError("Model is neither trained nor loaded.")
RuntimeError: Model is neither trained nor loaded.

2026-08-27 13:01:14 | CRITICAL | trading_bot | [FAIL] MODEL FAILURE (xgboost): Model is neither trained nor loaded.
2026-08-27 13:01:15 | ERROR    | trading_bot | Traceback (most recent call last):
  File "C:\Users\Dell\Desktop\forex\Forex-bot\trading_bot.py", line 365, in make_prediction
    warnings.simplefilter("ignore")
    ^^^^^^^^^^^^^^^^^^^^^^^^^^^^^^
  File "C:\Users\Dell\Desktop\forex\Forex-bot\ai_model.py", line 45, in predict
    raise RuntimeError("Model is neither trained nor loaded.")
RuntimeError: Model is neither trained nor loaded.

2026-08-27 13:01:31 | CRITICAL | trading_bot | [FAIL] MODEL FAILURE (xgboost): Model is neither trained nor loaded.
2026-08-27 13:01:31 | ERROR    | trading_bot | Traceback (most recent call last):
  File "C:\Users\Dell\Desktop\forex\Forex-bot\trading_bot.py", line 365, in make_prediction
    warnings.simplefilter("ignore")
    ^^^^^^^^^^^^^^^^^^^^^^^^^^^^^^
  File "C:\Users\Dell\Desktop\forex\Forex-bot\ai_model.py", line 45, in predict
    raise RuntimeError("Model is neither trained nor loaded.")
RuntimeError: Model is neither trained nor loaded.

2026-08-27 13:01:48 | CRITICAL | trading_bot | [FAIL] MODEL FAILURE (xgboost): Model is neither trained nor loaded.
2026-08-27 13:01:48 | ERROR    | trading_bot | Traceback (most recent call last):
  File "C:\Users\Dell\Desktop\forex\Forex-bot\trading_bot.py", line 365, in make_prediction
    warnings.simplefilter("ignore")
    ^^^^^^^^^^^^^^^^^^^^^^^^^^^^^^
  File "C:\Users\Dell\Desktop\forex\Forex-bot\ai_model.py", line 45, in predict
    raise RuntimeError("Model is neither trained nor loaded.")
RuntimeError: Model is neither trained nor loaded.

2026-08-27 13:02:05 | CRITICAL | trading_bot | [FAIL] MODEL FAILURE (xgboost): Model is neither trained nor loaded.
2026-08-27 13:02:05 | ERROR    | trading_bot | Traceback (most recent call last):
  File "C:\Users\Dell\Desktop\forex\Forex-bot\trading_bot.py", line 365, in make_prediction
    warnings.simplefilter("ignore")
    ^^^^^^^^^^^^^^^^^^^^^^^^^^^^^^
  File "C:\Users\Dell\Desktop\forex\Forex-bot\ai_model.py", line 45, in predict
    raise RuntimeError("Model is neither trained nor loaded.")
RuntimeError: Model is neither trained nor loaded.

2026-08-27 13:02:21 | CRITICAL | trading_bot | [FAIL] MODEL FAILURE (xgboost): Model is neither trained nor loaded.
2026-08-27 13:02:21 | ERROR    | trading_bot | Traceback (most recent call last):
  File "C:\Users\Dell\Desktop\forex\Forex-bot\trading_bot.py", line 365, in make_prediction
    warnings.simplefilter("ignore")
    ^^^^^^^^^^^^^^^^^^^^^^^^^^^^^^
  File "C:\Users\Dell\Desktop\forex\Forex-bot\ai_model.py", line 45, in predict
    raise RuntimeError("Model is neither trained nor loaded.")
RuntimeError: Model is neither trained nor loaded.

2026-08-27 13:02:38 | CRITICAL | trading_bot | [FAIL] MODEL FAILURE (xgboost): Model is neither trained nor loaded.
2026-08-27 13:02:38 | ERROR    | trading_bot | Traceback (most recent call last):
  File "C:\Users\Dell\Desktop\forex\Forex-bot\trading_bot.py", line 365, in make_prediction
    warnings.simplefilter("ignore")
    ^^^^^^^^^^^^^^^^^^^^^^^^^^^^^^
  File "C:\Users\Dell\Desktop\forex\Forex-bot\ai_model.py", line 45, in predict
    raise RuntimeError("Model is neither trained nor loaded.")
RuntimeError: Model is neither trained nor loaded.

2026-08-27 13:05:13 | CRITICAL | trading_bot | [FAIL] MODEL FAILURE (xgboost): Model is neither trained nor loaded.
2026-08-27 13:05:13 | ERROR    | trading_bot | Traceback (most recent call last):
  File "C:\Users\Dell\Desktop\forex\Forex-bot\trading_bot.py", line 365, in make_prediction
    warnings.simplefilter("ignore")
    ^^^^^^^^^^^^^^^^^^^^^^^^^^^^^^
  File "C:\Users\Dell\Desktop\forex\Forex-bot\ai_model.py", line 45, in predict
    raise RuntimeError("Model is neither trained nor loaded.")
RuntimeError: Model is neither trained nor loaded.

2026-08-27 13:05:31 | CRITICAL | trading_bot | [FAIL] MODEL FAILURE (xgboost): Model is neither trained nor loaded.
2026-08-27 13:05:31 | ERROR    | trading_bot | Traceback (most recent call last):
  File "C:\Users\Dell\Desktop\forex\Forex-bot\trading_bot.py", line 365, in make_prediction
    warnings.simplefilter("ignore")
    ^^^^^^^^^^^^^^^^^^^^^^^^^^^^^^
  File "C:\Users\Dell\Desktop\forex\Forex-bot\ai_model.py", line 45, in predict
    raise RuntimeError("Model is neither trained nor loaded.")
RuntimeError: Model is neither trained nor loaded.

2026-08-27 13:05:46 | CRITICAL | trading_bot | [FAIL] MODEL FAILURE (xgboost): Model is neither trained nor loaded.
2026-08-27 13:05:47 | ERROR    | trading_bot | Traceback (most recent call last):
  File "C:\Users\Dell\Desktop\forex\Forex-bot\trading_bot.py", line 365, in make_prediction
    warnings.simplefilter("ignore")
    ^^^^^^^^^^^^^^^^^^^^^^^^^^^^^^
  File "C:\Users\Dell\Desktop\forex\Forex-bot\ai_model.py", line 45, in predict
    raise RuntimeError("Model is neither trained nor loaded.")
RuntimeError: Model is neither trained nor loaded.

2026-08-27 13:06:02 | CRITICAL | trading_bot | [FAIL] MODEL FAILURE (xgboost): Model is neither trained nor loaded.
2026-08-27 13:06:02 | ERROR    | trading_bot | Traceback (most recent call last):
  File "C:\Users\Dell\Desktop\forex\Forex-bot\trading_bot.py", line 365, in make_prediction
    warnings.simplefilter("ignore")
    ^^^^^^^^^^^^^^^^^^^^^^^^^^^^^^
  File "C:\Users\Dell\Desktop\forex\Forex-bot\ai_model.py", line 45, in predict
    raise RuntimeError("Model is neither trained nor loaded.")
RuntimeError: Model is neither trained nor loaded.

2026-08-27 13:06:18 | CRITICAL | trading_bot | [FAIL] MODEL FAILURE (xgboost): Model is neither trained nor loaded.
2026-08-27 13:06:19 | ERROR    | trading_bot | Traceback (most recent call last):
  File "C:\Users\Dell\Desktop\forex\Forex-bot\trading_bot.py", line 365, in make_prediction
    warnings.simplefilter("ignore")
    ^^^^^^^^^^^^^^^^^^^^^^^^^^^^^^
  File "C:\Users\Dell\Desktop\forex\Forex-bot\ai_model.py", line 45, in predict
    raise RuntimeError("Model is neither trained nor loaded.")
RuntimeError: Model is neither trained nor loaded.

2026-08-27 13:06:32 | CRITICAL | trading_bot | [FAIL] MODEL FAILURE (xgboost): Model is neither trained nor loaded.
2026-08-27 13:06:32 | ERROR    | trading_bot | Traceback (most recent call last):
  File "C:\Users\Dell\Desktop\forex\Forex-bot\trading_bot.py", line 365, in make_prediction
    warnings.simplefilter("ignore")
    ^^^^^^^^^^^^^^^^^^^^^^^^^^^^^^
  File "C:\Users\Dell\Desktop\forex\Forex-bot\ai_model.py", line 45, in predict
    raise RuntimeError("Model is neither trained nor loaded.")
RuntimeError: Model is neither trained nor loaded.

2026-08-27 14:50:05 | ERROR    | trading_bot | Error updating CSV for AUDCAD-OTC: '<' not supported between instances of 'Timestamp' and 'str'
2026-08-27 14:54:03 | ERROR    | trading_bot | Error updating CSV for NZDUSD-OTC: Error tokenizing data. C error: Expected 6 fields in line 18151, saw 9

2026-08-27 14:54:05 | ERROR    | trading_bot | Error updating CSV for USDCHF-OTC: No columns to parse from file
2026-08-27 14:56:01 | ERROR    | trading_bot | Error updating CSV for EURUSD-OTC: No columns to parse from file
2026-08-27 14:56:04 | ERROR    | trading_bot | Error updating CSV for NZDUSD-OTC: Error tokenizing data. C error: Expected 6 fields in line 18151, saw 9

2026-08-27 14:56:04 | ERROR    | trading_bot | Error updating CSV for NZDUSD-OTC: Error tokenizing data. C error: Expected 6 fields in line 18151, saw 9

2026-08-27 14:56:04 | ERROR    | trading_bot | Error updating CSV for NZDUSD-OTC: Error tokenizing data. C error: Expected 6 fields in line 18151, saw 9

2026-08-27 14:56:05 | ERROR    | trading_bot | Error updating CSV for AUDCAD-OTC: No columns to parse from file
2026-08-27 14:56:06 | ERROR    | trading_bot | Error updating CSV for USDCHF-OTC: No columns to parse from file
2026-08-27 14:56:07 | ERROR    | trading_bot | Error updating CSV for EURGBP-OTC: No columns to parse from file
2026-08-27 14:58:04 | ERROR    | trading_bot | Error updating CSV for NZDUSD-OTC: Error tokenizing data. C error: Expected 6 fields in line 18151, saw 9

2026-08-27 14:58:07 | ERROR    | trading_bot | Error updating CSV for NZDUSD-OTC: Error tokenizing data. C error: Expected 6 fields in line 18151, saw 9

2026-08-27 14:58:07 | ERROR    | trading_bot | Error updating CSV for NZDUSD-OTC: Error tokenizing data. C error: Expected 6 fields in line 18151, saw 9

2026-08-27 14:58:12 | ERROR    | trading_bot | Error updating CSV for EURGBP-OTC: No columns to parse from file
2026-08-27 15:00:04 | ERROR    | trading_bot | Error updating CSV for NZDUSD-OTC: Error tokenizing data. C error: Expected 6 fields in line 18151, saw 9

2026-08-27 15:00:04 | ERROR    | trading_bot | Error updating CSV for NZDUSD-OTC: Error tokenizing data. C error: Expected 6 fields in line 18151, saw 9

2026-08-27 15:00:05 | ERROR    | trading_bot | Error updating CSV for AUDCAD-OTC: No columns to parse from file
2026-08-27 15:00:05 | ERROR    | trading_bot | Error updating CSV for NZDUSD-OTC: Error tokenizing data. C error: Expected 6 fields in line 18151, saw 9

2026-08-27 15:02:04 | ERROR    | trading_bot | Error updating CSV for NZDUSD-OTC: Error tokenizing data. C error: Expected 6 fields in line 18151, saw 9

2026-08-27 15:02:04 | ERROR    | trading_bot | Error updating CSV for NZDUSD-OTC: Error tokenizing data. C error: Expected 6 fields in line 18151, saw 9

2026-08-27 15:02:04 | ERROR    | trading_bot | Error updating CSV for NZDUSD-OTC: Error tokenizing data. C error: Expected 6 fields in line 18151, saw 9

2026-08-27 15:04:01 | ERROR    | trading_bot | Error updating CSV for EURUSD-OTC: No columns to parse from file
2026-08-27 15:04:02 | ERROR    | trading_bot | Error updating CSV for GBPUSD-OTC: No columns to parse from file
2026-08-27 15:04:02 | ERROR    | trading_bot | Error updating CSV for GBPUSD-OTC: No columns to parse from file
2026-08-27 15:04:03 | ERROR    | trading_bot | Error updating CSV for NZDUSD-OTC: Error tokenizing data. C error: Expected 6 fields in line 18151, saw 9

2026-08-27 15:04:03 | ERROR    | trading_bot | Error updating CSV for NZDUSD-OTC: Error tokenizing data. C error: Expected 6 fields in line 18151, saw 9

2026-08-27 15:04:03 | ERROR    | trading_bot | Error updating CSV for NZDUSD-OTC: Error tokenizing data. C error: Expected 6 fields in line 18151, saw 9

2026-08-27 15:04:06 | ERROR    | trading_bot | Error updating CSV for USDCHF-OTC: Error tokenizing data. C error: Expected 6 fields in line 18151, saw 10

2026-08-27 15:04:07 | ERROR    | trading_bot | Error updating CSV for EURGBP-OTC: No columns to parse from file
2026-08-27 15:06:04 | ERROR    | trading_bot | Error updating CSV for NZDUSD-OTC: Error tokenizing data. C error: Expected 6 fields in line 18151, saw 9

2026-08-27 15:06:07 | ERROR    | trading_bot | Error updating CSV for NZDUSD-OTC: Error tokenizing data. C error: Expected 6 fields in line 18151, saw 9

2026-08-27 15:06:07 | ERROR    | trading_bot | Error updating CSV for USDCHF-OTC: Error tokenizing data. C error: Expected 6 fields in line 18151, saw 10

2026-08-27 15:06:07 | ERROR    | trading_bot | Error updating CSV for NZDUSD-OTC: Error tokenizing data. C error: Expected 6 fields in line 18151, saw 9

2026-08-27 15:06:10 | ERROR    | trading_bot | Error updating CSV for USDCHF-OTC: Error tokenizing data. C error: Expected 6 fields in line 18151, saw 10

2026-08-27 15:06:11 | ERROR    | trading_bot | Error updating CSV for USDCHF-OTC: Error tokenizing data. C error: Expected 6 fields in line 18151, saw 10

2026-08-27 15:06:12 | ERROR    | trading_bot | Error updating CSV for EURGBP-OTC: No columns to parse from file
2026-08-27 15:27:59 | ERROR    | trading_bot | Error updating CSV for NZDUSD-OTC: Error tokenizing data. C error: Expected 6 fields in line 18151, saw 9

2026-08-27 15:27:59 | ERROR    | trading_bot | Error updating CSV for AUDCAD-OTC: Error tokenizing data. C error: Expected 6 fields in line 18151, saw 9

2026-08-27 15:28:00 | ERROR    | trading_bot | Error updating CSV for USDCHF-OTC: Error tokenizing data. C error: Expected 6 fields in line 18151, saw 10

2026-08-27 15:30:08 | ERROR    | trading_bot | Error updating CSV for NZDUSD-OTC: Error tokenizing data. C error: Expected 6 fields in line 18151, saw 9

2026-08-27 15:30:09 | ERROR    | trading_bot | Error updating CSV for AUDCAD-OTC: Error tokenizing data. C error: Expected 6 fields in line 18151, saw 9

2026-08-27 15:30:10 | ERROR    | trading_bot | Error updating CSV for USDCHF-OTC: Error tokenizing data. C error: Expected 6 fields in line 18151, saw 10

2026-08-27 15:32:06 | ERROR    | trading_bot | Error updating CSV for NZDUSD-OTC: Error tokenizing data. C error: Expected 6 fields in line 18151, saw 9

2026-08-27 15:32:07 | ERROR    | trading_bot | Error updating CSV for AUDCAD-OTC: Error tokenizing data. C error: Expected 6 fields in line 18151, saw 9

2026-08-27 15:32:08 | ERROR    | trading_bot | Error updating CSV for USDCHF-OTC: Error tokenizing data. C error: Expected 6 fields in line 18151, saw 10

2026-08-27 15:48:13 | ERROR    | trading_bot | Order rejected for GBPUSD-OTC. Possible suspension. Triggering rotation.
2026-08-27 16:48:27 | ERROR    | trading_bot | Order rejected for EURGBP-OTC. Possible suspension. Triggering rotation.
2026-08-27 17:12:16 | ERROR    | trading_bot | Order rejected for EURUSD-OTC. Possible suspension. Triggering rotation.
2026-08-28 08:42:29 | ERROR    | trading_bot | Order rejected for EURGBP. Possible suspension. Triggering rotation.
2026-08-28 09:15:29 | ERROR    | trading_bot | Order rejected for EURUSD-OTC. Possible suspension. Triggering rotation.
2026-08-28 09:37:16 | ERROR    | trading_bot | Order rejected for USDJPY. Possible suspension. Triggering rotation.
2026-08-28 10:06:20 | ERROR    | trading_bot | Order rejected for EURAUD. Possible suspension. Triggering rotation.
2026-08-28 10:36:00 | ERROR    | trading_bot | Order rejected for AUDUSD. Possible suspension. Triggering rotation.
2026-08-28 11:03:37 | ERROR    | trading_bot | Order rejected for USDCHF-OTC. Possible suspension. Triggering rotation.
2026-08-28 11:26:22 | ERROR    | trading_bot | Order rejected for USDJPY. Possible suspension. Triggering rotation.
2026-08-29 00:35:24 | ERROR    | trading_bot | Order rejected for USDCAD. Possible suspension. Triggering rotation.
2026-08-29 00:48:49 | ERROR    | trading_bot | Order rejected for USDCAD. Possible suspension. Triggering rotation.
2026-08-29 16:04:06 | ERROR    | trading_bot | Order rejected for ETHUSD. Possible suspension. Triggering rotation.
2026-08-29 16:36:20 | ERROR    | trading_bot | Order rejected for EOSUSD. Possible suspension. Triggering rotation.
2026-08-29 17:04:09 | ERROR    | trading_bot | Order rejected for XRPUSD. Possible suspension. Triggering rotation.
2026-08-29 17:16:09 | ERROR    | trading_bot | Order rejected for BCHUSD. Possible suspension. Triggering rotation.
2026-08-31 11:14:13 | ERROR    | trading_bot | Order rejected for BCHUSD. Possible suspension. Triggering rotation.
2026-08-31 11:24:45 | ERROR    | trading_bot | Order rejected for EURGBP. Possible suspension. Triggering rotation.
2026-08-31 11:36:12 | ERROR    | trading_bot | Order rejected for EURGBP. Possible suspension. Triggering rotation.
2026-08-31 11:50:15 | ERROR    | trading_bot | Order rejected for USDJPY. Possible suspension. Triggering rotation.
2026-08-31 12:03:24 | ERROR    | trading_bot | Order rejected for USDJPY. Possible suspension. Triggering rotation.
2026-08-31 12:13:00 | ERROR    | trading_bot | Order rejected for EURAUD. Possible suspension. Triggering rotation.
2026-08-31 12:26:11 | ERROR    | trading_bot | Order rejected for AUDUSD. Possible suspension. Triggering rotation.
2026-08-31 12:48:09 | ERROR    | trading_bot | Order rejected for EURAUD. Possible suspension. Triggering rotation.
2026-08-31 12:58:19 | ERROR    | trading_bot | Order rejected for USDCAD. Possible suspension. Triggering rotation.
2026-08-31 13:10:13 | ERROR    | trading_bot | Order rejected for NZDUSD. Possible suspension. Triggering rotation.
2026-08-31 13:21:16 | ERROR    | trading_bot | Order rejected for USDCAD. Possible suspension. Triggering rotation.
2026-08-31 13:32:06 | ERROR    | trading_bot | Order rejected for BTCUSD. Possible suspension. Triggering rotation.
2026-08-31 14:17:43 | ERROR    | trading_bot | Order rejected for BTCUSD. Possible suspension. Triggering rotation.
2026-08-31 14:34:11 | ERROR    | trading_bot | Order rejected for LTCUSD. Possible suspension. Triggering rotation.
2026-08-31 14:54:11 | ERROR    | trading_bot | Order rejected for EURGBP. Possible suspension. Triggering rotation.
2026-08-31 15:08:19 | ERROR    | trading_bot | Order rejected for USDJPY. Possible suspension. Triggering rotation.
2026-08-31 15:28:12 | ERROR    | trading_bot | Order rejected for EURGBP. Possible suspension. Triggering rotation.
2026-08-31 15:45:51 | ERROR    | trading_bot | Order rejected for EURAUD. Possible suspension. Triggering rotation.
2026-08-31 16:06:12 | ERROR    | trading_bot | Order rejected for EURUSD-OTC. Possible suspension. Triggering rotation.
2026-08-31 16:23:37 | ERROR    | trading_bot | Order rejected for EURAUD. Possible suspension. Triggering rotation.
2026-08-31 21:10:07 | ERROR    | trading_bot | Timeout while fetching candles for AUDUSD
2026-08-31 22:47:47 | ERROR    | trading_bot | Timeout while fetching candles for AUDUSD
2026-08-31 22:56:51 | ERROR    | trading_bot | Order rejected for USDJPY. Possible suspension. Triggering rotation.
2026-08-31 23:14:26 | ERROR    | trading_bot | Order rejected for AUDUSD. Possible suspension. Triggering rotation.
2026-08-31 23:22:37 | ERROR    | trading_bot | Failed to fetch data for EURGBP.
2026-08-31 23:22:38 | ERROR    | trading_bot | Error saving state: Connection is already closed.
2026-09-01 08:40:15 | ERROR    | trading_bot | Order rejected for GBPUSD. Possible suspension. Triggering rotation.
2026-09-01 09:00:11 | ERROR    | trading_bot | Order rejected for USDCAD. Possible suspension. Triggering rotation.
2026-09-01 09:09:36 | ERROR    | trading_bot | Order rejected for EURGBP. Possible suspension. Triggering rotation.
2026-09-01 09:24:13 | ERROR    | trading_bot | Order rejected for EURGBP. Possible suspension. Triggering rotation.
2026-09-01 09:39:54 | ERROR    | trading_bot | Order rejected for USDJPY. Possible suspension. Triggering rotation.
2026-09-01 09:59:52 | ERROR    | trading_bot | Order rejected for USDJPY. Possible suspension. Triggering rotation.
2026-09-01 10:36:09 | ERROR    | trading_bot | Order rejected for EURAUD. Possible suspension. Triggering rotation.
2026-09-01 10:50:09 | ERROR    | trading_bot | Order rejected for EURAUD. Possible suspension. Triggering rotation.
2026-09-01 11:02:09 | ERROR    | trading_bot | Order rejected for AUDUSD. Possible suspension. Triggering rotation.
2026-09-01 11:14:13 | ERROR    | trading_bot | Order rejected for USDCHF. Possible suspension. Triggering rotation.
2026-09-01 11:29:51 | ERROR    | trading_bot | Timeout while fetching candles for EURUSD
2026-09-01 11:56:07 | ERROR    | trading_bot | Order rejected for NZDUSD. Possible suspension. Triggering rotation.
2026-09-01 12:08:07 | ERROR    | trading_bot | Order rejected for AUDUSD. Possible suspension. Triggering rotation.
2026-09-01 12:18:48 | ERROR    | trading_bot | Order rejected for NZDUSD. Possible suspension. Triggering rotation.
2026-09-01 13:08:17 | ERROR    | trading_bot | Timeout while fetching candles for EURUSD-OTC
2026-09-01 16:06:07 | ERROR    | trading_bot | Order rejected for NZDUSD. Possible suspension. Triggering rotation.
2026-09-01 16:19:58 | ERROR    | trading_bot | Order rejected for EURUSD-OTC. Possible suspension. Triggering rotation.
2026-09-01 16:31:32 | ERROR    | trading_bot | Order rejected for EURUSD-OTC. Possible suspension. Triggering rotation.
2026-09-01 16:44:07 | ERROR    | trading_bot | Order rejected for EURGBP. Possible suspension. Triggering rotation.
2026-09-01 16:59:24 | ERROR    | trading_bot | Order rejected for USDJPY. Possible suspension. Triggering rotation.
2026-09-01 17:14:05 | ERROR    | trading_bot | Order rejected for EURGBP. Possible suspension. Triggering rotation.
2026-09-01 17:32:04 | ERROR    | trading_bot | Order rejected for EURAUD. Possible suspension. Triggering rotation.
2026-09-01 17:43:17 | ERROR    | trading_bot | Order rejected for EURAUD. Possible suspension. Triggering rotation.
2026-09-01 22:28:30 | ERROR    | trading_bot | Timeout while fetching candles for AUDUSD
2026-09-01 22:31:21 | ERROR    | trading_bot | Order rejected for AUDUSD. Possible suspension. Triggering rotation.
2026-09-01 22:46:05 | ERROR    | trading_bot | Order rejected for EURGBP. Possible suspension. Triggering rotation.
2026-09-02 08:43:02 | ERROR    | trading_bot | Order rejected for AUDUSD. Possible suspension. Triggering rotation.
2026-09-02 08:58:34 | ERROR    | trading_bot | Timeout while fetching candles for EURGBP
2026-09-02 09:10:05 | ERROR    | trading_bot | Order rejected for USDJPY. Possible suspension. Triggering rotation.
2026-09-02 09:30:05 | ERROR    | trading_bot | Order rejected for EURAUD. Possible suspension. Triggering rotation.
2026-09-02 09:40:04 | ERROR    | trading_bot | Order rejected for USDCAD. Possible suspension. Triggering rotation.
2026-09-02 10:06:00 | ERROR    | trading_bot | Order rejected for NZDUSD. Possible suspension. Triggering rotation.
2026-09-02 12:36:14 | ERROR    | trading_bot | Timeout while fetching candles for EURUSD-OTC
2026-09-02 13:00:12 | ERROR    | trading_bot | Timeout while fetching candles for GBPUSD-OTC
2026-09-02 13:45:31 | ERROR    | trading_bot | Order rejected for NZDUSD-OTC. Possible suspension. Triggering rotation.
2026-09-03 08:56:51 | ERROR    | trading_bot | Order rejected for AUDCAD-OTC. Possible suspension. Triggering rotation.
2026-09-03 16:52:02 | ERROR    | trading_bot | Order rejected for EURGBP. Possible suspension. Triggering rotation.
2026-09-04 08:29:08 | ERROR    | trading_bot | Timeout while fetching candles for USDJPY
2026-09-04 08:36:05 | ERROR    | trading_bot | Order rejected for USDJPY. Possible suspension. Triggering rotation.
2026-09-04 08:50:05 | ERROR    | trading_bot | Order rejected for EURGBP. Possible suspension. Triggering rotation.
2026-09-04 09:44:03 | ERROR    | trading_bot | Order rejected for EURAUD. Possible suspension. Triggering rotation.
2026-09-04 10:46:04 | ERROR    | trading_bot | Order rejected for AUDUSD. Possible suspension. Triggering rotation.
2026-09-04 11:20:04 | ERROR    | trading_bot | Order rejected for USDCAD. Possible suspension. Triggering rotation.
2026-09-04 11:35:31 | ERROR    | trading_bot | Order rejected for NZDUSD. Possible suspension. Triggering rotation.
2026-09-04 11:54:04 | ERROR    | trading_bot | Order rejected for EURUSD-OTC. Possible suspension. Triggering rotation.
2026-09-04 12:11:38 | ERROR    | trading_bot | Order rejected for GBPUSD-OTC. Possible suspension. Triggering rotation.
2026-09-04 13:12:05 | ERROR    | trading_bot.alerts | Failed to send email alert: (421, b'4.4.5 Server busy, try again later. (smtp.gmail.com)\n4.4.5  For more information, go to\n4.4.5  https://support.google.com/a/answer/3221692 5b1f17b1804b1-49ce592b019sm33279545e9.2 - gsmtp')
2026-09-04 15:20:24 | ERROR    | trading_bot | Order rejected for EURGBP. Possible suspension. Triggering rotation.
2026-09-04 15:44:12 | ERROR    | trading_bot | Order rejected for USDJPY. Possible suspension. Triggering rotation.
2026-09-04 15:54:53 | ERROR    | trading_bot | Error updating CSV for EURAUD: Cannot compare tz-naive and tz-aware timestamps
2026-09-04 15:55:01 | ERROR    | trading_bot | Order rejected for USDCAD. Possible suspension. Triggering rotation.
2026-09-04 16:04:10 | ERROR    | trading_bot | Order rejected for USDJPY. Possible suspension. Triggering rotation.
2026-09-04 16:14:01 | ERROR    | trading_bot | Error updating CSV for EURAUD: Cannot compare tz-naive and tz-aware timestamps
2026-09-04 16:14:04 | ERROR    | trading_bot | Error updating CSV for EURGBP: Cannot compare tz-naive and tz-aware timestamps
2026-09-04 16:14:05 | ERROR    | trading_bot | Error updating CSV for EURGBP: Cannot compare tz-naive and tz-aware timestamps
2026-09-04 16:14:06 | ERROR    | trading_bot | Error updating CSV for EURGBP: Cannot compare tz-naive and tz-aware timestamps
2026-09-04 16:16:00 | ERROR    | trading_bot | Error updating CSV for EURAUD: Cannot compare tz-naive and tz-aware timestamps
2026-09-04 16:16:05 | ERROR    | trading_bot | Error updating CSV for EURGBP: Cannot compare tz-naive and tz-aware timestamps
2026-09-04 16:16:06 | ERROR    | trading_bot | Error updating CSV for EURGBP: Cannot compare tz-naive and tz-aware timestamps
2026-09-04 16:16:07 | ERROR    | trading_bot | Error updating CSV for EURGBP: Cannot compare tz-naive and tz-aware timestamps
2026-09-04 16:18:01 | ERROR    | trading_bot | Error updating CSV for EURAUD: Cannot compare tz-naive and tz-aware timestamps
2026-09-04 16:18:04 | ERROR    | trading_bot | Error updating CSV for EURGBP: Cannot compare tz-naive and tz-aware timestamps
2026-09-04 16:18:05 | ERROR    | trading_bot | Error updating CSV for EURGBP: Cannot compare tz-naive and tz-aware timestamps
2026-09-04 16:18:06 | ERROR    | trading_bot | Error updating CSV for EURGBP: Cannot compare tz-naive and tz-aware timestamps
2026-09-04 16:20:01 | ERROR    | trading_bot | Error updating CSV for EURAUD: Cannot compare tz-naive and tz-aware timestamps
2026-09-04 16:20:06 | ERROR    | trading_bot | Error updating CSV for EURGBP: Cannot compare tz-naive and tz-aware timestamps
2026-09-04 16:20:07 | ERROR    | trading_bot | Error updating CSV for EURGBP: Cannot compare tz-naive and tz-aware timestamps
2026-09-04 16:20:08 | ERROR    | trading_bot | Error updating CSV for EURGBP: Cannot compare tz-naive and tz-aware timestamps
2026-09-04 16:22:01 | ERROR    | trading_bot | Error updating CSV for EURAUD: Cannot compare tz-naive and tz-aware timestamps
2026-09-04 16:22:04 | ERROR    | trading_bot | Error updating CSV for EURGBP: Cannot compare tz-naive and tz-aware timestamps
2026-09-04 16:22:05 | ERROR    | trading_bot | Error updating CSV for EURGBP: Cannot compare tz-naive and tz-aware timestamps
2026-09-04 16:22:05 | ERROR    | trading_bot | Error updating CSV for EURGBP: Cannot compare tz-naive and tz-aware timestamps
2026-09-04 16:24:01 | ERROR    | trading_bot | Error updating CSV for EURAUD: Cannot compare tz-naive and tz-aware timestamps
2026-09-04 16:24:04 | ERROR    | trading_bot | Error updating CSV for EURGBP: Cannot compare tz-naive and tz-aware timestamps
2026-09-04 16:24:05 | ERROR    | trading_bot | Error updating CSV for EURGBP: Cannot compare tz-naive and tz-aware timestamps
2026-09-04 16:24:05 | ERROR    | trading_bot | Error updating CSV for EURGBP: Cannot compare tz-naive and tz-aware timestamps
2026-09-04 16:26:02 | ERROR    | trading_bot | Error updating CSV for EURAUD: Cannot compare tz-naive and tz-aware timestamps
2026-09-04 16:26:07 | ERROR    | trading_bot | Error updating CSV for EURGBP: Cannot compare tz-naive and tz-aware timestamps
2026-09-04 16:26:08 | ERROR    | trading_bot | Error updating CSV for EURGBP: Cannot compare tz-naive and tz-aware timestamps
2026-09-04 16:26:09 | ERROR    | trading_bot | Error updating CSV for EURGBP: Cannot compare tz-naive and tz-aware timestamps
2026-09-04 16:26:12 | ERROR    | trading_bot | Order rejected for EURGBP. Possible suspension. Triggering rotation.
2026-09-04 16:33:25 | ERROR    | trading_bot | Error updating CSV for EURAUD: Cannot compare tz-naive and tz-aware timestamps
2026-09-04 16:33:28 | ERROR    | trading_bot | Error updating CSV for EURGBP: Cannot compare tz-naive and tz-aware timestamps
2026-09-04 16:33:28 | ERROR    | trading_bot | Error updating CSV for EURAUD: Cannot compare tz-naive and tz-aware timestamps
2026-09-04 16:35:32 | ERROR    | trading_bot | Error updating CSV for EURAUD: Cannot compare tz-naive and tz-aware timestamps
2026-09-04 16:35:35 | ERROR    | trading_bot | Error updating CSV for EURGBP: Cannot compare tz-naive and tz-aware timestamps
2026-09-04 16:35:36 | ERROR    | trading_bot | Error updating CSV for EURAUD: Cannot compare tz-naive and tz-aware timestamps
2026-09-04 16:35:37 | ERROR    | trading_bot | Order rejected for EURGBP. Possible suspension. Triggering rotation.
2026-09-04 16:44:01 | ERROR    | trading_bot | Error updating CSV for EURAUD: Cannot compare tz-naive and tz-aware timestamps
2026-09-04 16:44:06 | ERROR    | trading_bot | Error updating CSV for EURAUD: Cannot compare tz-naive and tz-aware timestamps
2026-09-04 16:44:07 | ERROR    | trading_bot | Error updating CSV for EURAUD: Cannot compare tz-naive and tz-aware timestamps
2026-09-04 16:46:01 | ERROR    | trading_bot | Error updating CSV for EURAUD: Cannot compare tz-naive and tz-aware timestamps
2026-09-04 16:46:04 | ERROR    | trading_bot | Error updating CSV for EURAUD: Cannot compare tz-naive and tz-aware timestamps
2026-09-04 16:46:05 | ERROR    | trading_bot | Error updating CSV for EURAUD: Cannot compare tz-naive and tz-aware timestamps
2026-09-04 16:48:01 | ERROR    | trading_bot | Error updating CSV for EURAUD: Cannot compare tz-naive and tz-aware timestamps
2026-09-04 16:48:04 | ERROR    | trading_bot | Error updating CSV for EURAUD: Cannot compare tz-naive and tz-aware timestamps
2026-09-04 16:48:05 | ERROR    | trading_bot | Error updating CSV for EURAUD: Cannot compare tz-naive and tz-aware timestamps
2026-09-04 16:50:01 | ERROR    | trading_bot | Error updating CSV for EURAUD: Cannot compare tz-naive and tz-aware timestamps
2026-09-04 16:50:05 | ERROR    | trading_bot | Error updating CSV for EURAUD: Cannot compare tz-naive and tz-aware timestamps
2026-09-04 16:50:06 | ERROR    | trading_bot | Error updating CSV for EURAUD: Cannot compare tz-naive and tz-aware timestamps
2026-09-04 16:52:01 | ERROR    | trading_bot | Error updating CSV for EURAUD: Cannot compare tz-naive and tz-aware timestamps
2026-09-04 16:52:04 | ERROR    | trading_bot | Error updating CSV for EURAUD: Cannot compare tz-naive and tz-aware timestamps
2026-09-04 16:52:05 | ERROR    | trading_bot | Error updating CSV for EURAUD: Cannot compare tz-naive and tz-aware timestamps
2026-09-04 16:54:01 | ERROR    | trading_bot | Error updating CSV for EURAUD: Cannot compare tz-naive and tz-aware timestamps
2026-09-04 16:54:05 | ERROR    | trading_bot | Error updating CSV for EURAUD: Cannot compare tz-naive and tz-aware timestamps
2026-09-04 16:54:06 | ERROR    | trading_bot | Error updating CSV for EURAUD: Cannot compare tz-naive and tz-aware timestamps
2026-09-04 16:56:02 | ERROR    | trading_bot | Error updating CSV for EURAUD: Cannot compare tz-naive and tz-aware timestamps
2026-09-04 16:56:07 | ERROR    | trading_bot | Error updating CSV for EURAUD: Cannot compare tz-naive and tz-aware timestamps
2026-09-04 16:56:08 | ERROR    | trading_bot | Error updating CSV for EURAUD: Cannot compare tz-naive and tz-aware timestamps
2026-09-04 16:58:01 | ERROR    | trading_bot | Error updating CSV for EURAUD: Cannot compare tz-naive and tz-aware timestamps
2026-09-04 16:58:04 | ERROR    | trading_bot | Error updating CSV for EURAUD: Cannot compare tz-naive and tz-aware timestamps
2026-09-04 16:58:05 | ERROR    | trading_bot | Error updating CSV for EURAUD: Cannot compare tz-naive and tz-aware timestamps
2026-09-04 17:00:01 | ERROR    | trading_bot | Error updating CSV for EURAUD: Cannot compare tz-naive and tz-aware timestamps
2026-09-04 17:00:05 | ERROR    | trading_bot | Error updating CSV for EURAUD: Cannot compare tz-naive and tz-aware timestamps
2026-09-04 17:00:06 | ERROR    | trading_bot | Error updating CSV for EURAUD: Cannot compare tz-naive and tz-aware timestamps
2026-09-04 17:02:01 | ERROR    | trading_bot | Error updating CSV for EURAUD: Cannot compare tz-naive and tz-aware timestamps
2026-09-04 17:02:04 | ERROR    | trading_bot | Error updating CSV for EURAUD: Cannot compare tz-naive and tz-aware timestamps
2026-09-04 17:02:05 | ERROR    | trading_bot | Error updating CSV for EURAUD: Cannot compare tz-naive and tz-aware timestamps
2026-09-04 17:04:02 | ERROR    | trading_bot | Error updating CSV for EURAUD: Cannot compare tz-naive and tz-aware timestamps
2026-09-04 17:04:10 | ERROR    | trading_bot | Error updating CSV for EURAUD: Cannot compare tz-naive and tz-aware timestamps
2026-09-04 17:04:12 | ERROR    | trading_bot | Error updating CSV for EURAUD: Cannot compare tz-naive and tz-aware timestamps
2026-09-04 17:06:01 | ERROR    | trading_bot | Error updating CSV for EURAUD: Cannot compare tz-naive and tz-aware timestamps
2026-09-04 17:06:04 | ERROR    | trading_bot | Error updating CSV for EURAUD: Cannot compare tz-naive and tz-aware timestamps
2026-09-04 17:06:05 | ERROR    | trading_bot | Error updating CSV for EURAUD: Cannot compare tz-naive and tz-aware timestamps
2026-09-04 17:08:01 | ERROR    | trading_bot | Error updating CSV for EURAUD: Cannot compare tz-naive and tz-aware timestamps
2026-09-04 17:08:04 | ERROR    | trading_bot | Error updating CSV for EURAUD: Cannot compare tz-naive and tz-aware timestamps
2026-09-04 17:08:05 | ERROR    | trading_bot | Error updating CSV for EURAUD: Cannot compare tz-naive and tz-aware timestamps
2026-09-04 17:10:01 | ERROR    | trading_bot | Error updating CSV for EURAUD: Cannot compare tz-naive and tz-aware timestamps
2026-09-04 17:10:04 | ERROR    | trading_bot | Error updating CSV for EURAUD: Cannot compare tz-naive and tz-aware timestamps
2026-09-04 17:10:05 | ERROR    | trading_bot | Error updating CSV for EURAUD: Cannot compare tz-naive and tz-aware timestamps
2026-09-04 17:12:01 | ERROR    | trading_bot | Error updating CSV for EURAUD: Cannot compare tz-naive and tz-aware timestamps
2026-09-04 17:12:04 | ERROR    | trading_bot | Error updating CSV for EURAUD: Cannot compare tz-naive and tz-aware timestamps
2026-09-04 17:12:05 | ERROR    | trading_bot | Error updating CSV for EURAUD: Cannot compare tz-naive and tz-aware timestamps
2026-09-04 17:14:01 | ERROR    | trading_bot | Error updating CSV for EURAUD: Cannot compare tz-naive and tz-aware timestamps
2026-09-04 17:14:04 | ERROR    | trading_bot | Error updating CSV for EURAUD: Cannot compare tz-naive and tz-aware timestamps
2026-09-04 17:14:05 | ERROR    | trading_bot | Error updating CSV for EURAUD: Cannot compare tz-naive and tz-aware timestamps
2026-09-04 17:16:00 | ERROR    | trading_bot | Error updating CSV for EURAUD: Cannot compare tz-naive and tz-aware timestamps
2026-09-04 17:16:04 | ERROR    | trading_bot | Error updating CSV for EURAUD: Cannot compare tz-naive and tz-aware timestamps
2026-09-04 17:16:05 | ERROR    | trading_bot | Error updating CSV for EURAUD: Cannot compare tz-naive and tz-aware timestamps
2026-09-04 17:18:01 | ERROR    | trading_bot | Error updating CSV for EURAUD: Cannot compare tz-naive and tz-aware timestamps
2026-09-04 17:18:05 | ERROR    | trading_bot | Error updating CSV for EURAUD: Cannot compare tz-naive and tz-aware timestamps
2026-09-04 17:18:06 | ERROR    | trading_bot | Error updating CSV for EURAUD: Cannot compare tz-naive and tz-aware timestamps
2026-09-04 17:20:02 | ERROR    | trading_bot | Error updating CSV for EURAUD: Cannot compare tz-naive and tz-aware timestamps
2026-09-04 17:20:07 | ERROR    | trading_bot | Error updating CSV for EURAUD: Cannot compare tz-naive and tz-aware timestamps
2026-09-04 17:20:08 | ERROR    | trading_bot | Error updating CSV for EURAUD: Cannot compare tz-naive and tz-aware timestamps
2026-09-04 17:22:02 | ERROR    | trading_bot | Error updating CSV for EURAUD: Cannot compare tz-naive and tz-aware timestamps
2026-09-04 17:22:07 | ERROR    | trading_bot | Error updating CSV for EURAUD: Cannot compare tz-naive and tz-aware timestamps
2026-09-04 17:22:08 | ERROR    | trading_bot | Error updating CSV for EURAUD: Cannot compare tz-naive and tz-aware timestamps
2026-09-04 17:24:02 | ERROR    | trading_bot | Error updating CSV for EURAUD: Cannot compare tz-naive and tz-aware timestamps
2026-09-04 17:24:07 | ERROR    | trading_bot | Error updating CSV for EURAUD: Cannot compare tz-naive and tz-aware timestamps
2026-09-04 17:24:08 | ERROR    | trading_bot | Error updating CSV for EURAUD: Cannot compare tz-naive and tz-aware timestamps
2026-09-04 17:26:02 | ERROR    | trading_bot | Error updating CSV for EURAUD: Cannot compare tz-naive and tz-aware timestamps
2026-09-04 17:26:06 | ERROR    | trading_bot | Error updating CSV for EURAUD: Cannot compare tz-naive and tz-aware timestamps
2026-09-04 17:26:07 | ERROR    | trading_bot | Error updating CSV for EURAUD: Cannot compare tz-naive and tz-aware timestamps
2026-09-04 17:28:01 | ERROR    | trading_bot | Error updating CSV for EURAUD: Cannot compare tz-naive and tz-aware timestamps
2026-09-04 17:28:06 | ERROR    | trading_bot | Error updating CSV for EURAUD: Cannot compare tz-naive and tz-aware timestamps
2026-09-04 17:28:07 | ERROR    | trading_bot | Error updating CSV for EURAUD: Cannot compare tz-naive and tz-aware timestamps
2026-09-04 17:30:01 | ERROR    | trading_bot | Error updating CSV for EURAUD: Cannot compare tz-naive and tz-aware timestamps
2026-09-04 17:30:04 | ERROR    | trading_bot | Error updating CSV for EURAUD: Cannot compare tz-naive and tz-aware timestamps
2026-09-04 17:30:06 | ERROR    | trading_bot | Error updating CSV for EURAUD: Cannot compare tz-naive and tz-aware timestamps
2026-09-04 17:32:01 | ERROR    | trading_bot | Error updating CSV for EURAUD: Cannot compare tz-naive and tz-aware timestamps
2026-09-04 17:32:05 | ERROR    | trading_bot | Error updating CSV for EURAUD: Cannot compare tz-naive and tz-aware timestamps
2026-09-04 17:32:06 | ERROR    | trading_bot | Error updating CSV for EURAUD: Cannot compare tz-naive and tz-aware timestamps
2026-09-04 17:34:01 | ERROR    | trading_bot | Error updating CSV for EURAUD: Cannot compare tz-naive and tz-aware timestamps
2026-09-04 17:34:05 | ERROR    | trading_bot | Error updating CSV for EURAUD: Cannot compare tz-naive and tz-aware timestamps
2026-09-04 17:34:06 | ERROR    | trading_bot | Error updating CSV for EURAUD: Cannot compare tz-naive and tz-aware timestamps
2026-09-04 17:36:01 | ERROR    | trading_bot | Error updating CSV for EURAUD: Cannot compare tz-naive and tz-aware timestamps
2026-09-04 17:36:04 | ERROR    | trading_bot | Error updating CSV for EURAUD: Cannot compare tz-naive and tz-aware timestamps
2026-09-04 17:36:05 | ERROR    | trading_bot | Error updating CSV for EURAUD: Cannot compare tz-naive and tz-aware timestamps
2026-09-04 17:38:01 | ERROR    | trading_bot | Error updating CSV for EURAUD: Cannot compare tz-naive and tz-aware timestamps
2026-09-04 17:38:05 | ERROR    | trading_bot | Error updating CSV for EURAUD: Cannot compare tz-naive and tz-aware timestamps
2026-09-04 17:38:05 | ERROR    | trading_bot | Error updating CSV for EURAUD: Cannot compare tz-naive and tz-aware timestamps
2026-09-04 17:40:04 | ERROR    | trading_bot | Error updating CSV for EURAUD: Cannot compare tz-naive and tz-aware timestamps
2026-09-04 17:40:14 | ERROR    | trading_bot | Error updating CSV for EURAUD: Cannot compare tz-naive and tz-aware timestamps
2026-09-04 17:40:17 | ERROR    | trading_bot | Error updating CSV for EURAUD: Cannot compare tz-naive and tz-aware timestamps
2026-09-04 17:40:23 | ERROR    | trading_bot | Order rejected for NZDUSD. Possible suspension. Triggering rotation.
2026-09-04 17:54:04 | ERROR    | trading_bot | Error updating CSV for EURAUD: Cannot compare tz-naive and tz-aware timestamps
2026-09-04 17:54:08 | ERROR    | trading_bot | Error updating CSV for EURAUD: Cannot compare tz-naive and tz-aware timestamps
2026-09-04 17:54:09 | ERROR    | trading_bot | Error updating CSV for EURAUD: Cannot compare tz-naive and tz-aware timestamps
2026-09-04 17:54:10 | ERROR    | trading_bot | Error updating CSV for EURAUD: Cannot compare tz-naive and tz-aware timestamps
2026-09-04 17:56:01 | ERROR    | trading_bot | Error updating CSV for EURAUD: Cannot compare tz-naive and tz-aware timestamps
2026-09-04 17:56:04 | ERROR    | trading_bot | Error updating CSV for EURAUD: Cannot compare tz-naive and tz-aware timestamps
2026-09-04 17:56:05 | ERROR    | trading_bot | Error updating CSV for EURAUD: Cannot compare tz-naive and tz-aware timestamps
2026-09-04 17:56:06 | ERROR    | trading_bot | Error updating CSV for EURAUD: Cannot compare tz-naive and tz-aware timestamps
2026-09-04 17:58:01 | ERROR    | trading_bot | Error updating CSV for EURAUD: Cannot compare tz-naive and tz-aware timestamps
2026-09-04 17:58:03 | ERROR    | trading_bot | Error updating CSV for EURAUD: Cannot compare tz-naive and tz-aware timestamps
2026-09-04 17:58:04 | ERROR    | trading_bot | Error updating CSV for EURAUD: Cannot compare tz-naive and tz-aware timestamps
2026-09-04 17:58:05 | ERROR    | trading_bot | Error updating CSV for EURAUD: Cannot compare tz-naive and tz-aware timestamps
2026-09-04 18:00:01 | ERROR    | trading_bot | Error updating CSV for EURAUD: Cannot compare tz-naive and tz-aware timestamps
2026-09-04 18:00:04 | ERROR    | trading_bot | Error updating CSV for EURAUD: Cannot compare tz-naive and tz-aware timestamps
2026-09-04 18:00:05 | ERROR    | trading_bot | Error updating CSV for EURAUD: Cannot compare tz-naive and tz-aware timestamps
2026-09-04 18:00:05 | ERROR    | trading_bot | Error updating CSV for EURAUD: Cannot compare tz-naive and tz-aware timestamps
2026-09-04 18:02:02 | ERROR    | trading_bot | Error updating CSV for EURAUD: Cannot compare tz-naive and tz-aware timestamps
2026-09-04 18:02:04 | ERROR    | trading_bot | Error updating CSV for EURAUD: Cannot compare tz-naive and tz-aware timestamps
2026-09-04 18:02:05 | ERROR    | trading_bot | Error updating CSV for EURAUD: Cannot compare tz-naive and tz-aware timestamps
2026-09-04 18:02:06 | ERROR    | trading_bot | Error updating CSV for EURAUD: Cannot compare tz-naive and tz-aware timestamps
2026-09-04 18:04:01 | ERROR    | trading_bot | Error updating CSV for EURAUD: Cannot compare tz-naive and tz-aware timestamps
2026-09-04 18:04:03 | ERROR    | trading_bot | Error updating CSV for EURAUD: Cannot compare tz-naive and tz-aware timestamps
2026-09-04 18:04:04 | ERROR    | trading_bot | Error updating CSV for EURAUD: Cannot compare tz-naive and tz-aware timestamps
2026-09-04 18:04:05 | ERROR    | trading_bot | Error updating CSV for EURAUD: Cannot compare tz-naive and tz-aware timestamps
2026-09-04 18:06:01 | ERROR    | trading_bot | Error updating CSV for EURAUD: Cannot compare tz-naive and tz-aware timestamps
2026-09-04 18:06:04 | ERROR    | trading_bot | Error updating CSV for EURAUD: Cannot compare tz-naive and tz-aware timestamps
2026-09-04 18:06:04 | ERROR    | trading_bot | Error updating CSV for EURAUD: Cannot compare tz-naive and tz-aware timestamps
2026-09-04 18:06:05 | ERROR    | trading_bot | Error updating CSV for EURAUD: Cannot compare tz-naive and tz-aware timestamps
2026-09-04 18:08:01 | ERROR    | trading_bot | Error updating CSV for EURAUD: Cannot compare tz-naive and tz-aware timestamps
2026-09-04 18:08:04 | ERROR    | trading_bot | Error updating CSV for EURAUD: Cannot compare tz-naive and tz-aware timestamps
2026-09-04 18:08:05 | ERROR    | trading_bot | Error updating CSV for EURAUD: Cannot compare tz-naive and tz-aware timestamps
2026-09-04 18:08:06 | ERROR    | trading_bot | Error updating CSV for EURAUD: Cannot compare tz-naive and tz-aware timestamps
2026-09-04 18:10:04 | ERROR    | trading_bot | Error updating CSV for EURAUD: Cannot compare tz-naive and tz-aware timestamps
2026-09-04 18:10:10 | ERROR    | trading_bot | Error updating CSV for EURAUD: Cannot compare tz-naive and tz-aware timestamps
2026-09-04 18:10:11 | ERROR    | trading_bot | Error updating CSV for EURAUD: Cannot compare tz-naive and tz-aware timestamps
2026-09-04 18:10:15 | ERROR    | trading_bot | Error updating CSV for EURAUD: Cannot compare tz-naive and tz-aware timestamps
2026-09-04 18:12:01 | ERROR    | trading_bot | Error updating CSV for EURAUD: Cannot compare tz-naive and tz-aware timestamps
2026-09-04 18:12:03 | ERROR    | trading_bot | Error updating CSV for EURAUD: Cannot compare tz-naive and tz-aware timestamps
2026-09-04 18:12:04 | ERROR    | trading_bot | Error updating CSV for EURAUD: Cannot compare tz-naive and tz-aware timestamps
2026-09-04 18:12:05 | ERROR    | trading_bot | Error updating CSV for EURAUD: Cannot compare tz-naive and tz-aware timestamps
2026-09-04 18:14:01 | ERROR    | trading_bot | Error updating CSV for EURAUD: Cannot compare tz-naive and tz-aware timestamps
2026-09-04 18:14:03 | ERROR    | trading_bot | Error updating CSV for EURAUD: Cannot compare tz-naive and tz-aware timestamps
2026-09-04 18:14:04 | ERROR    | trading_bot | Error updating CSV for EURAUD: Cannot compare tz-naive and tz-aware timestamps
2026-09-04 18:14:05 | ERROR    | trading_bot | Error updating CSV for EURAUD: Cannot compare tz-naive and tz-aware timestamps
2026-09-04 18:16:01 | ERROR    | trading_bot | Error updating CSV for EURAUD: Cannot compare tz-naive and tz-aware timestamps
2026-09-04 18:16:04 | ERROR    | trading_bot | Error updating CSV for EURAUD: Cannot compare tz-naive and tz-aware timestamps
2026-09-04 18:16:05 | ERROR    | trading_bot | Error updating CSV for EURAUD: Cannot compare tz-naive and tz-aware timestamps
2026-09-04 18:16:06 | ERROR    | trading_bot | Error updating CSV for EURAUD: Cannot compare tz-naive and tz-aware timestamps
2026-09-04 18:18:01 | ERROR    | trading_bot | Error updating CSV for EURAUD: Cannot compare tz-naive and tz-aware timestamps
2026-09-04 18:18:03 | ERROR    | trading_bot | Error updating CSV for EURAUD: Cannot compare tz-naive and tz-aware timestamps
2026-09-04 18:18:04 | ERROR    | trading_bot | Error updating CSV for EURAUD: Cannot compare tz-naive and tz-aware timestamps
2026-09-04 18:18:05 | ERROR    | trading_bot | Error updating CSV for EURAUD: Cannot compare tz-naive and tz-aware timestamps
2026-09-04 18:20:01 | ERROR    | trading_bot | Error updating CSV for EURAUD: Cannot compare tz-naive and tz-aware timestamps
2026-09-04 18:20:04 | ERROR    | trading_bot | Error updating CSV for EURAUD: Cannot compare tz-naive and tz-aware timestamps
2026-09-04 18:20:05 | ERROR    | trading_bot | Error updating CSV for EURAUD: Cannot compare tz-naive and tz-aware timestamps
2026-09-04 18:20:06 | ERROR    | trading_bot | Error updating CSV for EURAUD: Cannot compare tz-naive and tz-aware timestamps
2026-09-04 18:20:07 | ERROR    | trading_bot | Order rejected for EURAUD. Possible suspension. Triggering rotation.
2026-09-04 18:28:00 | ERROR    | trading_bot | Error updating CSV for AUDUSD: Cannot compare tz-naive and tz-aware timestamps
2026-09-04 18:28:02 | ERROR    | trading_bot | Error updating CSV for EURAUD: Cannot compare tz-naive and tz-aware timestamps
2026-09-04 18:28:03 | ERROR    | trading_bot | Error updating CSV for EURAUD: Cannot compare tz-naive and tz-aware timestamps
2026-09-04 18:28:04 | ERROR    | trading_bot | Error updating CSV for AUDUSD: Cannot compare tz-naive and tz-aware timestamps
2026-09-05 09:01:17 | ERROR    | trading_bot | Timeout while fetching candles for AUDUSD
2026-09-05 19:47:15 | ERROR    | trading_bot | Error updating CSV for AUDUSD: Cannot compare tz-naive and tz-aware timestamps
2026-09-05 19:47:17 | ERROR    | trading_bot | Error updating CSV for EURAUD: Cannot compare tz-naive and tz-aware timestamps
2026-09-05 19:47:18 | ERROR    | trading_bot | Error updating CSV for EURAUD: Cannot compare tz-naive and tz-aware timestamps
2026-09-05 19:47:21 | ERROR    | trading_bot | Error updating CSV for EURAUD: Cannot compare tz-naive and tz-aware timestamps
2026-09-05 19:49:26 | ERROR    | trading_bot | Error updating CSV for AUDUSD: Cannot compare tz-naive and tz-aware timestamps
2026-09-05 19:49:28 | ERROR    | trading_bot | Error updating CSV for EURAUD: Cannot compare tz-naive and tz-aware timestamps
2026-09-05 19:49:30 | ERROR    | trading_bot | Error updating CSV for EURAUD: Cannot compare tz-naive and tz-aware timestamps
2026-09-05 19:49:31 | ERROR    | trading_bot | Error updating CSV for EURAUD: Cannot compare tz-naive and tz-aware timestamps
2026-09-05 19:51:37 | ERROR    | trading_bot | Error updating CSV for AUDUSD: Cannot compare tz-naive and tz-aware timestamps
2026-09-05 19:51:38 | ERROR    | trading_bot | Error updating CSV for EURAUD: Cannot compare tz-naive and tz-aware timestamps
2026-09-05 19:51:40 | ERROR    | trading_bot | Error updating CSV for EURAUD: Cannot compare tz-naive and tz-aware timestamps
2026-09-05 19:51:41 | ERROR    | trading_bot | Error updating CSV for EURAUD: Cannot compare tz-naive and tz-aware timestamps
2026-09-05 19:53:47 | ERROR    | trading_bot | Error updating CSV for AUDUSD: Cannot compare tz-naive and tz-aware timestamps
2026-09-05 19:53:49 | ERROR    | trading_bot | Error updating CSV for EURAUD: Cannot compare tz-naive and tz-aware timestamps
2026-09-05 19:53:50 | ERROR    | trading_bot | Error updating CSV for EURAUD: Cannot compare tz-naive and tz-aware timestamps
2026-09-05 19:53:52 | ERROR    | trading_bot | Error updating CSV for EURAUD: Cannot compare tz-naive and tz-aware timestamps
2026-09-05 19:55:59 | ERROR    | trading_bot | Error updating CSV for AUDUSD: Cannot compare tz-naive and tz-aware timestamps
2026-09-05 19:56:04 | ERROR    | trading_bot | Error updating CSV for EURAUD: Cannot compare tz-naive and tz-aware timestamps
2026-09-05 19:56:08 | ERROR    | trading_bot | Error updating CSV for EURAUD: Cannot compare tz-naive and tz-aware timestamps
2026-09-05 19:56:11 | ERROR    | trading_bot | Error updating CSV for EURAUD: Cannot compare tz-naive and tz-aware timestamps
2026-09-05 19:58:11 | ERROR    | trading_bot | Timeout while fetching candles for AUDUSD
2026-09-05 20:07:59 | ERROR    | trading_bot | Error updating CSV for EURAUD: Cannot compare tz-naive and tz-aware timestamps
2026-09-05 20:08:09 | ERROR    | trading_bot | Error updating CSV for EURAUD: Cannot compare tz-naive and tz-aware timestamps
2026-09-05 20:08:17 | ERROR    | trading_bot | Error updating CSV for EURGBP: Cannot compare tz-naive and tz-aware timestamps
2026-09-05 20:08:28 | ERROR    | trading_bot | Error updating CSV for EURGBP: Cannot compare tz-naive and tz-aware timestamps
2026-09-05 20:10:13 | ERROR    | trading_bot | Timeout while fetching candles for EURAUD
2026-09-05 20:10:39 | ERROR    | trading_bot | Failed to fetch data for EURGBP.
2026-09-05 20:10:49 | ERROR    | trading_bot | Timeout while fetching candles for EURAUD
2026-09-05 20:18:35 | ERROR    | trading_bot | Error updating CSV for EURGBP: Cannot compare tz-naive and tz-aware timestamps
2026-09-05 20:18:38 | ERROR    | trading_bot | Error updating CSV for EURGBP: Cannot compare tz-naive and tz-aware timestamps
2026-09-05 20:20:12 | ERROR    | trading_bot | Timeout while fetching candles for EURAUD
2026-09-05 20:26:55 | ERROR    | trading_bot | Error updating CSV for EURGBP: Cannot compare tz-naive and tz-aware timestamps
2026-09-05 20:26:56 | ERROR    | trading_bot | Error updating CSV for EURGBP: Cannot compare tz-naive and tz-aware timestamps
2026-09-05 20:26:58 | ERROR    | trading_bot | Error updating CSV for EURGBP: Cannot compare tz-naive and tz-aware timestamps
2026-09-05 20:28:13 | ERROR    | trading_bot | Timeout while fetching candles for EURGBP
2026-09-05 20:35:38 | ERROR    | trading_bot | Error updating CSV for EURGBP: Cannot compare tz-naive and tz-aware timestamps
2026-09-05 20:35:39 | ERROR    | trading_bot | Error updating CSV for USDJPY: Cannot compare tz-naive and tz-aware timestamps
2026-09-05 20:35:40 | ERROR    | trading_bot | Error updating CSV for USDJPY: Cannot compare tz-naive and tz-aware timestamps
2026-09-05 20:37:54 | ERROR    | trading_bot | Timeout while fetching candles for EURGBP
2026-09-05 20:47:33 | ERROR    | trading_bot | Error updating CSV for USDJPY: Cannot compare tz-naive and tz-aware timestamps
2026-09-05 20:47:34 | ERROR    | trading_bot | Error updating CSV for USDJPY: Cannot compare tz-naive and tz-aware timestamps
2026-09-05 20:49:37 | ERROR    | trading_bot | Error updating CSV for USDJPY: Cannot compare tz-naive and tz-aware timestamps
2026-09-05 20:49:37 | ERROR    | trading_bot | Error updating CSV for USDJPY: Cannot compare tz-naive and tz-aware timestamps
2026-09-05 20:49:40 | ERROR    | trading_bot | Error updating CSV for USDJPY: Cannot compare tz-naive and tz-aware timestamps
2026-09-05 20:51:43 | ERROR    | trading_bot | Error updating CSV for USDJPY: Cannot compare tz-naive and tz-aware timestamps
2026-09-05 20:51:44 | ERROR    | trading_bot | Error updating CSV for USDJPY: Cannot compare tz-naive and tz-aware timestamps
2026-09-05 20:51:45 | ERROR    | trading_bot | Error updating CSV for USDJPY: Cannot compare tz-naive and tz-aware timestamps
2026-09-05 20:53:49 | ERROR    | trading_bot | Error updating CSV for USDJPY: Cannot compare tz-naive and tz-aware timestamps
2026-09-05 20:53:50 | ERROR    | trading_bot | Error updating CSV for USDJPY: Cannot compare tz-naive and tz-aware timestamps
2026-09-05 20:53:50 | ERROR    | trading_bot | Error updating CSV for USDJPY: Cannot compare tz-naive and tz-aware timestamps
2026-09-05 20:56:00 | ERROR    | trading_bot | Error updating CSV for USDJPY: Cannot compare tz-naive and tz-aware timestamps
2026-09-05 20:56:08 | ERROR    | trading_bot | Error updating CSV for USDJPY: Cannot compare tz-naive and tz-aware timestamps
2026-09-05 20:56:17 | ERROR    | trading_bot | Error updating CSV for USDJPY: Cannot compare tz-naive and tz-aware timestamps
2026-09-05 20:58:05 | ERROR    | trading_bot | Error updating CSV for USDJPY: Cannot compare tz-naive and tz-aware timestamps
2026-09-05 20:58:08 | ERROR    | trading_bot | Error updating CSV for USDJPY: Cannot compare tz-naive and tz-aware timestamps
2026-09-05 20:58:10 | ERROR    | trading_bot | Error updating CSV for USDJPY: Cannot compare tz-naive and tz-aware timestamps
2026-09-05 21:00:12 | ERROR    | trading_bot | Timeout while fetching candles for USDJPY
2026-09-05 21:07:02 | ERROR    | trading_bot | Failed to reconnect API: Expecting value: line 1 column 2 (char 1)
2026-09-05 21:07:12 | ERROR    | trading_bot | Timeout while fetching candles for USDCAD
2026-09-05 21:07:49 | ERROR    | trading_bot | Timeout while fetching candles for NZDUSD
2026-09-05 21:08:21 | ERROR    | trading_bot | Timeout while fetching candles for EURUSD
2026-09-05 21:08:59 | ERROR    | trading_bot | Timeout while fetching candles for GBPUSD
2026-09-05 21:09:33 | ERROR    | trading_bot | Timeout while fetching candles for USDCHF
2026-09-05 21:15:57 | ERROR    | trading_bot | Error updating CSV for AUDCAD: Cannot compare tz-naive and tz-aware timestamps
2026-09-05 21:18:01 | ERROR    | trading_bot | Error updating CSV for USDJPY: Cannot compare tz-naive and tz-aware timestamps
2026-09-05 21:18:02 | ERROR    | trading_bot | Error updating CSV for AUDCAD: Cannot compare tz-naive and tz-aware timestamps
2026-09-05 21:18:05 | ERROR    | trading_bot | Error updating CSV for AUDCAD: Cannot compare tz-naive and tz-aware timestamps
2026-09-05 21:20:02 | ERROR    | trading_bot | Error updating CSV for USDJPY: Cannot compare tz-naive and tz-aware timestamps
2026-09-05 21:20:04 | ERROR    | trading_bot | Error updating CSV for AUDCAD: Cannot compare tz-naive and tz-aware timestamps
2026-09-05 21:20:06 | ERROR    | trading_bot | Error updating CSV for AUDCAD: Cannot compare tz-naive and tz-aware timestamps
2026-09-05 21:22:02 | ERROR    | trading_bot | Error updating CSV for USDJPY: Cannot compare tz-naive and tz-aware timestamps
2026-09-05 21:22:03 | ERROR    | trading_bot | Error updating CSV for AUDCAD: Cannot compare tz-naive and tz-aware timestamps
2026-09-05 21:22:05 | ERROR    | trading_bot | Error updating CSV for AUDCAD: Cannot compare tz-naive and tz-aware timestamps
2026-09-05 21:24:02 | ERROR    | trading_bot | Error updating CSV for USDJPY: Cannot compare tz-naive and tz-aware timestamps
2026-09-05 21:24:03 | ERROR    | trading_bot | Error updating CSV for AUDCAD: Cannot compare tz-naive and tz-aware timestamps
2026-09-05 21:24:06 | ERROR    | trading_bot | Error updating CSV for AUDCAD: Cannot compare tz-naive and tz-aware timestamps
2026-09-05 21:26:02 | ERROR    | trading_bot | Error updating CSV for USDJPY: Cannot compare tz-naive and tz-aware timestamps
2026-09-05 21:26:04 | ERROR    | trading_bot | Error updating CSV for AUDCAD: Cannot compare tz-naive and tz-aware timestamps
2026-09-05 21:26:05 | ERROR    | trading_bot | Error updating CSV for AUDCAD: Cannot compare tz-naive and tz-aware timestamps
2026-09-05 21:27:38 | ERROR    | trading_bot | Error updating CSV for USDJPY: Cannot compare tz-naive and tz-aware timestamps
2026-09-05 21:27:39 | ERROR    | trading_bot | Error updating CSV for USDCAD: Cannot compare tz-naive and tz-aware timestamps
2026-09-05 21:27:40 | ERROR    | trading_bot | Error updating CSV for AUDCAD: Cannot compare tz-naive and tz-aware timestamps
2026-09-05 21:29:45 | ERROR    | trading_bot | Error updating CSV for USDJPY: Cannot compare tz-naive and tz-aware timestamps
2026-09-05 21:29:47 | ERROR    | trading_bot | Error updating CSV for USDCAD: Cannot compare tz-naive and tz-aware timestamps
2026-09-05 21:29:49 | ERROR    | trading_bot | Error updating CSV for AUDCAD: Cannot compare tz-naive and tz-aware timestamps
2026-09-05 22:28:01 | ERROR    | trading_bot | Error updating CSV for USDJPY: Cannot compare tz-naive and tz-aware timestamps
2026-09-05 22:28:02 | ERROR    | trading_bot | Error updating CSV for USDCAD: Cannot compare tz-naive and tz-aware timestamps
2026-09-05 22:28:04 | ERROR    | trading_bot | Error updating CSV for AUDCAD: Cannot compare tz-naive and tz-aware timestamps
2026-09-05 22:30:04 | ERROR    | trading_bot | Error updating CSV for USDJPY: Cannot compare tz-naive and tz-aware timestamps
2026-09-05 22:30:07 | ERROR    | trading_bot | Error updating CSV for USDCAD: Cannot compare tz-naive and tz-aware timestamps
2026-09-05 22:30:10 | ERROR    | trading_bot | Error updating CSV for AUDCAD: Cannot compare tz-naive and tz-aware timestamps
2026-09-05 22:32:01 | ERROR    | trading_bot | Error updating CSV for USDJPY: Cannot compare tz-naive and tz-aware timestamps
2026-09-05 22:32:03 | ERROR    | trading_bot | Error updating CSV for USDCAD: Cannot compare tz-naive and tz-aware timestamps
2026-09-05 22:32:05 | ERROR    | trading_bot | Error updating CSV for AUDCAD: Cannot compare tz-naive and tz-aware timestamps
2026-09-05 22:34:02 | ERROR    | trading_bot | Error updating CSV for USDJPY: Cannot compare tz-naive and tz-aware timestamps
2026-09-05 22:34:03 | ERROR    | trading_bot | Error updating CSV for USDCAD: Cannot compare tz-naive and tz-aware timestamps
2026-09-05 22:34:04 | ERROR    | trading_bot | Error updating CSV for AUDCAD: Cannot compare tz-naive and tz-aware timestamps
2026-09-05 22:36:01 | ERROR    | trading_bot | Error updating CSV for USDJPY: Cannot compare tz-naive and tz-aware timestamps
2026-09-05 22:36:03 | ERROR    | trading_bot | Error updating CSV for USDCAD: Cannot compare tz-naive and tz-aware timestamps
2026-09-05 22:36:04 | ERROR    | trading_bot | Error updating CSV for AUDCAD: Cannot compare tz-naive and tz-aware timestamps
2026-09-05 22:38:01 | ERROR    | trading_bot | Error updating CSV for USDJPY: Cannot compare tz-naive and tz-aware timestamps
2026-09-05 22:38:02 | ERROR    | trading_bot | Error updating CSV for USDCAD: Cannot compare tz-naive and tz-aware timestamps
2026-09-05 22:38:04 | ERROR    | trading_bot | Error updating CSV for AUDCAD: Cannot compare tz-naive and tz-aware timestamps
2026-09-05 22:40:01 | ERROR    | trading_bot | Error updating CSV for USDJPY: Cannot compare tz-naive and tz-aware timestamps
2026-09-05 22:40:02 | ERROR    | trading_bot | Error updating CSV for USDCAD: Cannot compare tz-naive and tz-aware timestamps
2026-09-05 22:40:03 | ERROR    | trading_bot | Error updating CSV for AUDCAD: Cannot compare tz-naive and tz-aware timestamps
2026-09-05 22:42:01 | ERROR    | trading_bot | Error updating CSV for USDJPY: Cannot compare tz-naive and tz-aware timestamps
2026-09-05 22:42:02 | ERROR    | trading_bot | Error updating CSV for USDCAD: Cannot compare tz-naive and tz-aware timestamps
2026-09-05 22:42:04 | ERROR    | trading_bot | Error updating CSV for AUDCAD: Cannot compare tz-naive and tz-aware timestamps
2026-09-05 22:44:02 | ERROR    | trading_bot | Error updating CSV for USDJPY: Cannot compare tz-naive and tz-aware timestamps
2026-09-05 22:44:03 | ERROR    | trading_bot | Error updating CSV for USDCAD: Cannot compare tz-naive and tz-aware timestamps
2026-09-05 22:44:05 | ERROR    | trading_bot | Error updating CSV for AUDCAD: Cannot compare tz-naive and tz-aware timestamps
2026-09-05 22:46:02 | ERROR    | trading_bot | Error updating CSV for USDJPY: Cannot compare tz-naive and tz-aware timestamps
2026-09-05 22:46:03 | ERROR    | trading_bot | Error updating CSV for USDCAD: Cannot compare tz-naive and tz-aware timestamps
2026-09-05 22:46:04 | ERROR    | trading_bot | Error updating CSV for AUDCAD: Cannot compare tz-naive and tz-aware timestamps
2026-09-05 22:48:01 | ERROR    | trading_bot | Error updating CSV for USDJPY: Cannot compare tz-naive and tz-aware timestamps
2026-09-05 22:48:02 | ERROR    | trading_bot | Error updating CSV for USDCAD: Cannot compare tz-naive and tz-aware timestamps
2026-09-05 22:48:04 | ERROR    | trading_bot | Error updating CSV for AUDCAD: Cannot compare tz-naive and tz-aware timestamps
2026-09-05 22:50:00 | ERROR    | trading_bot | Error updating CSV for USDJPY: Cannot compare tz-naive and tz-aware timestamps
2026-09-05 22:50:02 | ERROR    | trading_bot | Error updating CSV for USDCAD: Cannot compare tz-naive and tz-aware timestamps
2026-09-05 22:50:03 | ERROR    | trading_bot | Error updating CSV for AUDCAD: Cannot compare tz-naive and tz-aware timestamps
2026-09-05 22:52:01 | ERROR    | trading_bot | Error updating CSV for USDJPY: Cannot compare tz-naive and tz-aware timestamps
2026-09-05 22:52:03 | ERROR    | trading_bot | Error updating CSV for USDCAD: Cannot compare tz-naive and tz-aware timestamps
2026-09-05 22:52:05 | ERROR    | trading_bot | Error updating CSV for AUDCAD: Cannot compare tz-naive and tz-aware timestamps
2026-09-05 22:54:03 | ERROR    | trading_bot | Error updating CSV for USDJPY: Cannot compare tz-naive and tz-aware timestamps
2026-09-05 22:54:05 | ERROR    | trading_bot | Error updating CSV for USDCAD: Cannot compare tz-naive and tz-aware timestamps
2026-09-05 22:54:07 | ERROR    | trading_bot | Error updating CSV for AUDCAD: Cannot compare tz-naive and tz-aware timestamps
2026-09-05 22:56:02 | ERROR    | trading_bot | Error updating CSV for USDJPY: Cannot compare tz-naive and tz-aware timestamps
2026-09-05 22:56:04 | ERROR    | trading_bot | Error updating CSV for USDCAD: Cannot compare tz-naive and tz-aware timestamps
2026-09-05 22:56:05 | ERROR    | trading_bot | Error updating CSV for AUDCAD: Cannot compare tz-naive and tz-aware timestamps
2026-09-05 22:58:04 | ERROR    | trading_bot | Error updating CSV for USDJPY: Cannot compare tz-naive and tz-aware timestamps
2026-09-05 22:58:06 | ERROR    | trading_bot | Error updating CSV for USDCAD: Cannot compare tz-naive and tz-aware timestamps
2026-09-05 22:58:09 | ERROR    | trading_bot | Error updating CSV for AUDCAD: Cannot compare tz-naive and tz-aware timestamps
2026-09-05 23:01:03 | ERROR    | trading_bot | Timeout while fetching candles for USDJPY
2026-09-05 23:08:58 | ERROR    | trading_bot | Error updating CSV for AUDCAD: Cannot compare tz-naive and tz-aware timestamps
2026-09-05 23:08:59 | ERROR    | trading_bot | Error updating CSV for EURGBP: Cannot compare tz-naive and tz-aware timestamps
2026-09-05 23:08:59 | ERROR    | trading_bot | Error updating CSV for EURGBP: Cannot compare tz-naive and tz-aware timestamps
2026-09-05 23:09:01 | ERROR    | trading_bot | Order rejected for EURGBP. Possible suspension. Triggering rotation.
2026-09-05 23:18:02 | ERROR    | trading_bot | Error updating CSV for USDCAD: Cannot compare tz-naive and tz-aware timestamps
2026-09-05 23:18:05 | ERROR    | trading_bot | Error updating CSV for AUDCAD: Cannot compare tz-naive and tz-aware timestamps
2026-09-05 23:18:06 | ERROR    | trading_bot | Error updating CSV for EURAUD: Cannot compare tz-naive and tz-aware timestamps
2026-09-05 23:18:08 | ERROR    | trading_bot | Error updating CSV for EURAUD: Cannot compare tz-naive and tz-aware timestamps
2026-09-05 23:20:01 | ERROR    | trading_bot | Error updating CSV for USDCAD: Cannot compare tz-naive and tz-aware timestamps
2026-09-05 23:20:02 | ERROR    | trading_bot | Error updating CSV for AUDCAD: Cannot compare tz-naive and tz-aware timestamps
2026-09-05 23:20:04 | ERROR    | trading_bot | Error updating CSV for EURAUD: Cannot compare tz-naive and tz-aware timestamps
2026-09-05 23:20:05 | ERROR    | trading_bot | Error updating CSV for EURAUD: Cannot compare tz-naive and tz-aware timestamps
2026-09-05 23:22:01 | ERROR    | trading_bot | Error updating CSV for USDCAD: Cannot compare tz-naive and tz-aware timestamps
2026-09-05 23:22:02 | ERROR    | trading_bot | Error updating CSV for AUDCAD: Cannot compare tz-naive and tz-aware timestamps
2026-09-05 23:22:03 | ERROR    | trading_bot | Error updating CSV for EURAUD: Cannot compare tz-naive and tz-aware timestamps
2026-09-05 23:22:04 | ERROR    | trading_bot | Error updating CSV for EURAUD: Cannot compare tz-naive and tz-aware timestamps
2026-09-05 23:24:02 | ERROR    | trading_bot | Error updating CSV for USDCAD: Cannot compare tz-naive and tz-aware timestamps
2026-09-05 23:24:03 | ERROR    | trading_bot | Error updating CSV for AUDCAD: Cannot compare tz-naive and tz-aware timestamps
2026-09-05 23:24:05 | ERROR    | trading_bot | Error updating CSV for EURAUD: Cannot compare tz-naive and tz-aware timestamps
2026-09-05 23:24:07 | ERROR    | trading_bot | Error updating CSV for EURAUD: Cannot compare tz-naive and tz-aware timestamps
2026-09-05 23:26:01 | ERROR    | trading_bot | Error updating CSV for USDCAD: Cannot compare tz-naive and tz-aware timestamps
2026-09-05 23:26:01 | ERROR    | trading_bot | Error updating CSV for AUDCAD: Cannot compare tz-naive and tz-aware timestamps
2026-09-05 23:26:02 | ERROR    | trading_bot | Error updating CSV for EURAUD: Cannot compare tz-naive and tz-aware timestamps
2026-09-05 23:26:03 | ERROR    | trading_bot | Error updating CSV for EURAUD: Cannot compare tz-naive and tz-aware timestamps
2026-09-05 23:28:01 | ERROR    | trading_bot | Error updating CSV for USDCAD: Cannot compare tz-naive and tz-aware timestamps
2026-09-05 23:28:02 | ERROR    | trading_bot | Error updating CSV for AUDCAD: Cannot compare tz-naive and tz-aware timestamps
2026-09-05 23:28:03 | ERROR    | trading_bot | Error updating CSV for EURAUD: Cannot compare tz-naive and tz-aware timestamps
2026-09-05 23:28:04 | ERROR    | trading_bot | Error updating CSV for EURAUD: Cannot compare tz-naive and tz-aware timestamps
2026-09-05 23:30:02 | ERROR    | trading_bot | Error updating CSV for USDCAD: Cannot compare tz-naive and tz-aware timestamps
2026-09-05 23:30:03 | ERROR    | trading_bot | Error updating CSV for AUDCAD: Cannot compare tz-naive and tz-aware timestamps
2026-09-05 23:30:04 | ERROR    | trading_bot | Error updating CSV for EURAUD: Cannot compare tz-naive and tz-aware timestamps
2026-09-05 23:30:05 | ERROR    | trading_bot | Error updating CSV for EURAUD: Cannot compare tz-naive and tz-aware timestamps
2026-09-05 23:32:03 | ERROR    | trading_bot | Error updating CSV for USDCAD: Cannot compare tz-naive and tz-aware timestamps
2026-09-05 23:32:05 | ERROR    | trading_bot | Error updating CSV for AUDCAD: Cannot compare tz-naive and tz-aware timestamps
2026-09-05 23:32:07 | ERROR    | trading_bot | Error updating CSV for EURAUD: Cannot compare tz-naive and tz-aware timestamps
2026-09-05 23:32:08 | ERROR    | trading_bot | Error updating CSV for EURAUD: Cannot compare tz-naive and tz-aware timestamps
2026-09-05 23:34:01 | ERROR    | trading_bot | Error updating CSV for USDCAD: Cannot compare tz-naive and tz-aware timestamps
2026-09-05 23:34:04 | ERROR    | trading_bot | Error updating CSV for AUDCAD: Cannot compare tz-naive and tz-aware timestamps
2026-09-05 23:34:09 | ERROR    | trading_bot | Error updating CSV for EURAUD: Cannot compare tz-naive and tz-aware timestamps
2026-09-05 23:34:10 | ERROR    | trading_bot | Error updating CSV for EURAUD: Cannot compare tz-naive and tz-aware timestamps
2026-09-07 05:20:07 | ERROR    | trading_bot | Timeout while fetching candles for USDCAD
2026-09-07 09:30:37 | ERROR    | trading_bot | Error updating CSV for USDCAD: Cannot compare tz-naive and tz-aware timestamps
2026-09-07 09:30:39 | ERROR    | trading_bot | Error updating CSV for AUDCAD: Cannot compare tz-naive and tz-aware timestamps
2026-09-07 09:30:40 | ERROR    | trading_bot | Error updating CSV for EURGBP: Cannot compare tz-naive and tz-aware timestamps
2026-09-07 09:30:42 | ERROR    | trading_bot | Error updating CSV for EURAUD: Cannot compare tz-naive and tz-aware timestamps
2026-09-07 09:30:45 | ERROR    | trading_bot | Order rejected for EURAUD. Possible suspension. Triggering rotation.
2026-09-07 09:47:56 | ERROR    | trading_bot | Error updating CSV for USDCAD: Cannot compare tz-naive and tz-aware timestamps
2026-09-07 09:47:58 | ERROR    | trading_bot | Error updating CSV for AUDCAD: Cannot compare tz-naive and tz-aware timestamps
2026-09-07 09:47:59 | ERROR    | trading_bot | Error updating CSV for EURGBP: Cannot compare tz-naive and tz-aware timestamps
2026-09-07 09:48:00 | ERROR    | trading_bot | Error updating CSV for EURGBP: Cannot compare tz-naive and tz-aware timestamps
2026-09-07 09:48:03 | ERROR    | trading_bot | Order rejected for EURGBP. Possible suspension. Triggering rotation.
2026-09-07 09:48:40 | ERROR    | trading_bot | Failed to fetch data for USDJPY.
2026-09-07 09:50:02 | ERROR    | trading_bot | Error updating CSV for USDCAD: Cannot compare tz-naive and tz-aware timestamps
2026-09-07 09:50:03 | ERROR    | trading_bot | Error updating CSV for AUDCAD: Cannot compare tz-naive and tz-aware timestamps
2026-09-07 09:50:04 | ERROR    | trading_bot | Error updating CSV for EURGBP: Cannot compare tz-naive and tz-aware timestamps
2026-09-07 09:50:05 | ERROR    | trading_bot | Error updating CSV for EURGBP: Cannot compare tz-naive and tz-aware timestamps
2026-09-07 09:52:01 | ERROR    | trading_bot | Error updating CSV for USDCAD: Cannot compare tz-naive and tz-aware timestamps
2026-09-07 09:52:03 | ERROR    | trading_bot | Error updating CSV for AUDCAD: Cannot compare tz-naive and tz-aware timestamps
2026-09-07 09:52:04 | ERROR    | trading_bot | Error updating CSV for EURGBP: Cannot compare tz-naive and tz-aware timestamps
2026-09-07 09:52:06 | ERROR    | trading_bot | Error updating CSV for EURGBP: Cannot compare tz-naive and tz-aware timestamps
2026-09-07 09:54:05 | ERROR    | trading_bot | Error updating CSV for USDCAD: Cannot compare tz-naive and tz-aware timestamps
2026-09-07 09:54:09 | ERROR    | trading_bot | Error updating CSV for AUDCAD: Cannot compare tz-naive and tz-aware timestamps
2026-09-07 09:54:21 | ERROR    | trading_bot | Timeout while fetching candles for EURGBP
2026-09-07 09:55:44 | ERROR    | trading_bot | Failed to fetch data for USDJPY.
2026-09-07 09:55:46 | ERROR    | trading_bot | Error updating CSV for EURGBP: Cannot compare tz-naive and tz-aware timestamps
2026-09-07 09:55:51 | ERROR    | trading_bot | Order rejected for EURGBP. Possible suspension. Triggering rotation.
2026-09-07 10:03:01 | ERROR    | trading_bot | LSTM training failed for USDJPY.
2026-09-07 10:04:04 | ERROR    | trading_bot | Error updating CSV for USDCAD: Cannot compare tz-naive and tz-aware timestamps
2026-09-07 10:04:05 | ERROR    | trading_bot | Error updating CSV for AUDCAD: Cannot compare tz-naive and tz-aware timestamps
2026-09-07 10:04:06 | ERROR    | trading_bot | Error updating CSV for EURGBP: Cannot compare tz-naive and tz-aware timestamps
2026-09-07 10:04:07 | ERROR    | trading_bot | Error updating CSV for EURGBP: Cannot compare tz-naive and tz-aware timestamps
2026-09-07 10:06:14 | ERROR    | trading_bot | Timeout while fetching candles for USDCAD
2026-09-07 10:13:25 | ERROR    | trading_bot | Error updating CSV for EURGBP: Cannot compare tz-naive and tz-aware timestamps
2026-09-07 10:13:26 | ERROR    | trading_bot | Error updating CSV for EURGBP: Cannot compare tz-naive and tz-aware timestamps
2026-09-07 10:13:27 | ERROR    | trading_bot | Error updating CSV for USDJPY: Cannot compare tz-naive and tz-aware timestamps
2026-09-07 10:13:29 | ERROR    | trading_bot | Error updating CSV for USDJPY: Cannot compare tz-naive and tz-aware timestamps
2026-09-07 10:15:32 | ERROR    | trading_bot | Error updating CSV for AUDCAD: Cannot compare tz-naive and tz-aware timestamps
2026-09-07 10:15:33 | ERROR    | trading_bot | Error updating CSV for EURGBP: Cannot compare tz-naive and tz-aware timestamps
2026-09-07 10:15:35 | ERROR    | trading_bot | Error updating CSV for EURGBP: Cannot compare tz-naive and tz-aware timestamps
2026-09-07 10:15:36 | ERROR    | trading_bot | Error updating CSV for USDJPY: Cannot compare tz-naive and tz-aware timestamps
2026-09-07 10:15:37 | ERROR    | trading_bot | Error updating CSV for USDJPY: Cannot compare tz-naive and tz-aware timestamps
2026-09-07 10:17:42 | ERROR    | trading_bot | Error updating CSV for AUDCAD: Cannot compare tz-naive and tz-aware timestamps
2026-09-07 10:17:43 | ERROR    | trading_bot | Error updating CSV for EURGBP: Cannot compare tz-naive and tz-aware timestamps
2026-09-07 10:17:45 | ERROR    | trading_bot | Error updating CSV for EURGBP: Cannot compare tz-naive and tz-aware timestamps
2026-09-07 10:17:46 | ERROR    | trading_bot | Error updating CSV for USDJPY: Cannot compare tz-naive and tz-aware timestamps
2026-09-07 10:17:47 | ERROR    | trading_bot | Error updating CSV for USDJPY: Cannot compare tz-naive and tz-aware timestamps
2026-09-07 10:17:48 | ERROR    | trading_bot | Order rejected for EURGBP. Possible suspension. Triggering rotation.
2026-09-07 10:26:01 | ERROR    | trading_bot | Error updating CSV for AUDCAD: Cannot compare tz-naive and tz-aware timestamps
2026-09-07 10:26:02 | ERROR    | trading_bot | Error updating CSV for USDJPY: Cannot compare tz-naive and tz-aware timestamps
2026-09-07 10:26:03 | ERROR    | trading_bot | Error updating CSV for USDJPY: Cannot compare tz-naive and tz-aware timestamps
2026-09-07 10:26:04 | ERROR    | trading_bot | Error updating CSV for USDJPY: Cannot compare tz-naive and tz-aware timestamps
2026-09-07 10:28:01 | ERROR    | trading_bot | Error updating CSV for AUDCAD: Cannot compare tz-naive and tz-aware timestamps
2026-09-07 10:28:02 | ERROR    | trading_bot | Error updating CSV for USDJPY: Cannot compare tz-naive and tz-aware timestamps
2026-09-07 10:28:03 | ERROR    | trading_bot | Error updating CSV for USDJPY: Cannot compare tz-naive and tz-aware timestamps
2026-09-07 10:28:04 | ERROR    | trading_bot | Error updating CSV for USDJPY: Cannot compare tz-naive and tz-aware timestamps
2026-09-07 10:30:02 | ERROR    | trading_bot | Error updating CSV for AUDCAD: Cannot compare tz-naive and tz-aware timestamps
2026-09-07 10:30:03 | ERROR    | trading_bot | Error updating CSV for USDJPY: Cannot compare tz-naive and tz-aware timestamps
2026-09-07 10:30:04 | ERROR    | trading_bot | Error updating CSV for USDJPY: Cannot compare tz-naive and tz-aware timestamps
2026-09-07 10:30:05 | ERROR    | trading_bot | Error updating CSV for USDJPY: Cannot compare tz-naive and tz-aware timestamps
2026-09-07 10:32:01 | ERROR    | trading_bot | Error updating CSV for AUDCAD: Cannot compare tz-naive and tz-aware timestamps
2026-09-07 10:32:02 | ERROR    | trading_bot | Error updating CSV for USDJPY: Cannot compare tz-naive and tz-aware timestamps
2026-09-07 10:32:03 | ERROR    | trading_bot | Error updating CSV for USDJPY: Cannot compare tz-naive and tz-aware timestamps
2026-09-07 10:32:04 | ERROR    | trading_bot | Error updating CSV for USDJPY: Cannot compare tz-naive and tz-aware timestamps
2026-09-07 10:34:08 | ERROR    | trading_bot | Error updating CSV for AUDCAD: Cannot compare tz-naive and tz-aware timestamps
2026-09-07 10:34:12 | ERROR    | trading_bot | Error updating CSV for USDJPY: Cannot compare tz-naive and tz-aware timestamps
2026-09-07 10:34:14 | ERROR    | trading_bot | Error updating CSV for USDJPY: Cannot compare tz-naive and tz-aware timestamps
2026-09-07 10:34:16 | ERROR    | trading_bot | Error updating CSV for USDJPY: Cannot compare tz-naive and tz-aware timestamps
2026-09-07 10:36:01 | ERROR    | trading_bot | Error updating CSV for AUDCAD: Cannot compare tz-naive and tz-aware timestamps
2026-09-07 10:36:02 | ERROR    | trading_bot | Error updating CSV for USDJPY: Cannot compare tz-naive and tz-aware timestamps
2026-09-07 10:36:03 | ERROR    | trading_bot | Error updating CSV for USDJPY: Cannot compare tz-naive and tz-aware timestamps
2026-09-07 10:36:04 | ERROR    | trading_bot | Error updating CSV for USDJPY: Cannot compare tz-naive and tz-aware timestamps
2026-09-07 10:38:18 | ERROR    | trading_bot | Timeout while fetching candles for AUDCAD
2026-09-07 10:45:17 | ERROR    | trading_bot | Error updating CSV for USDJPY: Cannot compare tz-naive and tz-aware timestamps
2026-09-07 10:45:18 | ERROR    | trading_bot | Error updating CSV for USDJPY: Cannot compare tz-naive and tz-aware timestamps
2026-09-07 10:45:19 | ERROR    | trading_bot | Error updating CSV for USDJPY: Cannot compare tz-naive and tz-aware timestamps
2026-09-07 10:47:22 | ERROR    | trading_bot | Error updating CSV for USDJPY: Cannot compare tz-naive and tz-aware timestamps
2026-09-07 10:47:23 | ERROR    | trading_bot | Error updating CSV for USDJPY: Cannot compare tz-naive and tz-aware timestamps
2026-09-07 10:47:24 | ERROR    | trading_bot | Error updating CSV for USDJPY: Cannot compare tz-naive and tz-aware timestamps
2026-09-07 10:47:25 | ERROR    | trading_bot | Error updating CSV for USDJPY: Cannot compare tz-naive and tz-aware timestamps
2026-09-07 10:49:28 | ERROR    | trading_bot | Error updating CSV for USDJPY: Cannot compare tz-naive and tz-aware timestamps
2026-09-07 10:49:29 | ERROR    | trading_bot | Error updating CSV for USDJPY: Cannot compare tz-naive and tz-aware timestamps
2026-09-07 10:49:30 | ERROR    | trading_bot | Error updating CSV for USDJPY: Cannot compare tz-naive and tz-aware timestamps
2026-09-07 10:49:31 | ERROR    | trading_bot | Error updating CSV for USDJPY: Cannot compare tz-naive and tz-aware timestamps
2026-09-07 10:51:34 | ERROR    | trading_bot | Error updating CSV for USDJPY: Cannot compare tz-naive and tz-aware timestamps
2026-09-07 10:51:35 | ERROR    | trading_bot | Error updating CSV for USDJPY: Cannot compare tz-naive and tz-aware timestamps
2026-09-07 10:51:36 | ERROR    | trading_bot | Error updating CSV for USDJPY: Cannot compare tz-naive and tz-aware timestamps
2026-09-07 10:51:37 | ERROR    | trading_bot | Error updating CSV for USDJPY: Cannot compare tz-naive and tz-aware timestamps
2026-09-07 10:53:41 | ERROR    | trading_bot | Error updating CSV for USDJPY: Cannot compare tz-naive and tz-aware timestamps
2026-09-07 10:53:42 | ERROR    | trading_bot | Error updating CSV for USDJPY: Cannot compare tz-naive and tz-aware timestamps
2026-09-07 10:53:43 | ERROR    | trading_bot | Error updating CSV for USDJPY: Cannot compare tz-naive and tz-aware timestamps
2026-09-07 10:53:44 | ERROR    | trading_bot | Error updating CSV for USDJPY: Cannot compare tz-naive and tz-aware timestamps
2026-09-07 10:55:47 | ERROR    | trading_bot | Error updating CSV for USDJPY: Cannot compare tz-naive and tz-aware timestamps
2026-09-07 10:55:48 | ERROR    | trading_bot | Error updating CSV for USDJPY: Cannot compare tz-naive and tz-aware timestamps
2026-09-07 10:55:49 | ERROR    | trading_bot | Error updating CSV for USDJPY: Cannot compare tz-naive and tz-aware timestamps
2026-09-07 10:55:50 | ERROR    | trading_bot | Error updating CSV for USDJPY: Cannot compare tz-naive and tz-aware timestamps
2026-09-07 10:55:51 | ERROR    | trading_bot | Order rejected for USDJPY. Possible suspension. Triggering rotation.
2026-09-07 11:04:01 | ERROR    | trading_bot | Error updating CSV for USDJPY: Cannot compare tz-naive and tz-aware timestamps
2026-09-07 11:04:02 | ERROR    | trading_bot | Error updating CSV for USDJPY: Cannot compare tz-naive and tz-aware timestamps
2026-09-07 11:04:03 | ERROR    | trading_bot | Error updating CSV for AUDUSD: Cannot compare tz-naive and tz-aware timestamps
2026-09-07 11:04:04 | ERROR    | trading_bot | Error updating CSV for AUDUSD: Cannot compare tz-naive and tz-aware timestamps
2026-09-07 11:04:05 | ERROR    | trading_bot | Order rejected for AUDUSD. Possible suspension. Triggering rotation.
2026-09-07 11:11:55 | ERROR    | trading_bot | Error updating CSV for USDJPY: Cannot compare tz-naive and tz-aware timestamps
2026-09-07 11:11:56 | ERROR    | trading_bot | Error updating CSV for USDJPY: Cannot compare tz-naive and tz-aware timestamps
2026-09-07 11:11:57 | ERROR    | trading_bot | Error updating CSV for NZDUSD: Cannot compare tz-naive and tz-aware timestamps
2026-09-07 11:11:58 | ERROR    | trading_bot | Error updating CSV for NZDUSD: Cannot compare tz-naive and tz-aware timestamps
2026-09-07 11:14:01 | ERROR    | trading_bot | Error updating CSV for USDJPY: Cannot compare tz-naive and tz-aware timestamps
2026-09-07 11:14:02 | ERROR    | trading_bot | Error updating CSV for USDJPY: Cannot compare tz-naive and tz-aware timestamps
2026-09-07 11:14:04 | ERROR    | trading_bot | Error updating CSV for NZDUSD: Cannot compare tz-naive and tz-aware timestamps
2026-09-07 11:14:05 | ERROR    | trading_bot | Error updating CSV for NZDUSD: Cannot compare tz-naive and tz-aware timestamps
2026-09-07 11:16:03 | ERROR    | trading_bot | Error updating CSV for USDJPY: Cannot compare tz-naive and tz-aware timestamps
2026-09-07 11:16:05 | ERROR    | trading_bot | Error updating CSV for USDJPY: Cannot compare tz-naive and tz-aware timestamps
2026-09-07 11:16:06 | ERROR    | trading_bot | Error updating CSV for NZDUSD: Cannot compare tz-naive and tz-aware timestamps
2026-09-07 11:16:08 | ERROR    | trading_bot | Error updating CSV for NZDUSD: Cannot compare tz-naive and tz-aware timestamps
2026-09-07 11:18:02 | ERROR    | trading_bot | Error updating CSV for USDJPY: Cannot compare tz-naive and tz-aware timestamps
2026-09-07 11:18:04 | ERROR    | trading_bot | Error updating CSV for USDJPY: Cannot compare tz-naive and tz-aware timestamps
2026-09-07 11:18:05 | ERROR    | trading_bot | Error updating CSV for NZDUSD: Cannot compare tz-naive and tz-aware timestamps
2026-09-07 11:18:07 | ERROR    | trading_bot | Error updating CSV for NZDUSD: Cannot compare tz-naive and tz-aware timestamps
2026-09-07 11:20:02 | ERROR    | trading_bot | Error updating CSV for USDJPY: Cannot compare tz-naive and tz-aware timestamps
2026-09-07 11:20:03 | ERROR    | trading_bot | Error updating CSV for USDJPY: Cannot compare tz-naive and tz-aware timestamps
2026-09-07 11:20:04 | ERROR    | trading_bot | Error updating CSV for NZDUSD: Cannot compare tz-naive and tz-aware timestamps
2026-09-07 11:20:05 | ERROR    | trading_bot | Error updating CSV for NZDUSD: Cannot compare tz-naive and tz-aware timestamps
2026-09-07 11:22:02 | ERROR    | trading_bot | Error updating CSV for USDJPY: Cannot compare tz-naive and tz-aware timestamps
2026-09-07 11:22:05 | ERROR    | trading_bot | Error updating CSV for USDJPY: Cannot compare tz-naive and tz-aware timestamps
2026-09-07 11:22:07 | ERROR    | trading_bot | Error updating CSV for NZDUSD: Cannot compare tz-naive and tz-aware timestamps
2026-09-07 11:22:09 | ERROR    | trading_bot | Error updating CSV for NZDUSD: Cannot compare tz-naive and tz-aware timestamps
2026-09-07 11:24:01 | ERROR    | trading_bot | Error updating CSV for USDJPY: Cannot compare tz-naive and tz-aware timestamps
2026-09-07 11:24:03 | ERROR    | trading_bot | Error updating CSV for USDJPY: Cannot compare tz-naive and tz-aware timestamps
2026-09-07 11:24:04 | ERROR    | trading_bot | Error updating CSV for NZDUSD: Cannot compare tz-naive and tz-aware timestamps
2026-09-07 11:24:05 | ERROR    | trading_bot | Error updating CSV for NZDUSD: Cannot compare tz-naive and tz-aware timestamps
2026-09-07 11:26:01 | ERROR    | trading_bot | Error updating CSV for USDJPY: Cannot compare tz-naive and tz-aware timestamps
2026-09-07 11:26:03 | ERROR    | trading_bot | Error updating CSV for USDJPY: Cannot compare tz-naive and tz-aware timestamps
2026-09-07 11:26:04 | ERROR    | trading_bot | Error updating CSV for NZDUSD: Cannot compare tz-naive and tz-aware timestamps
2026-09-07 11:26:05 | ERROR    | trading_bot | Error updating CSV for NZDUSD: Cannot compare tz-naive and tz-aware timestamps
2026-09-07 11:28:02 | ERROR    | trading_bot | Error updating CSV for USDJPY: Cannot compare tz-naive and tz-aware timestamps
2026-09-07 11:28:04 | ERROR    | trading_bot | Error updating CSV for USDJPY: Cannot compare tz-naive and tz-aware timestamps
2026-09-07 11:28:06 | ERROR    | trading_bot | Error updating CSV for NZDUSD: Cannot compare tz-naive and tz-aware timestamps
2026-09-07 11:28:07 | ERROR    | trading_bot | Error updating CSV for NZDUSD: Cannot compare tz-naive and tz-aware timestamps
2026-09-07 11:30:05 | ERROR    | trading_bot | Error updating CSV for USDJPY: Cannot compare tz-naive and tz-aware timestamps
2026-09-07 11:30:06 | ERROR    | trading_bot | Error updating CSV for USDJPY: Cannot compare tz-naive and tz-aware timestamps
2026-09-07 11:30:07 | ERROR    | trading_bot | Error updating CSV for NZDUSD: Cannot compare tz-naive and tz-aware timestamps
2026-09-07 11:30:09 | ERROR    | trading_bot | Error updating CSV for NZDUSD: Cannot compare tz-naive and tz-aware timestamps
2026-09-07 11:32:08 | ERROR    | trading_bot | Error updating CSV for USDJPY: Cannot compare tz-naive and tz-aware timestamps
2026-09-07 11:32:10 | ERROR    | trading_bot | Error updating CSV for USDJPY: Cannot compare tz-naive and tz-aware timestamps
2026-09-07 11:32:11 | ERROR    | trading_bot | Error updating CSV for NZDUSD: Cannot compare tz-naive and tz-aware timestamps
2026-09-07 11:32:12 | ERROR    | trading_bot | Error updating CSV for NZDUSD: Cannot compare tz-naive and tz-aware timestamps
2026-09-07 11:34:02 | ERROR    | trading_bot | Error updating CSV for USDJPY: Cannot compare tz-naive and tz-aware timestamps
2026-09-07 11:34:04 | ERROR    | trading_bot | Error updating CSV for USDJPY: Cannot compare tz-naive and tz-aware timestamps
2026-09-07 11:34:06 | ERROR    | trading_bot | Error updating CSV for NZDUSD: Cannot compare tz-naive and tz-aware timestamps
2026-09-07 11:34:07 | ERROR    | trading_bot | Error updating CSV for NZDUSD: Cannot compare tz-naive and tz-aware timestamps
2026-09-07 11:36:05 | ERROR    | trading_bot | Error updating CSV for USDJPY: Cannot compare tz-naive and tz-aware timestamps
2026-09-07 11:36:09 | ERROR    | trading_bot | Error updating CSV for USDJPY: Cannot compare tz-naive and tz-aware timestamps
2026-09-07 11:36:12 | ERROR    | trading_bot | Error updating CSV for NZDUSD: Cannot compare tz-naive and tz-aware timestamps
2026-09-07 11:36:14 | ERROR    | trading_bot | Error updating CSV for NZDUSD: Cannot compare tz-naive and tz-aware timestamps
2026-09-07 11:38:02 | ERROR    | trading_bot | Error updating CSV for USDJPY: Cannot compare tz-naive and tz-aware timestamps
2026-09-07 11:38:03 | ERROR    | trading_bot | Error updating CSV for USDJPY: Cannot compare tz-naive and tz-aware timestamps
2026-09-07 11:38:05 | ERROR    | trading_bot | Error updating CSV for NZDUSD: Cannot compare tz-naive and tz-aware timestamps
2026-09-07 11:38:07 | ERROR    | trading_bot | Error updating CSV for NZDUSD: Cannot compare tz-naive and tz-aware timestamps
2026-09-07 11:40:02 | ERROR    | trading_bot | Error updating CSV for USDJPY: Cannot compare tz-naive and tz-aware timestamps
2026-09-07 11:40:04 | ERROR    | trading_bot | Error updating CSV for USDJPY: Cannot compare tz-naive and tz-aware timestamps
2026-09-07 11:40:05 | ERROR    | trading_bot | Error updating CSV for NZDUSD: Cannot compare tz-naive and tz-aware timestamps
2026-09-07 11:40:07 | ERROR    | trading_bot | Error updating CSV for NZDUSD: Cannot compare tz-naive and tz-aware timestamps
2026-09-07 11:42:01 | ERROR    | trading_bot | Error updating CSV for USDJPY: Cannot compare tz-naive and tz-aware timestamps
2026-09-07 11:42:03 | ERROR    | trading_bot | Error updating CSV for USDJPY: Cannot compare tz-naive and tz-aware timestamps
2026-09-07 11:42:04 | ERROR    | trading_bot | Error updating CSV for NZDUSD: Cannot compare tz-naive and tz-aware timestamps
2026-09-07 11:42:06 | ERROR    | trading_bot | Error updating CSV for NZDUSD: Cannot compare tz-naive and tz-aware timestamps
2026-09-07 11:44:01 | ERROR    | trading_bot | Error updating CSV for USDJPY: Cannot compare tz-naive and tz-aware timestamps
2026-09-07 11:44:03 | ERROR    | trading_bot | Error updating CSV for USDJPY: Cannot compare tz-naive and tz-aware timestamps
2026-09-07 11:44:04 | ERROR    | trading_bot | Error updating CSV for NZDUSD: Cannot compare tz-naive and tz-aware timestamps
2026-09-07 11:44:06 | ERROR    | trading_bot | Error updating CSV for NZDUSD: Cannot compare tz-naive and tz-aware timestamps
2026-09-07 11:46:02 | ERROR    | trading_bot | Error updating CSV for USDJPY: Cannot compare tz-naive and tz-aware timestamps
2026-09-07 11:46:03 | ERROR    | trading_bot | Error updating CSV for USDJPY: Cannot compare tz-naive and tz-aware timestamps
2026-09-07 11:46:05 | ERROR    | trading_bot | Error updating CSV for NZDUSD: Cannot compare tz-naive and tz-aware timestamps
2026-09-07 11:46:10 | ERROR    | trading_bot | Error updating CSV for NZDUSD: Cannot compare tz-naive and tz-aware timestamps
2026-09-07 11:48:01 | ERROR    | trading_bot | Error updating CSV for USDJPY: Cannot compare tz-naive and tz-aware timestamps
2026-09-07 11:48:03 | ERROR    | trading_bot | Error updating CSV for USDJPY: Cannot compare tz-naive and tz-aware timestamps
2026-09-07 11:48:04 | ERROR    | trading_bot | Error updating CSV for NZDUSD: Cannot compare tz-naive and tz-aware timestamps
2026-09-07 11:48:06 | ERROR    | trading_bot | Error updating CSV for NZDUSD: Cannot compare tz-naive and tz-aware timestamps
2026-09-07 11:50:01 | ERROR    | trading_bot | Error updating CSV for USDJPY: Cannot compare tz-naive and tz-aware timestamps
2026-09-07 11:50:03 | ERROR    | trading_bot | Error updating CSV for USDJPY: Cannot compare tz-naive and tz-aware timestamps
2026-09-07 11:50:05 | ERROR    | trading_bot | Error updating CSV for NZDUSD: Cannot compare tz-naive and tz-aware timestamps
2026-09-07 11:50:06 | ERROR    | trading_bot | Error updating CSV for NZDUSD: Cannot compare tz-naive and tz-aware timestamps
2026-09-07 11:52:01 | ERROR    | trading_bot | Error updating CSV for USDJPY: Cannot compare tz-naive and tz-aware timestamps
2026-09-07 11:52:03 | ERROR    | trading_bot | Error updating CSV for USDJPY: Cannot compare tz-naive and tz-aware timestamps
2026-09-07 11:52:04 | ERROR    | trading_bot | Error updating CSV for NZDUSD: Cannot compare tz-naive and tz-aware timestamps
2026-09-07 11:52:05 | ERROR    | trading_bot | Error updating CSV for NZDUSD: Cannot compare tz-naive and tz-aware timestamps
2026-09-07 11:54:02 | ERROR    | trading_bot | Error updating CSV for USDJPY: Cannot compare tz-naive and tz-aware timestamps
2026-09-07 11:54:03 | ERROR    | trading_bot | Error updating CSV for USDJPY: Cannot compare tz-naive and tz-aware timestamps
2026-09-07 11:54:05 | ERROR    | trading_bot | Error updating CSV for NZDUSD: Cannot compare tz-naive and tz-aware timestamps
2026-09-07 11:54:07 | ERROR    | trading_bot | Error updating CSV for NZDUSD: Cannot compare tz-naive and tz-aware timestamps
2026-09-07 11:56:02 | ERROR    | trading_bot | Error updating CSV for USDJPY: Cannot compare tz-naive and tz-aware timestamps
2026-09-07 11:56:03 | ERROR    | trading_bot | Error updating CSV for USDJPY: Cannot compare tz-naive and tz-aware timestamps
2026-09-07 11:56:04 | ERROR    | trading_bot | Error updating CSV for NZDUSD: Cannot compare tz-naive and tz-aware timestamps
2026-09-07 11:56:05 | ERROR    | trading_bot | Error updating CSV for NZDUSD: Cannot compare tz-naive and tz-aware timestamps
2026-09-07 11:58:02 | ERROR    | trading_bot | Error updating CSV for USDJPY: Cannot compare tz-naive and tz-aware timestamps
2026-09-07 11:58:04 | ERROR    | trading_bot | Error updating CSV for USDJPY: Cannot compare tz-naive and tz-aware timestamps
2026-09-07 11:58:06 | ERROR    | trading_bot | Error updating CSV for NZDUSD: Cannot compare tz-naive and tz-aware timestamps
2026-09-07 11:58:08 | ERROR    | trading_bot | Error updating CSV for NZDUSD: Cannot compare tz-naive and tz-aware timestamps
2026-09-07 12:00:01 | ERROR    | trading_bot | Error updating CSV for USDJPY: Cannot compare tz-naive and tz-aware timestamps
2026-09-07 12:00:02 | ERROR    | trading_bot | Error updating CSV for USDJPY: Cannot compare tz-naive and tz-aware timestamps
2026-09-07 12:00:04 | ERROR    | trading_bot | Error updating CSV for NZDUSD: Cannot compare tz-naive and tz-aware timestamps
2026-09-07 12:00:05 | ERROR    | trading_bot | Error updating CSV for NZDUSD: Cannot compare tz-naive and tz-aware timestamps
2026-09-07 12:02:01 | ERROR    | trading_bot | Error updating CSV for USDJPY: Cannot compare tz-naive and tz-aware timestamps
2026-09-07 12:02:03 | ERROR    | trading_bot | Error updating CSV for USDJPY: Cannot compare tz-naive and tz-aware timestamps
2026-09-07 12:02:04 | ERROR    | trading_bot | Error updating CSV for NZDUSD: Cannot compare tz-naive and tz-aware timestamps
2026-09-07 12:02:06 | ERROR    | trading_bot | Error updating CSV for NZDUSD: Cannot compare tz-naive and tz-aware timestamps
2026-09-07 12:04:04 | ERROR    | trading_bot | Error updating CSV for USDJPY: Cannot compare tz-naive and tz-aware timestamps
2026-09-07 12:04:08 | ERROR    | trading_bot | Error updating CSV for USDJPY: Cannot compare tz-naive and tz-aware timestamps
2026-09-07 12:04:11 | ERROR    | trading_bot | Error updating CSV for NZDUSD: Cannot compare tz-naive and tz-aware timestamps
2026-09-07 12:04:15 | ERROR    | trading_bot | Error updating CSV for NZDUSD: Cannot compare tz-naive and tz-aware timestamps
2026-09-07 12:06:02 | ERROR    | trading_bot | Error updating CSV for USDJPY: Cannot compare tz-naive and tz-aware timestamps
2026-09-07 12:06:03 | ERROR    | trading_bot | Error updating CSV for USDJPY: Cannot compare tz-naive and tz-aware timestamps
2026-09-07 12:06:05 | ERROR    | trading_bot | Error updating CSV for NZDUSD: Cannot compare tz-naive and tz-aware timestamps
2026-09-07 12:06:06 | ERROR    | trading_bot | Error updating CSV for NZDUSD: Cannot compare tz-naive and tz-aware timestamps
2026-09-07 12:08:02 | ERROR    | trading_bot | Error updating CSV for USDJPY: Cannot compare tz-naive and tz-aware timestamps
2026-09-07 12:08:03 | ERROR    | trading_bot | Error updating CSV for USDJPY: Cannot compare tz-naive and tz-aware timestamps
2026-09-07 12:08:04 | ERROR    | trading_bot | Error updating CSV for NZDUSD: Cannot compare tz-naive and tz-aware timestamps
2026-09-07 12:08:06 | ERROR    | trading_bot | Error updating CSV for NZDUSD: Cannot compare tz-naive and tz-aware timestamps
2026-09-07 12:10:02 | ERROR    | trading_bot | Error updating CSV for USDJPY: Cannot compare tz-naive and tz-aware timestamps
2026-09-07 12:10:04 | ERROR    | trading_bot | Error updating CSV for USDJPY: Cannot compare tz-naive and tz-aware timestamps
2026-09-07 12:10:05 | ERROR    | trading_bot | Error updating CSV for NZDUSD: Cannot compare tz-naive and tz-aware timestamps
2026-09-07 12:10:07 | ERROR    | trading_bot | Error updating CSV for NZDUSD: Cannot compare tz-naive and tz-aware timestamps
2026-09-07 12:12:03 | ERROR    | trading_bot | Error updating CSV for USDJPY: Cannot compare tz-naive and tz-aware timestamps
2026-09-07 12:12:05 | ERROR    | trading_bot | Error updating CSV for USDJPY: Cannot compare tz-naive and tz-aware timestamps
2026-09-07 12:12:07 | ERROR    | trading_bot | Error updating CSV for NZDUSD: Cannot compare tz-naive and tz-aware timestamps
2026-09-07 12:12:08 | ERROR    | trading_bot | Error updating CSV for NZDUSD: Cannot compare tz-naive and tz-aware timestamps
2026-09-07 12:14:02 | ERROR    | trading_bot | Error updating CSV for USDJPY: Cannot compare tz-naive and tz-aware timestamps
2026-09-07 12:14:03 | ERROR    | trading_bot | Error updating CSV for USDJPY: Cannot compare tz-naive and tz-aware timestamps
2026-09-07 12:14:05 | ERROR    | trading_bot | Error updating CSV for NZDUSD: Cannot compare tz-naive and tz-aware timestamps
2026-09-07 12:14:07 | ERROR    | trading_bot | Error updating CSV for NZDUSD: Cannot compare tz-naive and tz-aware timestamps
2026-09-07 12:16:59 | ERROR    | trading_bot | Error updating CSV for USDJPY: Cannot compare tz-naive and tz-aware timestamps
2026-09-07 12:17:09 | ERROR    | trading_bot | Error updating CSV for USDJPY: Cannot compare tz-naive and tz-aware timestamps
2026-09-07 12:17:27 | ERROR    | trading_bot | Error updating CSV for AUDUSD: Cannot compare tz-naive and tz-aware timestamps
2026-09-07 12:17:30 | ERROR    | trading_bot | Error updating CSV for NZDUSD: Cannot compare tz-naive and tz-aware timestamps
2026-09-07 12:17:57 | ERROR    | trading_bot | Order rejected for AUDUSD. Possible suspension. Triggering rotation.
2026-09-07 12:27:17 | ERROR    | trading_bot | Error updating CSV for USDJPY: Cannot compare tz-naive and tz-aware timestamps
2026-09-07 12:27:20 | ERROR    | trading_bot | Error updating CSV for USDJPY: Cannot compare tz-naive and tz-aware timestamps
2026-09-07 12:27:23 | ERROR    | trading_bot | Error updating CSV for NZDUSD: Cannot compare tz-naive and tz-aware timestamps
2026-09-07 12:27:25 | ERROR    | trading_bot | Error updating CSV for EURGBP: Cannot compare tz-naive and tz-aware timestamps
2026-09-07 12:27:27 | ERROR    | trading_bot | Error updating CSV for EURGBP: Cannot compare tz-naive and tz-aware timestamps
2026-09-07 12:29:32 | ERROR    | trading_bot | Error updating CSV for USDJPY: Cannot compare tz-naive and tz-aware timestamps
2026-09-07 12:29:34 | ERROR    | trading_bot | Error updating CSV for USDJPY: Cannot compare tz-naive and tz-aware timestamps
2026-09-07 12:29:35 | ERROR    | trading_bot | Error updating CSV for NZDUSD: Cannot compare tz-naive and tz-aware timestamps
2026-09-07 12:29:37 | ERROR    | trading_bot | Error updating CSV for EURGBP: Cannot compare tz-naive and tz-aware timestamps
2026-09-07 12:29:38 | ERROR    | trading_bot | Error updating CSV for EURGBP: Cannot compare tz-naive and tz-aware timestamps
2026-09-07 12:31:43 | ERROR    | trading_bot | Error updating CSV for USDJPY: Cannot compare tz-naive and tz-aware timestamps
2026-09-07 12:31:45 | ERROR    | trading_bot | Error updating CSV for USDJPY: Cannot compare tz-naive and tz-aware timestamps
2026-09-07 12:31:46 | ERROR    | trading_bot | Error updating CSV for NZDUSD: Cannot compare tz-naive and tz-aware timestamps
2026-09-07 12:31:48 | ERROR    | trading_bot | Error updating CSV for EURGBP: Cannot compare tz-naive and tz-aware timestamps
2026-09-07 12:31:49 | ERROR    | trading_bot | Error updating CSV for EURGBP: Cannot compare tz-naive and tz-aware timestamps
2026-09-07 12:33:56 | ERROR    | trading_bot | Error updating CSV for USDJPY: Cannot compare tz-naive and tz-aware timestamps
2026-09-07 12:34:01 | ERROR    | trading_bot | Error updating CSV for USDJPY: Cannot compare tz-naive and tz-aware timestamps
2026-09-07 12:34:11 | ERROR    | trading_bot | Timeout while fetching candles for USDJPY
2026-09-07 12:34:14 | ERROR    | trading_bot | Error updating CSV for NZDUSD: Cannot compare tz-naive and tz-aware timestamps
2026-09-07 12:34:16 | ERROR    | trading_bot | Error updating CSV for EURGBP: Cannot compare tz-naive and tz-aware timestamps
2026-09-07 12:34:18 | ERROR    | trading_bot | Error updating CSV for EURGBP: Cannot compare tz-naive and tz-aware timestamps
2026-09-07 12:36:01 | ERROR    | trading_bot | Error updating CSV for USDJPY: Cannot compare tz-naive and tz-aware timestamps
2026-09-07 12:36:02 | ERROR    | trading_bot | Error updating CSV for USDJPY: Cannot compare tz-naive and tz-aware timestamps
2026-09-07 12:36:04 | ERROR    | trading_bot | Error updating CSV for NZDUSD: Cannot compare tz-naive and tz-aware timestamps
2026-09-07 12:36:05 | ERROR    | trading_bot | Error updating CSV for EURGBP: Cannot compare tz-naive and tz-aware timestamps
2026-09-07 12:36:07 | ERROR    | trading_bot | Error updating CSV for EURGBP: Cannot compare tz-naive and tz-aware timestamps
2026-09-07 12:36:08 | ERROR    | trading_bot | Order rejected for EURGBP. Possible suspension. Triggering rotation.
2026-09-07 12:36:23 | ERROR    | trading_bot | Failed to fetch data for USDJPY.
2026-09-07 12:38:10 | ERROR    | trading_bot | Timeout while fetching candles for USDJPY
2026-09-08 10:46:10 | ERROR    | trading_bot | Error updating CSV for USDJPY: Cannot compare tz-naive and tz-aware timestamps
2026-09-08 10:46:15 | ERROR    | trading_bot | Error updating CSV for USDJPY: Cannot compare tz-naive and tz-aware timestamps
2026-09-08 10:46:18 | ERROR    | trading_bot | Error updating CSV for NZDUSD: Cannot compare tz-naive and tz-aware timestamps
2026-09-08 10:46:19 | ERROR    | trading_bot | Error updating CSV for EURGBP: Cannot compare tz-naive and tz-aware timestamps
2026-09-08 10:48:01 | ERROR    | trading_bot | Error updating CSV for USDJPY: Cannot compare tz-naive and tz-aware timestamps
2026-09-08 10:48:02 | ERROR    | trading_bot | Error updating CSV for USDJPY: Cannot compare tz-naive and tz-aware timestamps
2026-09-08 10:48:03 | ERROR    | trading_bot | Error updating CSV for NZDUSD: Cannot compare tz-naive and tz-aware timestamps
2026-09-08 10:48:04 | ERROR    | trading_bot | Error updating CSV for EURGBP: Cannot compare tz-naive and tz-aware timestamps
2026-09-08 10:50:03 | ERROR    | trading_bot | Error updating CSV for USDJPY: Cannot compare tz-naive and tz-aware timestamps
2026-09-08 10:50:04 | ERROR    | trading_bot | Error updating CSV for USDJPY: Cannot compare tz-naive and tz-aware timestamps
2026-09-08 10:50:05 | ERROR    | trading_bot | Error updating CSV for NZDUSD: Cannot compare tz-naive and tz-aware timestamps
2026-09-08 10:50:07 | ERROR    | trading_bot | Error updating CSV for EURGBP: Cannot compare tz-naive and tz-aware timestamps
2026-09-08 10:52:01 | ERROR    | trading_bot | Error updating CSV for USDJPY: Cannot compare tz-naive and tz-aware timestamps
2026-09-08 10:52:02 | ERROR    | trading_bot | Error updating CSV for USDJPY: Cannot compare tz-naive and tz-aware timestamps
2026-09-08 10:52:02 | ERROR    | trading_bot | Error updating CSV for NZDUSD: Cannot compare tz-naive and tz-aware timestamps
2026-09-08 10:52:03 | ERROR    | trading_bot | Error updating CSV for EURGBP: Cannot compare tz-naive and tz-aware timestamps
2026-09-08 10:54:01 | ERROR    | trading_bot | Error updating CSV for USDJPY: Cannot compare tz-naive and tz-aware timestamps
2026-09-08 10:54:02 | ERROR    | trading_bot | Error updating CSV for USDJPY: Cannot compare tz-naive and tz-aware timestamps
2026-09-08 10:54:03 | ERROR    | trading_bot | Error updating CSV for NZDUSD: Cannot compare tz-naive and tz-aware timestamps
2026-09-08 10:54:04 | ERROR    | trading_bot | Error updating CSV for EURGBP: Cannot compare tz-naive and tz-aware timestamps
2026-09-08 10:56:01 | ERROR    | trading_bot | Error updating CSV for USDJPY: Cannot compare tz-naive and tz-aware timestamps
2026-09-08 10:56:02 | ERROR    | trading_bot | Error updating CSV for USDJPY: Cannot compare tz-naive and tz-aware timestamps
2026-09-08 10:56:03 | ERROR    | trading_bot | Error updating CSV for NZDUSD: Cannot compare tz-naive and tz-aware timestamps
2026-09-08 10:56:04 | ERROR    | trading_bot | Error updating CSV for EURGBP: Cannot compare tz-naive and tz-aware timestamps
2026-09-08 10:58:01 | ERROR    | trading_bot | Error updating CSV for USDJPY: Cannot compare tz-naive and tz-aware timestamps
2026-09-08 10:58:02 | ERROR    | trading_bot | Error updating CSV for USDJPY: Cannot compare tz-naive and tz-aware timestamps
2026-09-08 10:58:02 | ERROR    | trading_bot | Error updating CSV for NZDUSD: Cannot compare tz-naive and tz-aware timestamps
2026-09-08 10:58:03 | ERROR    | trading_bot | Error updating CSV for EURGBP: Cannot compare tz-naive and tz-aware timestamps
2026-09-08 10:58:05 | ERROR    | trading_bot | Order rejected for EURGBP. Possible suspension. Triggering rotation.
2026-09-08 11:05:07 | ERROR    | trading_bot | Error updating CSV for USDJPY: Cannot compare tz-naive and tz-aware timestamps
2026-09-08 11:05:08 | ERROR    | trading_bot | Error updating CSV for USDJPY: Cannot compare tz-naive and tz-aware timestamps
2026-09-08 11:05:09 | ERROR    | trading_bot | Error updating CSV for NZDUSD: Cannot compare tz-naive and tz-aware timestamps
2026-09-08 11:05:10 | ERROR    | trading_bot | Error updating CSV for USDJPY: Cannot compare tz-naive and tz-aware timestamps
2026-09-08 11:07:12 | ERROR    | trading_bot | Error updating CSV for USDJPY: Cannot compare tz-naive and tz-aware timestamps
2026-09-08 11:07:13 | ERROR    | trading_bot | Error updating CSV for USDJPY: Cannot compare tz-naive and tz-aware timestamps
2026-09-08 11:07:15 | ERROR    | trading_bot | Error updating CSV for NZDUSD: Cannot compare tz-naive and tz-aware timestamps
2026-09-08 11:07:16 | ERROR    | trading_bot | Error updating CSV for USDJPY: Cannot compare tz-naive and tz-aware timestamps
2026-09-08 11:09:18 | ERROR    | trading_bot | Error updating CSV for USDJPY: Cannot compare tz-naive and tz-aware timestamps
2026-09-08 11:09:19 | ERROR    | trading_bot | Error updating CSV for USDJPY: Cannot compare tz-naive and tz-aware timestamps
2026-09-08 11:09:20 | ERROR    | trading_bot | Error updating CSV for NZDUSD: Cannot compare tz-naive and tz-aware timestamps
2026-09-08 11:09:21 | ERROR    | trading_bot | Error updating CSV for USDJPY: Cannot compare tz-naive and tz-aware timestamps
2026-09-08 11:11:24 | ERROR    | trading_bot | Error updating CSV for USDJPY: Cannot compare tz-naive and tz-aware timestamps
2026-09-08 11:11:25 | ERROR    | trading_bot | Error updating CSV for USDJPY: Cannot compare tz-naive and tz-aware timestamps
2026-09-08 11:11:26 | ERROR    | trading_bot | Error updating CSV for NZDUSD: Cannot compare tz-naive and tz-aware timestamps
2026-09-08 11:11:27 | ERROR    | trading_bot | Error updating CSV for USDJPY: Cannot compare tz-naive and tz-aware timestamps
2026-09-08 11:13:30 | ERROR    | trading_bot | Error updating CSV for USDJPY: Cannot compare tz-naive and tz-aware timestamps
2026-09-08 11:13:31 | ERROR    | trading_bot | Error updating CSV for USDJPY: Cannot compare tz-naive and tz-aware timestamps
2026-09-08 11:13:32 | ERROR    | trading_bot | Error updating CSV for NZDUSD: Cannot compare tz-naive and tz-aware timestamps
2026-09-08 11:13:33 | ERROR    | trading_bot | Error updating CSV for USDJPY: Cannot compare tz-naive and tz-aware timestamps
2026-09-08 11:15:35 | ERROR    | trading_bot | Error updating CSV for USDJPY: Cannot compare tz-naive and tz-aware timestamps
2026-09-08 11:15:36 | ERROR    | trading_bot | Error updating CSV for USDJPY: Cannot compare tz-naive and tz-aware timestamps
2026-09-08 11:15:37 | ERROR    | trading_bot | Error updating CSV for NZDUSD: Cannot compare tz-naive and tz-aware timestamps
2026-09-08 11:15:38 | ERROR    | trading_bot | Error updating CSV for USDJPY: Cannot compare tz-naive and tz-aware timestamps
2026-09-08 11:17:40 | ERROR    | trading_bot | Error updating CSV for USDJPY: Cannot compare tz-naive and tz-aware timestamps
2026-09-08 11:17:41 | ERROR    | trading_bot | Error updating CSV for USDJPY: Cannot compare tz-naive and tz-aware timestamps
2026-09-08 11:17:42 | ERROR    | trading_bot | Error updating CSV for NZDUSD: Cannot compare tz-naive and tz-aware timestamps
2026-09-08 11:17:43 | ERROR    | trading_bot | Error updating CSV for USDJPY: Cannot compare tz-naive and tz-aware timestamps
2026-09-08 11:19:45 | ERROR    | trading_bot | Error updating CSV for USDJPY: Cannot compare tz-naive and tz-aware timestamps
2026-09-08 11:19:46 | ERROR    | trading_bot | Error updating CSV for USDJPY: Cannot compare tz-naive and tz-aware timestamps
2026-09-08 11:19:47 | ERROR    | trading_bot | Error updating CSV for NZDUSD: Cannot compare tz-naive and tz-aware timestamps
2026-09-08 11:19:48 | ERROR    | trading_bot | Error updating CSV for USDJPY: Cannot compare tz-naive and tz-aware timestamps
2026-09-08 11:21:51 | ERROR    | trading_bot | Error updating CSV for USDJPY: Cannot compare tz-naive and tz-aware timestamps
2026-09-08 11:21:52 | ERROR    | trading_bot | Error updating CSV for USDJPY: Cannot compare tz-naive and tz-aware timestamps
2026-09-08 11:21:53 | ERROR    | trading_bot | Error updating CSV for NZDUSD: Cannot compare tz-naive and tz-aware timestamps
2026-09-08 11:21:54 | ERROR    | trading_bot | Error updating CSV for USDJPY: Cannot compare tz-naive and tz-aware timestamps
2026-09-08 11:23:57 | ERROR    | trading_bot | Error updating CSV for USDJPY: Cannot compare tz-naive and tz-aware timestamps
2026-09-08 11:23:57 | ERROR    | trading_bot | Error updating CSV for USDJPY: Cannot compare tz-naive and tz-aware timestamps
2026-09-08 11:23:58 | ERROR    | trading_bot | Error updating CSV for NZDUSD: Cannot compare tz-naive and tz-aware timestamps
2026-09-08 11:23:59 | ERROR    | trading_bot | Error updating CSV for USDJPY: Cannot compare tz-naive and tz-aware timestamps
2026-09-08 11:26:00 | ERROR    | trading_bot | Error updating CSV for USDJPY: Cannot compare tz-naive and tz-aware timestamps
2026-09-08 11:26:01 | ERROR    | trading_bot | Error updating CSV for USDJPY: Cannot compare tz-naive and tz-aware timestamps
2026-09-08 11:26:02 | ERROR    | trading_bot | Error updating CSV for NZDUSD: Cannot compare tz-naive and tz-aware timestamps
2026-09-08 11:26:03 | ERROR    | trading_bot | Error updating CSV for USDJPY: Cannot compare tz-naive and tz-aware timestamps
2026-09-08 11:28:01 | ERROR    | trading_bot | Error updating CSV for USDJPY: Cannot compare tz-naive and tz-aware timestamps
2026-09-08 11:28:02 | ERROR    | trading_bot | Error updating CSV for USDJPY: Cannot compare tz-naive and tz-aware timestamps
2026-09-08 11:28:03 | ERROR    | trading_bot | Error updating CSV for NZDUSD: Cannot compare tz-naive and tz-aware timestamps
2026-09-08 11:28:04 | ERROR    | trading_bot | Error updating CSV for USDJPY: Cannot compare tz-naive and tz-aware timestamps
2026-09-08 11:30:01 | ERROR    | trading_bot | Error updating CSV for USDJPY: Cannot compare tz-naive and tz-aware timestamps
2026-09-08 11:30:02 | ERROR    | trading_bot | Error updating CSV for USDJPY: Cannot compare tz-naive and tz-aware timestamps
2026-09-08 11:30:03 | ERROR    | trading_bot | Error updating CSV for NZDUSD: Cannot compare tz-naive and tz-aware timestamps
2026-09-08 11:30:04 | ERROR    | trading_bot | Error updating CSV for USDJPY: Cannot compare tz-naive and tz-aware timestamps
2026-09-08 11:32:01 | ERROR    | trading_bot | Error updating CSV for USDJPY: Cannot compare tz-naive and tz-aware timestamps
2026-09-08 11:32:02 | ERROR    | trading_bot | Error updating CSV for USDJPY: Cannot compare tz-naive and tz-aware timestamps
2026-09-08 11:32:03 | ERROR    | trading_bot | Error updating CSV for NZDUSD: Cannot compare tz-naive and tz-aware timestamps
2026-09-08 11:32:04 | ERROR    | trading_bot | Error updating CSV for USDJPY: Cannot compare tz-naive and tz-aware timestamps
2026-09-08 11:34:00 | ERROR    | trading_bot | Error updating CSV for USDJPY: Cannot compare tz-naive and tz-aware timestamps
2026-09-08 11:34:01 | ERROR    | trading_bot | Error updating CSV for USDJPY: Cannot compare tz-naive and tz-aware timestamps
2026-09-08 11:34:02 | ERROR    | trading_bot | Error updating CSV for NZDUSD: Cannot compare tz-naive and tz-aware timestamps
2026-09-08 11:34:03 | ERROR    | trading_bot | Error updating CSV for USDJPY: Cannot compare tz-naive and tz-aware timestamps
2026-09-08 11:36:01 | ERROR    | trading_bot | Error updating CSV for USDJPY: Cannot compare tz-naive and tz-aware timestamps
2026-09-08 11:36:02 | ERROR    | trading_bot | Error updating CSV for USDJPY: Cannot compare tz-naive and tz-aware timestamps
2026-09-08 11:36:02 | ERROR    | trading_bot | Error updating CSV for NZDUSD: Cannot compare tz-naive and tz-aware timestamps
2026-09-08 11:36:03 | ERROR    | trading_bot | Error updating CSV for USDJPY: Cannot compare tz-naive and tz-aware timestamps
2026-09-08 11:38:01 | ERROR    | trading_bot | Error updating CSV for USDJPY: Cannot compare tz-naive and tz-aware timestamps
2026-09-08 11:38:02 | ERROR    | trading_bot | Error updating CSV for USDJPY: Cannot compare tz-naive and tz-aware timestamps
2026-09-08 11:38:04 | ERROR    | trading_bot | Error updating CSV for NZDUSD: Cannot compare tz-naive and tz-aware timestamps
2026-09-08 11:38:05 | ERROR    | trading_bot | Error updating CSV for USDJPY: Cannot compare tz-naive and tz-aware timestamps
2026-09-08 11:40:01 | ERROR    | trading_bot | Error updating CSV for USDJPY: Cannot compare tz-naive and tz-aware timestamps
2026-09-08 11:40:02 | ERROR    | trading_bot | Error updating CSV for USDJPY: Cannot compare tz-naive and tz-aware timestamps
2026-09-08 11:40:03 | ERROR    | trading_bot | Error updating CSV for NZDUSD: Cannot compare tz-naive and tz-aware timestamps
2026-09-08 11:40:04 | ERROR    | trading_bot | Error updating CSV for USDJPY: Cannot compare tz-naive and tz-aware timestamps
2026-09-08 11:42:01 | ERROR    | trading_bot | Error updating CSV for USDJPY: Cannot compare tz-naive and tz-aware timestamps
2026-09-08 11:42:02 | ERROR    | trading_bot | Error updating CSV for USDJPY: Cannot compare tz-naive and tz-aware timestamps
2026-09-08 11:42:03 | ERROR    | trading_bot | Error updating CSV for NZDUSD: Cannot compare tz-naive and tz-aware timestamps
2026-09-08 11:42:04 | ERROR    | trading_bot | Error updating CSV for USDJPY: Cannot compare tz-naive and tz-aware timestamps
2026-09-08 11:44:01 | ERROR    | trading_bot | Error updating CSV for USDJPY: Cannot compare tz-naive and tz-aware timestamps
2026-09-08 11:44:02 | ERROR    | trading_bot | Error updating CSV for USDJPY: Cannot compare tz-naive and tz-aware timestamps
2026-09-08 11:44:03 | ERROR    | trading_bot | Error updating CSV for NZDUSD: Cannot compare tz-naive and tz-aware timestamps
2026-09-08 11:44:04 | ERROR    | trading_bot | Error updating CSV for USDJPY: Cannot compare tz-naive and tz-aware timestamps
2026-09-08 11:46:01 | ERROR    | trading_bot | Error updating CSV for USDJPY: Cannot compare tz-naive and tz-aware timestamps
2026-09-08 11:46:02 | ERROR    | trading_bot | Error updating CSV for USDJPY: Cannot compare tz-naive and tz-aware timestamps
2026-09-08 11:46:03 | ERROR    | trading_bot | Error updating CSV for NZDUSD: Cannot compare tz-naive and tz-aware timestamps
2026-09-08 11:46:03 | ERROR    | trading_bot | Error updating CSV for USDJPY: Cannot compare tz-naive and tz-aware timestamps
2026-09-08 11:48:02 | ERROR    | trading_bot | Error updating CSV for USDJPY: Cannot compare tz-naive and tz-aware timestamps
2026-09-08 11:48:02 | ERROR    | trading_bot | Error updating CSV for USDJPY: Cannot compare tz-naive and tz-aware timestamps
2026-09-08 11:48:03 | ERROR    | trading_bot | Error updating CSV for NZDUSD: Cannot compare tz-naive and tz-aware timestamps
2026-09-08 11:48:05 | ERROR    | trading_bot | Error updating CSV for USDJPY: Cannot compare tz-naive and tz-aware timestamps
2026-09-08 11:50:01 | ERROR    | trading_bot | Error updating CSV for USDJPY: Cannot compare tz-naive and tz-aware timestamps
2026-09-08 11:50:02 | ERROR    | trading_bot | Error updating CSV for USDJPY: Cannot compare tz-naive and tz-aware timestamps
2026-09-08 11:50:03 | ERROR    | trading_bot | Error updating CSV for NZDUSD: Cannot compare tz-naive and tz-aware timestamps
2026-09-08 11:50:04 | ERROR    | trading_bot | Error updating CSV for USDJPY: Cannot compare tz-naive and tz-aware timestamps
2026-09-08 11:52:01 | ERROR    | trading_bot | Error updating CSV for USDJPY: Cannot compare tz-naive and tz-aware timestamps
2026-09-08 11:52:02 | ERROR    | trading_bot | Error updating CSV for USDJPY: Cannot compare tz-naive and tz-aware timestamps
2026-09-08 11:52:03 | ERROR    | trading_bot | Error updating CSV for NZDUSD: Cannot compare tz-naive and tz-aware timestamps
2026-09-08 11:52:05 | ERROR    | trading_bot | Error updating CSV for USDJPY: Cannot compare tz-naive and tz-aware timestamps
2026-09-08 11:54:01 | ERROR    | trading_bot | Error updating CSV for USDJPY: Cannot compare tz-naive and tz-aware timestamps
2026-09-08 11:54:02 | ERROR    | trading_bot | Error updating CSV for USDJPY: Cannot compare tz-naive and tz-aware timestamps
2026-09-08 11:54:03 | ERROR    | trading_bot | Error updating CSV for NZDUSD: Cannot compare tz-naive and tz-aware timestamps
2026-09-08 11:54:04 | ERROR    | trading_bot | Error updating CSV for USDJPY: Cannot compare tz-naive and tz-aware timestamps
2026-09-08 11:56:01 | ERROR    | trading_bot | Error updating CSV for USDJPY: Cannot compare tz-naive and tz-aware timestamps
2026-09-08 11:56:02 | ERROR    | trading_bot | Error updating CSV for USDJPY: Cannot compare tz-naive and tz-aware timestamps
2026-09-08 11:56:03 | ERROR    | trading_bot | Error updating CSV for NZDUSD: Cannot compare tz-naive and tz-aware timestamps
2026-09-08 11:56:04 | ERROR    | trading_bot | Error updating CSV for USDJPY: Cannot compare tz-naive and tz-aware timestamps
2026-09-08 11:58:01 | ERROR    | trading_bot | Error updating CSV for USDJPY: Cannot compare tz-naive and tz-aware timestamps
2026-09-08 11:58:02 | ERROR    | trading_bot | Error updating CSV for USDJPY: Cannot compare tz-naive and tz-aware timestamps
2026-09-08 11:58:03 | ERROR    | trading_bot | Error updating CSV for NZDUSD: Cannot compare tz-naive and tz-aware timestamps
2026-09-08 11:58:04 | ERROR    | trading_bot | Error updating CSV for USDJPY: Cannot compare tz-naive and tz-aware timestamps
2026-09-08 12:00:01 | ERROR    | trading_bot | Error updating CSV for USDJPY: Cannot compare tz-naive and tz-aware timestamps
2026-09-08 12:00:02 | ERROR    | trading_bot | Error updating CSV for USDJPY: Cannot compare tz-naive and tz-aware timestamps
2026-09-08 12:00:03 | ERROR    | trading_bot | Error updating CSV for NZDUSD: Cannot compare tz-naive and tz-aware timestamps
2026-09-08 12:00:04 | ERROR    | trading_bot | Error updating CSV for USDJPY: Cannot compare tz-naive and tz-aware timestamps
2026-09-08 12:02:01 | ERROR    | trading_bot | Error updating CSV for USDJPY: Cannot compare tz-naive and tz-aware timestamps
2026-09-08 12:02:02 | ERROR    | trading_bot | Error updating CSV for USDJPY: Cannot compare tz-naive and tz-aware timestamps
2026-09-08 12:02:03 | ERROR    | trading_bot | Error updating CSV for NZDUSD: Cannot compare tz-naive and tz-aware timestamps
2026-09-08 12:02:04 | ERROR    | trading_bot | Error updating CSV for USDJPY: Cannot compare tz-naive and tz-aware timestamps
2026-09-08 12:04:01 | ERROR    | trading_bot | Error updating CSV for USDJPY: Cannot compare tz-naive and tz-aware timestamps
2026-09-08 12:04:02 | ERROR    | trading_bot | Error updating CSV for USDJPY: Cannot compare tz-naive and tz-aware timestamps
2026-09-08 12:04:03 | ERROR    | trading_bot | Error updating CSV for NZDUSD: Cannot compare tz-naive and tz-aware timestamps
2026-09-08 12:04:04 | ERROR    | trading_bot | Error updating CSV for USDJPY: Cannot compare tz-naive and tz-aware timestamps
2026-09-08 12:06:01 | ERROR    | trading_bot | Error updating CSV for USDJPY: Cannot compare tz-naive and tz-aware timestamps
2026-09-08 12:06:01 | ERROR    | trading_bot | Error updating CSV for USDJPY: Cannot compare tz-naive and tz-aware timestamps
2026-09-08 12:06:02 | ERROR    | trading_bot | Error updating CSV for NZDUSD: Cannot compare tz-naive and tz-aware timestamps
2026-09-08 12:06:03 | ERROR    | trading_bot | Error updating CSV for USDJPY: Cannot compare tz-naive and tz-aware timestamps
2026-09-08 12:08:01 | ERROR    | trading_bot | Error updating CSV for USDJPY: Cannot compare tz-naive and tz-aware timestamps
2026-09-08 12:08:01 | ERROR    | trading_bot | Error updating CSV for USDJPY: Cannot compare tz-naive and tz-aware timestamps
2026-09-08 12:08:02 | ERROR    | trading_bot | Error updating CSV for NZDUSD: Cannot compare tz-naive and tz-aware timestamps
2026-09-08 12:08:03 | ERROR    | trading_bot | Error updating CSV for USDJPY: Cannot compare tz-naive and tz-aware timestamps
2026-09-08 12:10:01 | ERROR    | trading_bot | Error updating CSV for USDJPY: Cannot compare tz-naive and tz-aware timestamps
2026-09-08 12:10:02 | ERROR    | trading_bot | Error updating CSV for USDJPY: Cannot compare tz-naive and tz-aware timestamps
2026-09-08 12:10:02 | ERROR    | trading_bot | Error updating CSV for NZDUSD: Cannot compare tz-naive and tz-aware timestamps
2026-09-08 12:10:03 | ERROR    | trading_bot | Error updating CSV for USDJPY: Cannot compare tz-naive and tz-aware timestamps
2026-09-08 12:10:05 | ERROR    | trading_bot | Order rejected for USDJPY. Possible suspension. Triggering rotation.
2026-09-08 12:17:43 | ERROR    | trading_bot | Error updating CSV for NZDUSD: Cannot compare tz-naive and tz-aware timestamps
2026-09-08 12:17:44 | ERROR    | trading_bot | Error updating CSV for USDJPY: Cannot compare tz-naive and tz-aware timestamps
2026-09-08 12:17:45 | ERROR    | trading_bot | Error updating CSV for EURAUD: Cannot compare tz-naive and tz-aware timestamps
2026-09-08 12:17:46 | ERROR    | trading_bot | Error updating CSV for EURAUD: Cannot compare tz-naive and tz-aware timestamps
2026-09-08 12:19:48 | ERROR    | trading_bot | Error updating CSV for NZDUSD: Cannot compare tz-naive and tz-aware timestamps
2026-09-08 12:19:49 | ERROR    | trading_bot | Error updating CSV for USDJPY: Cannot compare tz-naive and tz-aware timestamps
2026-09-08 12:19:50 | ERROR    | trading_bot | Error updating CSV for EURAUD: Cannot compare tz-naive and tz-aware timestamps
2026-09-08 12:19:51 | ERROR    | trading_bot | Error updating CSV for EURAUD: Cannot compare tz-naive and tz-aware timestamps
2026-09-08 12:21:54 | ERROR    | trading_bot | Error updating CSV for NZDUSD: Cannot compare tz-naive and tz-aware timestamps
2026-09-08 12:21:55 | ERROR    | trading_bot | Error updating CSV for USDJPY: Cannot compare tz-naive and tz-aware timestamps
2026-09-08 12:21:55 | ERROR    | trading_bot | Error updating CSV for EURAUD: Cannot compare tz-naive and tz-aware timestamps
2026-09-08 12:21:56 | ERROR    | trading_bot | Error updating CSV for EURAUD: Cannot compare tz-naive and tz-aware timestamps
2026-09-08 12:23:59 | ERROR    | trading_bot | Error updating CSV for NZDUSD: Cannot compare tz-naive and tz-aware timestamps
2026-09-08 12:24:00 | ERROR    | trading_bot | Error updating CSV for USDJPY: Cannot compare tz-naive and tz-aware timestamps
2026-09-08 12:24:01 | ERROR    | trading_bot | Error updating CSV for EURAUD: Cannot compare tz-naive and tz-aware timestamps
2026-09-08 12:24:01 | ERROR    | trading_bot | Error updating CSV for EURAUD: Cannot compare tz-naive and tz-aware timestamps
2026-09-08 12:26:01 | ERROR    | trading_bot | Error updating CSV for NZDUSD: Cannot compare tz-naive and tz-aware timestamps
2026-09-08 12:26:02 | ERROR    | trading_bot | Error updating CSV for USDJPY: Cannot compare tz-naive and tz-aware timestamps
2026-09-08 12:26:03 | ERROR    | trading_bot | Error updating CSV for EURAUD: Cannot compare tz-naive and tz-aware timestamps
2026-09-08 12:26:04 | ERROR    | trading_bot | Error updating CSV for EURAUD: Cannot compare tz-naive and tz-aware timestamps
2026-09-08 12:28:01 | ERROR    | trading_bot | Error updating CSV for NZDUSD: Cannot compare tz-naive and tz-aware timestamps
2026-09-08 12:28:02 | ERROR    | trading_bot | Error updating CSV for USDJPY: Cannot compare tz-naive and tz-aware timestamps
2026-09-08 12:28:03 | ERROR    | trading_bot | Error updating CSV for EURAUD: Cannot compare tz-naive and tz-aware timestamps
2026-09-08 12:28:04 | ERROR    | trading_bot | Error updating CSV for EURAUD: Cannot compare tz-naive and tz-aware timestamps
2026-09-08 12:30:01 | ERROR    | trading_bot | Error updating CSV for NZDUSD: Cannot compare tz-naive and tz-aware timestamps
2026-09-08 12:30:02 | ERROR    | trading_bot | Error updating CSV for USDJPY: Cannot compare tz-naive and tz-aware timestamps
2026-09-08 12:30:03 | ERROR    | trading_bot | Error updating CSV for EURAUD: Cannot compare tz-naive and tz-aware timestamps
2026-09-08 12:30:04 | ERROR    | trading_bot | Error updating CSV for EURAUD: Cannot compare tz-naive and tz-aware timestamps
2026-09-08 12:32:01 | ERROR    | trading_bot | Error updating CSV for NZDUSD: Cannot compare tz-naive and tz-aware timestamps
2026-09-08 12:32:02 | ERROR    | trading_bot | Error updating CSV for USDJPY: Cannot compare tz-naive and tz-aware timestamps
2026-09-08 12:32:03 | ERROR    | trading_bot | Error updating CSV for EURAUD: Cannot compare tz-naive and tz-aware timestamps
2026-09-08 12:32:04 | ERROR    | trading_bot | Error updating CSV for EURAUD: Cannot compare tz-naive and tz-aware timestamps
2026-09-08 12:34:01 | ERROR    | trading_bot | Error updating CSV for NZDUSD: Cannot compare tz-naive and tz-aware timestamps
2026-09-08 12:34:02 | ERROR    | trading_bot | Error updating CSV for USDJPY: Cannot compare tz-naive and tz-aware timestamps
2026-09-08 12:34:03 | ERROR    | trading_bot | Error updating CSV for EURAUD: Cannot compare tz-naive and tz-aware timestamps
2026-09-08 12:34:04 | ERROR    | trading_bot | Error updating CSV for EURAUD: Cannot compare tz-naive and tz-aware timestamps
2026-09-08 12:36:01 | ERROR    | trading_bot | Error updating CSV for NZDUSD: Cannot compare tz-naive and tz-aware timestamps
2026-09-08 12:36:02 | ERROR    | trading_bot | Error updating CSV for USDJPY: Cannot compare tz-naive and tz-aware timestamps
2026-09-08 12:36:03 | ERROR    | trading_bot | Error updating CSV for EURAUD: Cannot compare tz-naive and tz-aware timestamps
2026-09-08 12:36:05 | ERROR    | trading_bot | Error updating CSV for EURAUD: Cannot compare tz-naive and tz-aware timestamps
2026-09-08 12:38:01 | ERROR    | trading_bot | Error updating CSV for NZDUSD: Cannot compare tz-naive and tz-aware timestamps
2026-09-08 12:38:02 | ERROR    | trading_bot | Error updating CSV for USDJPY: Cannot compare tz-naive and tz-aware timestamps
2026-09-08 12:38:03 | ERROR    | trading_bot | Error updating CSV for EURAUD: Cannot compare tz-naive and tz-aware timestamps
2026-09-08 12:38:04 | ERROR    | trading_bot | Error updating CSV for EURAUD: Cannot compare tz-naive and tz-aware timestamps
2026-09-08 12:40:01 | ERROR    | trading_bot | Error updating CSV for NZDUSD: Cannot compare tz-naive and tz-aware timestamps
2026-09-08 12:40:02 | ERROR    | trading_bot | Error updating CSV for USDJPY: Cannot compare tz-naive and tz-aware timestamps
2026-09-08 12:40:03 | ERROR    | trading_bot | Error updating CSV for EURAUD: Cannot compare tz-naive and tz-aware timestamps
2026-09-08 12:40:04 | ERROR    | trading_bot | Error updating CSV for EURAUD: Cannot compare tz-naive and tz-aware timestamps
2026-09-08 12:42:02 | ERROR    | trading_bot | Error updating CSV for NZDUSD: Cannot compare tz-naive and tz-aware timestamps
2026-09-08 12:42:04 | ERROR    | trading_bot | Error updating CSV for USDJPY: Cannot compare tz-naive and tz-aware timestamps
2026-09-08 12:42:05 | ERROR    | trading_bot | Error updating CSV for EURAUD: Cannot compare tz-naive and tz-aware timestamps
2026-09-08 12:42:06 | ERROR    | trading_bot | Error updating CSV for EURAUD: Cannot compare tz-naive and tz-aware timestamps
2026-09-08 12:44:01 | ERROR    | trading_bot | Error updating CSV for NZDUSD: Cannot compare tz-naive and tz-aware timestamps
2026-09-08 12:44:02 | ERROR    | trading_bot | Error updating CSV for USDJPY: Cannot compare tz-naive and tz-aware timestamps
2026-09-08 12:44:03 | ERROR    | trading_bot | Error updating CSV for EURAUD: Cannot compare tz-naive and tz-aware timestamps
2026-09-08 12:44:04 | ERROR    | trading_bot | Error updating CSV for EURAUD: Cannot compare tz-naive and tz-aware timestamps
2026-09-08 12:46:01 | ERROR    | trading_bot | Error updating CSV for NZDUSD: Cannot compare tz-naive and tz-aware timestamps
2026-09-08 12:46:03 | ERROR    | trading_bot | Error updating CSV for USDJPY: Cannot compare tz-naive and tz-aware timestamps
2026-09-08 12:46:05 | ERROR    | trading_bot | Error updating CSV for EURAUD: Cannot compare tz-naive and tz-aware timestamps
2026-09-08 12:46:05 | ERROR    | trading_bot | Error updating CSV for EURAUD: Cannot compare tz-naive and tz-aware timestamps
2026-09-08 12:48:01 | ERROR    | trading_bot | Error updating CSV for NZDUSD: Cannot compare tz-naive and tz-aware timestamps
2026-09-08 12:48:03 | ERROR    | trading_bot | Error updating CSV for USDJPY: Cannot compare tz-naive and tz-aware timestamps
2026-09-08 12:48:04 | ERROR    | trading_bot | Error updating CSV for EURAUD: Cannot compare tz-naive and tz-aware timestamps
2026-09-08 12:48:05 | ERROR    | trading_bot | Error updating CSV for EURAUD: Cannot compare tz-naive and tz-aware timestamps
2026-09-08 12:50:01 | ERROR    | trading_bot | Error updating CSV for NZDUSD: Cannot compare tz-naive and tz-aware timestamps
2026-09-08 12:50:02 | ERROR    | trading_bot | Error updating CSV for USDJPY: Cannot compare tz-naive and tz-aware timestamps
2026-09-08 12:50:03 | ERROR    | trading_bot | Error updating CSV for EURAUD: Cannot compare tz-naive and tz-aware timestamps
2026-09-08 12:50:04 | ERROR    | trading_bot | Error updating CSV for EURAUD: Cannot compare tz-naive and tz-aware timestamps
2026-09-08 12:52:01 | ERROR    | trading_bot | Error updating CSV for NZDUSD: Cannot compare tz-naive and tz-aware timestamps
2026-09-08 12:52:02 | ERROR    | trading_bot | Error updating CSV for USDJPY: Cannot compare tz-naive and tz-aware timestamps
2026-09-08 12:52:03 | ERROR    | trading_bot | Error updating CSV for EURAUD: Cannot compare tz-naive and tz-aware timestamps
2026-09-08 12:52:04 | ERROR    | trading_bot | Error updating CSV for EURAUD: Cannot compare tz-naive and tz-aware timestamps
2026-09-08 12:54:01 | ERROR    | trading_bot | Error updating CSV for NZDUSD: Cannot compare tz-naive and tz-aware timestamps
2026-09-08 12:54:01 | ERROR    | trading_bot | Error updating CSV for USDJPY: Cannot compare tz-naive and tz-aware timestamps
2026-09-08 12:54:02 | ERROR    | trading_bot | Error updating CSV for EURAUD: Cannot compare tz-naive and tz-aware timestamps
2026-09-08 12:54:03 | ERROR    | trading_bot | Error updating CSV for EURAUD: Cannot compare tz-naive and tz-aware timestamps
2026-09-08 12:56:01 | ERROR    | trading_bot | Error updating CSV for NZDUSD: Cannot compare tz-naive and tz-aware timestamps
2026-09-08 12:56:02 | ERROR    | trading_bot | Error updating CSV for USDJPY: Cannot compare tz-naive and tz-aware timestamps
2026-09-08 12:56:04 | ERROR    | trading_bot | Error updating CSV for EURAUD: Cannot compare tz-naive and tz-aware timestamps
2026-09-08 12:56:06 | ERROR    | trading_bot | Error updating CSV for EURAUD: Cannot compare tz-naive and tz-aware timestamps
2026-09-08 12:58:01 | ERROR    | trading_bot | Error updating CSV for NZDUSD: Cannot compare tz-naive and tz-aware timestamps
2026-09-08 12:58:02 | ERROR    | trading_bot | Error updating CSV for USDJPY: Cannot compare tz-naive and tz-aware timestamps
2026-09-08 12:58:03 | ERROR    | trading_bot | Error updating CSV for EURAUD: Cannot compare tz-naive and tz-aware timestamps
2026-09-08 12:58:05 | ERROR    | trading_bot | Error updating CSV for EURAUD: Cannot compare tz-naive and tz-aware timestamps
2026-09-08 13:00:01 | ERROR    | trading_bot | Error updating CSV for NZDUSD: Cannot compare tz-naive and tz-aware timestamps
2026-09-08 13:00:02 | ERROR    | trading_bot | Error updating CSV for USDJPY: Cannot compare tz-naive and tz-aware timestamps
2026-09-08 13:00:03 | ERROR    | trading_bot | Error updating CSV for EURAUD: Cannot compare tz-naive and tz-aware timestamps
2026-09-08 13:00:04 | ERROR    | trading_bot | Error updating CSV for EURAUD: Cannot compare tz-naive and tz-aware timestamps
2026-09-08 13:02:01 | ERROR    | trading_bot | Error updating CSV for NZDUSD: Cannot compare tz-naive and tz-aware timestamps
2026-09-08 13:02:02 | ERROR    | trading_bot | Error updating CSV for USDJPY: Cannot compare tz-naive and tz-aware timestamps
2026-09-08 13:02:03 | ERROR    | trading_bot | Error updating CSV for EURAUD: Cannot compare tz-naive and tz-aware timestamps
2026-09-08 13:02:04 | ERROR    | trading_bot | Error updating CSV for EURAUD: Cannot compare tz-naive and tz-aware timestamps
2026-09-08 13:04:03 | ERROR    | trading_bot | Error updating CSV for NZDUSD: Cannot compare tz-naive and tz-aware timestamps
2026-09-08 13:04:05 | ERROR    | trading_bot | Error updating CSV for USDJPY: Cannot compare tz-naive and tz-aware timestamps
2026-09-08 13:04:08 | ERROR    | trading_bot | Error updating CSV for EURAUD: Cannot compare tz-naive and tz-aware timestamps
2026-09-08 13:04:11 | ERROR    | trading_bot | Error updating CSV for EURAUD: Cannot compare tz-naive and tz-aware timestamps
2026-09-08 13:06:01 | ERROR    | trading_bot | Error updating CSV for NZDUSD: Cannot compare tz-naive and tz-aware timestamps
2026-09-08 13:06:02 | ERROR    | trading_bot | Error updating CSV for USDJPY: Cannot compare tz-naive and tz-aware timestamps
2026-09-08 13:06:03 | ERROR    | trading_bot | Error updating CSV for EURAUD: Cannot compare tz-naive and tz-aware timestamps
2026-09-08 13:06:04 | ERROR    | trading_bot | Error updating CSV for EURAUD: Cannot compare tz-naive and tz-aware timestamps
2026-09-08 13:08:01 | ERROR    | trading_bot | Error updating CSV for NZDUSD: Cannot compare tz-naive and tz-aware timestamps
2026-09-08 13:08:02 | ERROR    | trading_bot | Error updating CSV for USDJPY: Cannot compare tz-naive and tz-aware timestamps
2026-09-08 13:08:03 | ERROR    | trading_bot | Error updating CSV for EURAUD: Cannot compare tz-naive and tz-aware timestamps
2026-09-08 13:08:04 | ERROR    | trading_bot | Error updating CSV for EURAUD: Cannot compare tz-naive and tz-aware timestamps
2026-09-08 13:10:01 | ERROR    | trading_bot | Error updating CSV for NZDUSD: Cannot compare tz-naive and tz-aware timestamps
2026-09-08 13:10:02 | ERROR    | trading_bot | Error updating CSV for USDJPY: Cannot compare tz-naive and tz-aware timestamps
2026-09-08 13:10:03 | ERROR    | trading_bot | Error updating CSV for EURAUD: Cannot compare tz-naive and tz-aware timestamps
2026-09-08 13:10:04 | ERROR    | trading_bot | Error updating CSV for EURAUD: Cannot compare tz-naive and tz-aware timestamps
2026-09-08 13:12:01 | ERROR    | trading_bot | Error updating CSV for NZDUSD: Cannot compare tz-naive and tz-aware timestamps
2026-09-08 13:12:02 | ERROR    | trading_bot | Error updating CSV for USDJPY: Cannot compare tz-naive and tz-aware timestamps
2026-09-08 13:12:03 | ERROR    | trading_bot | Error updating CSV for EURAUD: Cannot compare tz-naive and tz-aware timestamps
2026-09-08 13:12:04 | ERROR    | trading_bot | Error updating CSV for EURAUD: Cannot compare tz-naive and tz-aware timestamps
2026-09-08 13:14:01 | ERROR    | trading_bot | Error updating CSV for NZDUSD: Cannot compare tz-naive and tz-aware timestamps
2026-09-08 13:14:02 | ERROR    | trading_bot | Error updating CSV for USDJPY: Cannot compare tz-naive and tz-aware timestamps
2026-09-08 13:14:03 | ERROR    | trading_bot | Error updating CSV for EURAUD: Cannot compare tz-naive and tz-aware timestamps
2026-09-08 13:14:04 | ERROR    | trading_bot | Error updating CSV for EURAUD: Cannot compare tz-naive and tz-aware timestamps
2026-09-08 13:16:01 | ERROR    | trading_bot | Error updating CSV for NZDUSD: Cannot compare tz-naive and tz-aware timestamps
2026-09-08 13:16:02 | ERROR    | trading_bot | Error updating CSV for USDJPY: Cannot compare tz-naive and tz-aware timestamps
2026-09-08 13:16:03 | ERROR    | trading_bot | Error updating CSV for EURAUD: Cannot compare tz-naive and tz-aware timestamps
2026-09-08 13:16:04 | ERROR    | trading_bot | Error updating CSV for EURAUD: Cannot compare tz-naive and tz-aware timestamps
2026-09-08 13:18:01 | ERROR    | trading_bot | Error updating CSV for NZDUSD: Cannot compare tz-naive and tz-aware timestamps
2026-09-08 13:18:02 | ERROR    | trading_bot | Error updating CSV for USDJPY: Cannot compare tz-naive and tz-aware timestamps
2026-09-08 13:18:02 | ERROR    | trading_bot | Error updating CSV for EURAUD: Cannot compare tz-naive and tz-aware timestamps
2026-09-08 13:18:03 | ERROR    | trading_bot | Error updating CSV for EURAUD: Cannot compare tz-naive and tz-aware timestamps
2026-09-08 13:20:01 | ERROR    | trading_bot | Error updating CSV for NZDUSD: Cannot compare tz-naive and tz-aware timestamps
2026-09-08 13:20:02 | ERROR    | trading_bot | Error updating CSV for USDJPY: Cannot compare tz-naive and tz-aware timestamps
2026-09-08 13:20:03 | ERROR    | trading_bot | Error updating CSV for EURAUD: Cannot compare tz-naive and tz-aware timestamps
2026-09-08 13:20:04 | ERROR    | trading_bot | Error updating CSV for EURAUD: Cannot compare tz-naive and tz-aware timestamps
2026-09-08 13:22:01 | ERROR    | trading_bot | Error updating CSV for NZDUSD: Cannot compare tz-naive and tz-aware timestamps
2026-09-08 13:22:01 | ERROR    | trading_bot | Error updating CSV for USDJPY: Cannot compare tz-naive and tz-aware timestamps
2026-09-08 13:22:02 | ERROR    | trading_bot | Error updating CSV for EURAUD: Cannot compare tz-naive and tz-aware timestamps
2026-09-08 13:22:03 | ERROR    | trading_bot | Error updating CSV for EURAUD: Cannot compare tz-naive and tz-aware timestamps
2026-09-08 13:24:02 | ERROR    | trading_bot | Error updating CSV for NZDUSD: Cannot compare tz-naive and tz-aware timestamps
2026-09-08 13:24:03 | ERROR    | trading_bot | Error updating CSV for USDJPY: Cannot compare tz-naive and tz-aware timestamps
2026-09-08 13:24:05 | ERROR    | trading_bot | Error updating CSV for EURAUD: Cannot compare tz-naive and tz-aware timestamps
2026-09-08 13:24:06 | ERROR    | trading_bot | Error updating CSV for EURAUD: Cannot compare tz-naive and tz-aware timestamps
2026-09-08 13:26:01 | ERROR    | trading_bot | Error updating CSV for NZDUSD: Cannot compare tz-naive and tz-aware timestamps
2026-09-08 13:26:02 | ERROR    | trading_bot | Error updating CSV for USDJPY: Cannot compare tz-naive and tz-aware timestamps
2026-09-08 13:26:03 | ERROR    | trading_bot | Error updating CSV for EURAUD: Cannot compare tz-naive and tz-aware timestamps
2026-09-08 13:26:04 | ERROR    | trading_bot | Error updating CSV for EURAUD: Cannot compare tz-naive and tz-aware timestamps
2026-09-08 13:28:00 | ERROR    | trading_bot | Error updating CSV for NZDUSD: Cannot compare tz-naive and tz-aware timestamps
2026-09-08 13:28:01 | ERROR    | trading_bot | Error updating CSV for USDJPY: Cannot compare tz-naive and tz-aware timestamps
2026-09-08 13:28:02 | ERROR    | trading_bot | Error updating CSV for EURAUD: Cannot compare tz-naive and tz-aware timestamps
2026-09-08 13:28:03 | ERROR    | trading_bot | Error updating CSV for EURAUD: Cannot compare tz-naive and tz-aware timestamps
2026-09-08 13:30:01 | ERROR    | trading_bot | Error updating CSV for NZDUSD: Cannot compare tz-naive and tz-aware timestamps
2026-09-08 13:30:02 | ERROR    | trading_bot | Error updating CSV for USDJPY: Cannot compare tz-naive and tz-aware timestamps
2026-09-08 13:30:03 | ERROR    | trading_bot | Error updating CSV for EURAUD: Cannot compare tz-naive and tz-aware timestamps
2026-09-08 13:30:04 | ERROR    | trading_bot | Error updating CSV for EURAUD: Cannot compare tz-naive and tz-aware timestamps
2026-09-08 13:32:02 | ERROR    | trading_bot | Error updating CSV for NZDUSD: Cannot compare tz-naive and tz-aware timestamps
2026-09-08 13:32:03 | ERROR    | trading_bot | Error updating CSV for USDJPY: Cannot compare tz-naive and tz-aware timestamps
2026-09-08 13:32:04 | ERROR    | trading_bot | Error updating CSV for EURAUD: Cannot compare tz-naive and tz-aware timestamps
2026-09-08 13:32:05 | ERROR    | trading_bot | Error updating CSV for EURAUD: Cannot compare tz-naive and tz-aware timestamps
2026-09-08 13:34:01 | ERROR    | trading_bot | Error updating CSV for NZDUSD: Cannot compare tz-naive and tz-aware timestamps
2026-09-08 13:34:02 | ERROR    | trading_bot | Error updating CSV for USDJPY: Cannot compare tz-naive and tz-aware timestamps
2026-09-08 13:34:03 | ERROR    | trading_bot | Error updating CSV for EURAUD: Cannot compare tz-naive and tz-aware timestamps
2026-09-08 13:34:04 | ERROR    | trading_bot | Error updating CSV for EURAUD: Cannot compare tz-naive and tz-aware timestamps
2026-09-08 13:36:01 | ERROR    | trading_bot | Error updating CSV for NZDUSD: Cannot compare tz-naive and tz-aware timestamps
2026-09-08 13:36:01 | ERROR    | trading_bot | Error updating CSV for USDJPY: Cannot compare tz-naive and tz-aware timestamps
2026-09-08 13:36:02 | ERROR    | trading_bot | Error updating CSV for EURAUD: Cannot compare tz-naive and tz-aware timestamps
2026-09-08 13:36:03 | ERROR    | trading_bot | Error updating CSV for EURAUD: Cannot compare tz-naive and tz-aware timestamps
2026-09-08 13:38:01 | ERROR    | trading_bot | Error updating CSV for NZDUSD: Cannot compare tz-naive and tz-aware timestamps
2026-09-08 13:38:02 | ERROR    | trading_bot | Error updating CSV for USDJPY: Cannot compare tz-naive and tz-aware timestamps
2026-09-08 13:38:03 | ERROR    | trading_bot | Error updating CSV for EURAUD: Cannot compare tz-naive and tz-aware timestamps
2026-09-08 13:38:04 | ERROR    | trading_bot | Error updating CSV for EURAUD: Cannot compare tz-naive and tz-aware timestamps
2026-09-08 13:40:01 | ERROR    | trading_bot | Error updating CSV for NZDUSD: Cannot compare tz-naive and tz-aware timestamps
2026-09-08 13:40:02 | ERROR    | trading_bot | Error updating CSV for USDJPY: Cannot compare tz-naive and tz-aware timestamps
2026-09-08 13:40:03 | ERROR    | trading_bot | Error updating CSV for EURAUD: Cannot compare tz-naive and tz-aware timestamps
2026-09-08 13:40:04 | ERROR    | trading_bot | Error updating CSV for EURAUD: Cannot compare tz-naive and tz-aware timestamps
2026-09-08 13:42:13 | ERROR    | trading_bot | Timeout while fetching candles for NZDUSD
2026-09-08 13:47:44 | ERROR    | trading_bot | Error updating CSV for EURAUD: Cannot compare tz-naive and tz-aware timestamps
2026-09-08 13:47:45 | ERROR    | trading_bot | Error updating CSV for EURAUD: Cannot compare tz-naive and tz-aware timestamps
2026-09-08 13:47:46 | ERROR    | trading_bot | Error updating CSV for EURAUD: Cannot compare tz-naive and tz-aware timestamps
2026-09-08 13:47:47 | ERROR    | trading_bot | Order rejected for EURAUD. Possible suspension. Triggering rotation.
2026-09-08 13:55:24 | ERROR    | trading_bot | Error updating CSV for USDJPY: Cannot compare tz-naive and tz-aware timestamps
2026-09-08 13:55:25 | ERROR    | trading_bot | Error updating CSV for EURAUD: Cannot compare tz-naive and tz-aware timestamps
2026-09-08 13:55:26 | ERROR    | trading_bot | Error updating CSV for AUDUSD: Cannot compare tz-naive and tz-aware timestamps
2026-09-08 13:55:26 | ERROR    | trading_bot | Error updating CSV for AUDUSD: Cannot compare tz-naive and tz-aware timestamps
2026-09-08 13:55:28 | ERROR    | trading_bot | Order rejected for EURAUD. Possible suspension. Triggering rotation.
2026-09-08 14:02:01 | ERROR    | trading_bot | Error updating CSV for USDJPY: Cannot compare tz-naive and tz-aware timestamps
2026-09-08 14:02:02 | ERROR    | trading_bot | Error updating CSV for AUDUSD: Cannot compare tz-naive and tz-aware timestamps
2026-09-08 14:02:03 | ERROR    | trading_bot | Error updating CSV for AUDUSD: Cannot compare tz-naive and tz-aware timestamps
2026-09-08 14:02:04 | ERROR    | trading_bot | Error updating CSV for AUDUSD: Cannot compare tz-naive and tz-aware timestamps
2026-09-08 14:04:01 | ERROR    | trading_bot | Error updating CSV for USDJPY: Cannot compare tz-naive and tz-aware timestamps
2026-09-08 14:04:02 | ERROR    | trading_bot | Error updating CSV for AUDUSD: Cannot compare tz-naive and tz-aware timestamps
2026-09-08 14:04:03 | ERROR    | trading_bot | Error updating CSV for AUDUSD: Cannot compare tz-naive and tz-aware timestamps
2026-09-08 14:04:04 | ERROR    | trading_bot | Error updating CSV for AUDUSD: Cannot compare tz-naive and tz-aware timestamps
2026-09-08 14:06:01 | ERROR    | trading_bot | Error updating CSV for USDJPY: Cannot compare tz-naive and tz-aware timestamps
2026-09-08 14:06:02 | ERROR    | trading_bot | Error updating CSV for AUDUSD: Cannot compare tz-naive and tz-aware timestamps
2026-09-08 14:06:03 | ERROR    | trading_bot | Error updating CSV for AUDUSD: Cannot compare tz-naive and tz-aware timestamps
2026-09-08 14:06:04 | ERROR    | trading_bot | Error updating CSV for AUDUSD: Cannot compare tz-naive and tz-aware timestamps
2026-09-08 14:08:01 | ERROR    | trading_bot | Error updating CSV for USDJPY: Cannot compare tz-naive and tz-aware timestamps
2026-09-08 14:08:02 | ERROR    | trading_bot | Error updating CSV for AUDUSD: Cannot compare tz-naive and tz-aware timestamps
2026-09-08 14:08:03 | ERROR    | trading_bot | Error updating CSV for AUDUSD: Cannot compare tz-naive and tz-aware timestamps
2026-09-08 14:08:04 | ERROR    | trading_bot | Error updating CSV for AUDUSD: Cannot compare tz-naive and tz-aware timestamps
2026-09-08 14:10:01 | ERROR    | trading_bot | Error updating CSV for USDJPY: Cannot compare tz-naive and tz-aware timestamps
2026-09-08 14:10:02 | ERROR    | trading_bot | Error updating CSV for AUDUSD: Cannot compare tz-naive and tz-aware timestamps
2026-09-08 14:10:03 | ERROR    | trading_bot | Error updating CSV for AUDUSD: Cannot compare tz-naive and tz-aware timestamps
2026-09-08 14:10:04 | ERROR    | trading_bot | Error updating CSV for AUDUSD: Cannot compare tz-naive and tz-aware timestamps
2026-09-08 14:12:01 | ERROR    | trading_bot | Error updating CSV for USDJPY: Cannot compare tz-naive and tz-aware timestamps
2026-09-08 14:12:02 | ERROR    | trading_bot | Error updating CSV for AUDUSD: Cannot compare tz-naive and tz-aware timestamps
2026-09-08 14:12:03 | ERROR    | trading_bot | Error updating CSV for AUDUSD: Cannot compare tz-naive and tz-aware timestamps
2026-09-08 14:12:04 | ERROR    | trading_bot | Error updating CSV for AUDUSD: Cannot compare tz-naive and tz-aware timestamps
2026-09-08 14:14:01 | ERROR    | trading_bot | Error updating CSV for USDJPY: Cannot compare tz-naive and tz-aware timestamps
2026-09-08 14:14:01 | ERROR    | trading_bot | Error updating CSV for AUDUSD: Cannot compare tz-naive and tz-aware timestamps
2026-09-08 14:14:03 | ERROR    | trading_bot | Error updating CSV for AUDUSD: Cannot compare tz-naive and tz-aware timestamps
2026-09-08 14:14:04 | ERROR    | trading_bot | Error updating CSV for AUDUSD: Cannot compare tz-naive and tz-aware timestamps
2026-09-08 14:16:01 | ERROR    | trading_bot | Error updating CSV for USDJPY: Cannot compare tz-naive and tz-aware timestamps
2026-09-08 14:16:02 | ERROR    | trading_bot | Error updating CSV for AUDUSD: Cannot compare tz-naive and tz-aware timestamps
2026-09-08 14:16:03 | ERROR    | trading_bot | Error updating CSV for AUDUSD: Cannot compare tz-naive and tz-aware timestamps
2026-09-08 14:16:04 | ERROR    | trading_bot | Error updating CSV for AUDUSD: Cannot compare tz-naive and tz-aware timestamps
2026-09-08 14:18:01 | ERROR    | trading_bot | Error updating CSV for USDJPY: Cannot compare tz-naive and tz-aware timestamps
2026-09-08 14:18:02 | ERROR    | trading_bot | Error updating CSV for AUDUSD: Cannot compare tz-naive and tz-aware timestamps
2026-09-08 14:18:03 | ERROR    | trading_bot | Error updating CSV for AUDUSD: Cannot compare tz-naive and tz-aware timestamps
2026-09-08 14:18:04 | ERROR    | trading_bot | Error updating CSV for AUDUSD: Cannot compare tz-naive and tz-aware timestamps
2026-09-08 14:20:01 | ERROR    | trading_bot | Error updating CSV for USDJPY: Cannot compare tz-naive and tz-aware timestamps
2026-09-08 14:20:02 | ERROR    | trading_bot | Error updating CSV for AUDUSD: Cannot compare tz-naive and tz-aware timestamps
2026-09-08 14:20:03 | ERROR    | trading_bot | Error updating CSV for AUDUSD: Cannot compare tz-naive and tz-aware timestamps
2026-09-08 14:20:04 | ERROR    | trading_bot | Error updating CSV for AUDUSD: Cannot compare tz-naive and tz-aware timestamps
2026-09-08 14:22:01 | ERROR    | trading_bot | Error updating CSV for USDJPY: Cannot compare tz-naive and tz-aware timestamps
2026-09-08 14:22:02 | ERROR    | trading_bot | Error updating CSV for AUDUSD: Cannot compare tz-naive and tz-aware timestamps
2026-09-08 14:22:03 | ERROR    | trading_bot | Error updating CSV for AUDUSD: Cannot compare tz-naive and tz-aware timestamps
2026-09-08 14:22:04 | ERROR    | trading_bot | Error updating CSV for AUDUSD: Cannot compare tz-naive and tz-aware timestamps
2026-09-08 14:24:01 | ERROR    | trading_bot | Error updating CSV for USDJPY: Cannot compare tz-naive and tz-aware timestamps
2026-09-08 14:24:02 | ERROR    | trading_bot | Error updating CSV for AUDUSD: Cannot compare tz-naive and tz-aware timestamps
2026-09-08 14:24:03 | ERROR    | trading_bot | Error updating CSV for AUDUSD: Cannot compare tz-naive and tz-aware timestamps
2026-09-08 14:24:04 | ERROR    | trading_bot | Error updating CSV for AUDUSD: Cannot compare tz-naive and tz-aware timestamps
2026-09-08 14:26:01 | ERROR    | trading_bot | Error updating CSV for USDJPY: Cannot compare tz-naive and tz-aware timestamps
2026-09-08 14:26:02 | ERROR    | trading_bot | Error updating CSV for AUDUSD: Cannot compare tz-naive and tz-aware timestamps
2026-09-08 14:26:03 | ERROR    | trading_bot | Error updating CSV for AUDUSD: Cannot compare tz-naive and tz-aware timestamps
2026-09-08 14:26:04 | ERROR    | trading_bot | Error updating CSV for AUDUSD: Cannot compare tz-naive and tz-aware timestamps
2026-09-08 14:28:01 | ERROR    | trading_bot | Error updating CSV for USDJPY: Cannot compare tz-naive and tz-aware timestamps
2026-09-08 14:28:01 | ERROR    | trading_bot | Error updating CSV for AUDUSD: Cannot compare tz-naive and tz-aware timestamps
2026-09-08 14:28:02 | ERROR    | trading_bot | Error updating CSV for AUDUSD: Cannot compare tz-naive and tz-aware timestamps
2026-09-08 14:28:03 | ERROR    | trading_bot | Error updating CSV for AUDUSD: Cannot compare tz-naive and tz-aware timestamps
2026-09-08 14:30:01 | ERROR    | trading_bot | Error updating CSV for USDJPY: Cannot compare tz-naive and tz-aware timestamps
2026-09-08 14:30:02 | ERROR    | trading_bot | Error updating CSV for AUDUSD: Cannot compare tz-naive and tz-aware timestamps
2026-09-08 14:30:03 | ERROR    | trading_bot | Error updating CSV for AUDUSD: Cannot compare tz-naive and tz-aware timestamps
2026-09-08 14:30:04 | ERROR    | trading_bot | Error updating CSV for AUDUSD: Cannot compare tz-naive and tz-aware timestamps
2026-09-08 14:32:01 | ERROR    | trading_bot | Error updating CSV for USDJPY: Cannot compare tz-naive and tz-aware timestamps
2026-09-08 14:32:02 | ERROR    | trading_bot | Error updating CSV for AUDUSD: Cannot compare tz-naive and tz-aware timestamps
2026-09-08 14:32:03 | ERROR    | trading_bot | Error updating CSV for AUDUSD: Cannot compare tz-naive and tz-aware timestamps
2026-09-08 14:32:04 | ERROR    | trading_bot | Error updating CSV for AUDUSD: Cannot compare tz-naive and tz-aware timestamps
2026-09-08 14:34:01 | ERROR    | trading_bot | Error updating CSV for USDJPY: Cannot compare tz-naive and tz-aware timestamps
2026-09-08 14:34:02 | ERROR    | trading_bot | Error updating CSV for AUDUSD: Cannot compare tz-naive and tz-aware timestamps
2026-09-08 14:34:03 | ERROR    | trading_bot | Error updating CSV for AUDUSD: Cannot compare tz-naive and tz-aware timestamps
2026-09-08 14:34:04 | ERROR    | trading_bot | Error updating CSV for AUDUSD: Cannot compare tz-naive and tz-aware timestamps
2026-09-08 14:36:01 | ERROR    | trading_bot | Error updating CSV for USDJPY: Cannot compare tz-naive and tz-aware timestamps
2026-09-08 14:36:02 | ERROR    | trading_bot | Error updating CSV for AUDUSD: Cannot compare tz-naive and tz-aware timestamps
2026-09-08 14:36:03 | ERROR    | trading_bot | Error updating CSV for AUDUSD: Cannot compare tz-naive and tz-aware timestamps
2026-09-08 14:36:04 | ERROR    | trading_bot | Error updating CSV for AUDUSD: Cannot compare tz-naive and tz-aware timestamps
2026-09-08 14:38:01 | ERROR    | trading_bot | Error updating CSV for USDJPY: Cannot compare tz-naive and tz-aware timestamps
2026-09-08 14:38:02 | ERROR    | trading_bot | Error updating CSV for AUDUSD: Cannot compare tz-naive and tz-aware timestamps
2026-09-08 14:38:03 | ERROR    | trading_bot | Error updating CSV for AUDUSD: Cannot compare tz-naive and tz-aware timestamps
2026-09-08 14:38:04 | ERROR    | trading_bot | Error updating CSV for AUDUSD: Cannot compare tz-naive and tz-aware timestamps
2026-09-08 14:40:02 | ERROR    | trading_bot | Error updating CSV for USDJPY: Cannot compare tz-naive and tz-aware timestamps
2026-09-08 14:40:02 | ERROR    | trading_bot | Error updating CSV for AUDUSD: Cannot compare tz-naive and tz-aware timestamps
2026-09-08 14:40:03 | ERROR    | trading_bot | Error updating CSV for AUDUSD: Cannot compare tz-naive and tz-aware timestamps
2026-09-08 14:40:04 | ERROR    | trading_bot | Error updating CSV for AUDUSD: Cannot compare tz-naive and tz-aware timestamps
2026-09-08 14:42:01 | ERROR    | trading_bot | Error updating CSV for USDJPY: Cannot compare tz-naive and tz-aware timestamps
2026-09-08 14:42:02 | ERROR    | trading_bot | Error updating CSV for AUDUSD: Cannot compare tz-naive and tz-aware timestamps
2026-09-08 14:42:03 | ERROR    | trading_bot | Error updating CSV for AUDUSD: Cannot compare tz-naive and tz-aware timestamps
2026-09-08 14:42:04 | ERROR    | trading_bot | Error updating CSV for AUDUSD: Cannot compare tz-naive and tz-aware timestamps
2026-09-08 14:44:01 | ERROR    | trading_bot | Error updating CSV for USDJPY: Cannot compare tz-naive and tz-aware timestamps
2026-09-08 14:44:02 | ERROR    | trading_bot | Error updating CSV for AUDUSD: Cannot compare tz-naive and tz-aware timestamps
2026-09-08 14:44:03 | ERROR    | trading_bot | Error updating CSV for AUDUSD: Cannot compare tz-naive and tz-aware timestamps
2026-09-08 14:44:04 | ERROR    | trading_bot | Error updating CSV for AUDUSD: Cannot compare tz-naive and tz-aware timestamps
2026-09-08 14:46:01 | ERROR    | trading_bot | Error updating CSV for USDJPY: Cannot compare tz-naive and tz-aware timestamps
2026-09-08 14:46:02 | ERROR    | trading_bot | Error updating CSV for AUDUSD: Cannot compare tz-naive and tz-aware timestamps
2026-09-08 14:46:03 | ERROR    | trading_bot | Error updating CSV for AUDUSD: Cannot compare tz-naive and tz-aware timestamps
2026-09-08 14:46:04 | ERROR    | trading_bot | Error updating CSV for AUDUSD: Cannot compare tz-naive and tz-aware timestamps
2026-09-08 14:48:01 | ERROR    | trading_bot | Error updating CSV for USDJPY: Cannot compare tz-naive and tz-aware timestamps
2026-09-08 14:48:02 | ERROR    | trading_bot | Error updating CSV for AUDUSD: Cannot compare tz-naive and tz-aware timestamps
2026-09-08 14:48:03 | ERROR    | trading_bot | Error updating CSV for AUDUSD: Cannot compare tz-naive and tz-aware timestamps
2026-09-08 14:48:04 | ERROR    | trading_bot | Error updating CSV for AUDUSD: Cannot compare tz-naive and tz-aware timestamps
2026-09-08 14:50:01 | ERROR    | trading_bot | Error updating CSV for USDJPY: Cannot compare tz-naive and tz-aware timestamps
2026-09-08 14:50:02 | ERROR    | trading_bot | Error updating CSV for AUDUSD: Cannot compare tz-naive and tz-aware timestamps
2026-09-08 14:50:03 | ERROR    | trading_bot | Error updating CSV for AUDUSD: Cannot compare tz-naive and tz-aware timestamps
2026-09-08 14:50:05 | ERROR    | trading_bot | Error updating CSV for AUDUSD: Cannot compare tz-naive and tz-aware timestamps
2026-09-08 14:52:01 | ERROR    | trading_bot | Error updating CSV for USDJPY: Cannot compare tz-naive and tz-aware timestamps
2026-09-08 14:52:02 | ERROR    | trading_bot | Error updating CSV for AUDUSD: Cannot compare tz-naive and tz-aware timestamps
2026-09-08 14:52:03 | ERROR    | trading_bot | Error updating CSV for AUDUSD: Cannot compare tz-naive and tz-aware timestamps
2026-09-08 14:52:04 | ERROR    | trading_bot | Error updating CSV for AUDUSD: Cannot compare tz-naive and tz-aware timestamps
2026-09-08 14:54:01 | ERROR    | trading_bot | Error updating CSV for USDJPY: Cannot compare tz-naive and tz-aware timestamps
2026-09-08 14:54:03 | ERROR    | trading_bot | Error updating CSV for AUDUSD: Cannot compare tz-naive and tz-aware timestamps
2026-09-08 14:54:04 | ERROR    | trading_bot | Error updating CSV for AUDUSD: Cannot compare tz-naive and tz-aware timestamps
2026-09-08 14:54:04 | ERROR    | trading_bot | Error updating CSV for AUDUSD: Cannot compare tz-naive and tz-aware timestamps
2026-09-08 14:56:01 | ERROR    | trading_bot | Error updating CSV for USDJPY: Cannot compare tz-naive and tz-aware timestamps
2026-09-08 14:56:02 | ERROR    | trading_bot | Error updating CSV for AUDUSD: Cannot compare tz-naive and tz-aware timestamps
2026-09-08 14:56:03 | ERROR    | trading_bot | Error updating CSV for AUDUSD: Cannot compare tz-naive and tz-aware timestamps
2026-09-08 14:56:04 | ERROR    | trading_bot | Error updating CSV for AUDUSD: Cannot compare tz-naive and tz-aware timestamps
2026-09-08 14:58:01 | ERROR    | trading_bot | Error updating CSV for USDJPY: Cannot compare tz-naive and tz-aware timestamps
2026-09-08 14:58:02 | ERROR    | trading_bot | Error updating CSV for AUDUSD: Cannot compare tz-naive and tz-aware timestamps
2026-09-08 14:58:03 | ERROR    | trading_bot | Error updating CSV for AUDUSD: Cannot compare tz-naive and tz-aware timestamps
2026-09-08 14:58:04 | ERROR    | trading_bot | Error updating CSV for AUDUSD: Cannot compare tz-naive and tz-aware timestamps
2026-09-08 15:00:01 | ERROR    | trading_bot | Error updating CSV for USDJPY: Cannot compare tz-naive and tz-aware timestamps
2026-09-08 15:00:02 | ERROR    | trading_bot | Error updating CSV for AUDUSD: Cannot compare tz-naive and tz-aware timestamps
2026-09-08 15:00:03 | ERROR    | trading_bot | Error updating CSV for AUDUSD: Cannot compare tz-naive and tz-aware timestamps
2026-09-08 15:00:04 | ERROR    | trading_bot | Error updating CSV for AUDUSD: Cannot compare tz-naive and tz-aware timestamps
2026-09-08 15:02:01 | ERROR    | trading_bot | Error updating CSV for USDJPY: Cannot compare tz-naive and tz-aware timestamps
2026-09-08 15:02:02 | ERROR    | trading_bot | Error updating CSV for AUDUSD: Cannot compare tz-naive and tz-aware timestamps
2026-09-08 15:02:03 | ERROR    | trading_bot | Error updating CSV for AUDUSD: Cannot compare tz-naive and tz-aware timestamps
2026-09-08 15:02:04 | ERROR    | trading_bot | Error updating CSV for AUDUSD: Cannot compare tz-naive and tz-aware timestamps
2026-09-08 15:04:01 | ERROR    | trading_bot | Error updating CSV for USDJPY: Cannot compare tz-naive and tz-aware timestamps
2026-09-08 15:04:02 | ERROR    | trading_bot | Error updating CSV for AUDUSD: Cannot compare tz-naive and tz-aware timestamps
2026-09-08 15:04:03 | ERROR    | trading_bot | Error updating CSV for AUDUSD: Cannot compare tz-naive and tz-aware timestamps
2026-09-08 15:04:04 | ERROR    | trading_bot | Error updating CSV for AUDUSD: Cannot compare tz-naive and tz-aware timestamps
2026-09-08 15:06:02 | ERROR    | trading_bot | Error updating CSV for USDJPY: Cannot compare tz-naive and tz-aware timestamps
2026-09-08 15:06:03 | ERROR    | trading_bot | Error updating CSV for AUDUSD: Cannot compare tz-naive and tz-aware timestamps
2026-09-08 15:06:04 | ERROR    | trading_bot | Error updating CSV for AUDUSD: Cannot compare tz-naive and tz-aware timestamps
2026-09-08 15:06:06 | ERROR    | trading_bot | Error updating CSV for AUDUSD: Cannot compare tz-naive and tz-aware timestamps
2026-09-08 15:08:01 | ERROR    | trading_bot | Error updating CSV for USDJPY: Cannot compare tz-naive and tz-aware timestamps
2026-09-08 15:08:03 | ERROR    | trading_bot | Error updating CSV for AUDUSD: Cannot compare tz-naive and tz-aware timestamps
2026-09-08 15:08:04 | ERROR    | trading_bot | Error updating CSV for AUDUSD: Cannot compare tz-naive and tz-aware timestamps
2026-09-08 15:08:05 | ERROR    | trading_bot | Error updating CSV for AUDUSD: Cannot compare tz-naive and tz-aware timestamps
2026-09-08 15:10:01 | ERROR    | trading_bot | Error updating CSV for USDJPY: Cannot compare tz-naive and tz-aware timestamps
2026-09-08 15:10:02 | ERROR    | trading_bot | Error updating CSV for AUDUSD: Cannot compare tz-naive and tz-aware timestamps
2026-09-08 15:10:03 | ERROR    | trading_bot | Error updating CSV for AUDUSD: Cannot compare tz-naive and tz-aware timestamps
2026-09-08 15:10:05 | ERROR    | trading_bot | Error updating CSV for AUDUSD: Cannot compare tz-naive and tz-aware timestamps
2026-09-08 15:12:01 | ERROR    | trading_bot | Error updating CSV for USDJPY: Cannot compare tz-naive and tz-aware timestamps
2026-09-08 15:12:02 | ERROR    | trading_bot | Error updating CSV for AUDUSD: Cannot compare tz-naive and tz-aware timestamps
2026-09-08 15:12:04 | ERROR    | trading_bot | Error updating CSV for AUDUSD: Cannot compare tz-naive and tz-aware timestamps
2026-09-08 15:12:05 | ERROR    | trading_bot | Error updating CSV for AUDUSD: Cannot compare tz-naive and tz-aware timestamps
2026-09-08 15:14:01 | ERROR    | trading_bot | Error updating CSV for USDJPY: Cannot compare tz-naive and tz-aware timestamps
2026-09-08 15:14:03 | ERROR    | trading_bot | Error updating CSV for AUDUSD: Cannot compare tz-naive and tz-aware timestamps
2026-09-08 15:14:04 | ERROR    | trading_bot | Error updating CSV for AUDUSD: Cannot compare tz-naive and tz-aware timestamps
2026-09-08 15:14:05 | ERROR    | trading_bot | Error updating CSV for AUDUSD: Cannot compare tz-naive and tz-aware timestamps
2026-09-08 15:16:01 | ERROR    | trading_bot | Error updating CSV for USDJPY: Cannot compare tz-naive and tz-aware timestamps
2026-09-08 15:16:03 | ERROR    | trading_bot | Error updating CSV for AUDUSD: Cannot compare tz-naive and tz-aware timestamps
2026-09-08 15:16:04 | ERROR    | trading_bot | Error updating CSV for AUDUSD: Cannot compare tz-naive and tz-aware timestamps
2026-09-08 15:16:05 | ERROR    | trading_bot | Error updating CSV for AUDUSD: Cannot compare tz-naive and tz-aware timestamps
2026-09-08 15:18:01 | ERROR    | trading_bot | Error updating CSV for USDJPY: Cannot compare tz-naive and tz-aware timestamps
2026-09-08 15:18:02 | ERROR    | trading_bot | Error updating CSV for AUDUSD: Cannot compare tz-naive and tz-aware timestamps
2026-09-08 15:18:03 | ERROR    | trading_bot | Error updating CSV for AUDUSD: Cannot compare tz-naive and tz-aware timestamps
2026-09-08 15:18:04 | ERROR    | trading_bot | Error updating CSV for AUDUSD: Cannot compare tz-naive and tz-aware timestamps
2026-09-08 15:20:01 | ERROR    | trading_bot | Error updating CSV for USDJPY: Cannot compare tz-naive and tz-aware timestamps
2026-09-08 15:20:02 | ERROR    | trading_bot | Error updating CSV for AUDUSD: Cannot compare tz-naive and tz-aware timestamps
2026-09-08 15:20:03 | ERROR    | trading_bot | Error updating CSV for AUDUSD: Cannot compare tz-naive and tz-aware timestamps
2026-09-08 15:20:04 | ERROR    | trading_bot | Error updating CSV for AUDUSD: Cannot compare tz-naive and tz-aware timestamps
2026-09-08 15:22:15 | ERROR    | trading_bot | Error updating CSV for USDJPY: Cannot compare tz-naive and tz-aware timestamps
2026-09-08 15:22:20 | ERROR    | trading_bot | Error updating CSV for AUDUSD: Cannot compare tz-naive and tz-aware timestamps
2026-09-08 15:22:27 | ERROR    | trading_bot | Error updating CSV for AUDUSD: Cannot compare tz-naive and tz-aware timestamps
2026-09-08 15:22:29 | ERROR    | trading_bot | Error updating CSV for AUDUSD: Cannot compare tz-naive and tz-aware timestamps
2026-09-08 15:24:01 | ERROR    | trading_bot | Error updating CSV for USDJPY: Cannot compare tz-naive and tz-aware timestamps
2026-09-08 15:24:02 | ERROR    | trading_bot | Error updating CSV for AUDUSD: Cannot compare tz-naive and tz-aware timestamps
2026-09-08 15:24:03 | ERROR    | trading_bot | Error updating CSV for AUDUSD: Cannot compare tz-naive and tz-aware timestamps
2026-09-08 15:24:04 | ERROR    | trading_bot | Error updating CSV for AUDUSD: Cannot compare tz-naive and tz-aware timestamps
2026-09-08 15:26:01 | ERROR    | trading_bot | Error updating CSV for USDJPY: Cannot compare tz-naive and tz-aware timestamps
2026-09-08 15:26:02 | ERROR    | trading_bot | Error updating CSV for AUDUSD: Cannot compare tz-naive and tz-aware timestamps
2026-09-08 15:26:03 | ERROR    | trading_bot | Error updating CSV for AUDUSD: Cannot compare tz-naive and tz-aware timestamps
2026-09-08 15:26:04 | ERROR    | trading_bot | Error updating CSV for AUDUSD: Cannot compare tz-naive and tz-aware timestamps
2026-09-08 15:28:01 | ERROR    | trading_bot | Error updating CSV for USDJPY: Cannot compare tz-naive and tz-aware timestamps
2026-09-08 15:28:02 | ERROR    | trading_bot | Error updating CSV for AUDUSD: Cannot compare tz-naive and tz-aware timestamps
2026-09-08 15:28:03 | ERROR    | trading_bot | Error updating CSV for AUDUSD: Cannot compare tz-naive and tz-aware timestamps
2026-09-08 15:28:04 | ERROR    | trading_bot | Error updating CSV for AUDUSD: Cannot compare tz-naive and tz-aware timestamps
2026-09-08 15:30:01 | ERROR    | trading_bot | Error updating CSV for USDJPY: Cannot compare tz-naive and tz-aware timestamps
2026-09-08 15:30:02 | ERROR    | trading_bot | Error updating CSV for AUDUSD: Cannot compare tz-naive and tz-aware timestamps
2026-09-08 15:30:03 | ERROR    | trading_bot | Error updating CSV for AUDUSD: Cannot compare tz-naive and tz-aware timestamps
2026-09-08 15:30:04 | ERROR    | trading_bot | Error updating CSV for AUDUSD: Cannot compare tz-naive and tz-aware timestamps
2026-09-08 15:32:01 | ERROR    | trading_bot | Error updating CSV for USDJPY: Cannot compare tz-naive and tz-aware timestamps
2026-09-08 15:32:02 | ERROR    | trading_bot | Error updating CSV for AUDUSD: Cannot compare tz-naive and tz-aware timestamps
2026-09-08 15:32:03 | ERROR    | trading_bot | Error updating CSV for AUDUSD: Cannot compare tz-naive and tz-aware timestamps
2026-09-08 15:32:04 | ERROR    | trading_bot | Error updating CSV for AUDUSD: Cannot compare tz-naive and tz-aware timestamps
2026-09-08 15:34:01 | ERROR    | trading_bot | Error updating CSV for USDJPY: Cannot compare tz-naive and tz-aware timestamps
2026-09-08 15:34:03 | ERROR    | trading_bot | Error updating CSV for AUDUSD: Cannot compare tz-naive and tz-aware timestamps
2026-09-08 15:34:04 | ERROR    | trading_bot | Error updating CSV for AUDUSD: Cannot compare tz-naive and tz-aware timestamps
2026-09-08 15:34:05 | ERROR    | trading_bot | Error updating CSV for AUDUSD: Cannot compare tz-naive and tz-aware timestamps
2026-09-08 15:36:01 | ERROR    | trading_bot | Error updating CSV for USDJPY: Cannot compare tz-naive and tz-aware timestamps
2026-09-08 15:36:02 | ERROR    | trading_bot | Error updating CSV for AUDUSD: Cannot compare tz-naive and tz-aware timestamps
2026-09-08 15:36:03 | ERROR    | trading_bot | Error updating CSV for AUDUSD: Cannot compare tz-naive and tz-aware timestamps
2026-09-08 15:36:04 | ERROR    | trading_bot | Error updating CSV for AUDUSD: Cannot compare tz-naive and tz-aware timestamps
2026-09-08 15:38:01 | ERROR    | trading_bot | Error updating CSV for USDJPY: Cannot compare tz-naive and tz-aware timestamps
2026-09-08 15:38:02 | ERROR    | trading_bot | Error updating CSV for AUDUSD: Cannot compare tz-naive and tz-aware timestamps
2026-09-08 15:38:04 | ERROR    | trading_bot | Error updating CSV for AUDUSD: Cannot compare tz-naive and tz-aware timestamps
2026-09-08 15:38:05 | ERROR    | trading_bot | Error updating CSV for AUDUSD: Cannot compare tz-naive and tz-aware timestamps
2026-09-08 15:40:01 | ERROR    | trading_bot | Error updating CSV for USDJPY: Cannot compare tz-naive and tz-aware timestamps
2026-09-08 15:40:02 | ERROR    | trading_bot | Error updating CSV for AUDUSD: Cannot compare tz-naive and tz-aware timestamps
2026-09-08 15:40:03 | ERROR    | trading_bot | Error updating CSV for AUDUSD: Cannot compare tz-naive and tz-aware timestamps
2026-09-08 15:40:04 | ERROR    | trading_bot | Error updating CSV for AUDUSD: Cannot compare tz-naive and tz-aware timestamps
2026-09-08 15:42:01 | ERROR    | trading_bot | Error updating CSV for USDJPY: Cannot compare tz-naive and tz-aware timestamps
2026-09-08 15:42:02 | ERROR    | trading_bot | Error updating CSV for AUDUSD: Cannot compare tz-naive and tz-aware timestamps
2026-09-08 15:42:03 | ERROR    | trading_bot | Error updating CSV for AUDUSD: Cannot compare tz-naive and tz-aware timestamps
2026-09-08 15:42:04 | ERROR    | trading_bot | Error updating CSV for AUDUSD: Cannot compare tz-naive and tz-aware timestamps
2026-09-08 15:44:01 | ERROR    | trading_bot | Error updating CSV for USDJPY: Cannot compare tz-naive and tz-aware timestamps
2026-09-08 15:44:02 | ERROR    | trading_bot | Error updating CSV for AUDUSD: Cannot compare tz-naive and tz-aware timestamps
2026-09-08 15:44:03 | ERROR    | trading_bot | Error updating CSV for AUDUSD: Cannot compare tz-naive and tz-aware timestamps
2026-09-08 15:44:04 | ERROR    | trading_bot | Error updating CSV for AUDUSD: Cannot compare tz-naive and tz-aware timestamps
2026-09-08 15:46:01 | ERROR    | trading_bot | Error updating CSV for USDJPY: Cannot compare tz-naive and tz-aware timestamps
2026-09-08 15:46:02 | ERROR    | trading_bot | Error updating CSV for AUDUSD: Cannot compare tz-naive and tz-aware timestamps
2026-09-08 15:46:04 | ERROR    | trading_bot | Error updating CSV for AUDUSD: Cannot compare tz-naive and tz-aware timestamps
2026-09-08 15:46:05 | ERROR    | trading_bot | Error updating CSV for AUDUSD: Cannot compare tz-naive and tz-aware timestamps
2026-09-08 15:48:01 | ERROR    | trading_bot | Error updating CSV for USDJPY: Cannot compare tz-naive and tz-aware timestamps
2026-09-08 15:48:02 | ERROR    | trading_bot | Error updating CSV for AUDUSD: Cannot compare tz-naive and tz-aware timestamps
2026-09-08 15:48:03 | ERROR    | trading_bot | Error updating CSV for AUDUSD: Cannot compare tz-naive and tz-aware timestamps
2026-09-08 15:48:05 | ERROR    | trading_bot | Error updating CSV for AUDUSD: Cannot compare tz-naive and tz-aware timestamps
2026-09-08 15:50:02 | ERROR    | trading_bot | Error updating CSV for USDJPY: Cannot compare tz-naive and tz-aware timestamps
2026-09-08 15:50:03 | ERROR    | trading_bot | Error updating CSV for AUDUSD: Cannot compare tz-naive and tz-aware timestamps
2026-09-08 15:50:04 | ERROR    | trading_bot | Error updating CSV for AUDUSD: Cannot compare tz-naive and tz-aware timestamps
2026-09-08 15:50:05 | ERROR    | trading_bot | Error updating CSV for AUDUSD: Cannot compare tz-naive and tz-aware timestamps
2026-09-08 15:52:01 | ERROR    | trading_bot | Error updating CSV for USDJPY: Cannot compare tz-naive and tz-aware timestamps
2026-09-08 15:52:02 | ERROR    | trading_bot | Error updating CSV for AUDUSD: Cannot compare tz-naive and tz-aware timestamps
2026-09-08 15:52:03 | ERROR    | trading_bot | Error updating CSV for AUDUSD: Cannot compare tz-naive and tz-aware timestamps
2026-09-08 15:52:04 | ERROR    | trading_bot | Error updating CSV for AUDUSD: Cannot compare tz-naive and tz-aware timestamps
2026-09-08 15:54:02 | ERROR    | trading_bot | Error updating CSV for USDJPY: Cannot compare tz-naive and tz-aware timestamps
2026-09-08 15:54:03 | ERROR    | trading_bot | Error updating CSV for AUDUSD: Cannot compare tz-naive and tz-aware timestamps
2026-09-08 15:54:04 | ERROR    | trading_bot | Error updating CSV for AUDUSD: Cannot compare tz-naive and tz-aware timestamps
2026-09-08 15:54:05 | ERROR    | trading_bot | Error updating CSV for AUDUSD: Cannot compare tz-naive and tz-aware timestamps
2026-09-08 15:56:01 | ERROR    | trading_bot | Error updating CSV for USDJPY: Cannot compare tz-naive and tz-aware timestamps
2026-09-08 15:56:02 | ERROR    | trading_bot | Error updating CSV for AUDUSD: Cannot compare tz-naive and tz-aware timestamps
2026-09-08 15:56:04 | ERROR    | trading_bot | Error updating CSV for AUDUSD: Cannot compare tz-naive and tz-aware timestamps
2026-09-08 15:56:05 | ERROR    | trading_bot | Error updating CSV for AUDUSD: Cannot compare tz-naive and tz-aware timestamps
2026-09-08 15:58:01 | ERROR    | trading_bot | Error updating CSV for USDJPY: Cannot compare tz-naive and tz-aware timestamps
2026-09-08 15:58:03 | ERROR    | trading_bot | Error updating CSV for AUDUSD: Cannot compare tz-naive and tz-aware timestamps
2026-09-08 15:58:04 | ERROR    | trading_bot | Error updating CSV for AUDUSD: Cannot compare tz-naive and tz-aware timestamps
2026-09-08 15:58:06 | ERROR    | trading_bot | Error updating CSV for AUDUSD: Cannot compare tz-naive and tz-aware timestamps
2026-09-08 16:00:01 | ERROR    | trading_bot | Error updating CSV for USDJPY: Cannot compare tz-naive and tz-aware timestamps
2026-09-08 16:00:02 | ERROR    | trading_bot | Error updating CSV for AUDUSD: Cannot compare tz-naive and tz-aware timestamps
2026-09-08 16:00:03 | ERROR    | trading_bot | Error updating CSV for AUDUSD: Cannot compare tz-naive and tz-aware timestamps
2026-09-08 16:00:04 | ERROR    | trading_bot | Error updating CSV for AUDUSD: Cannot compare tz-naive and tz-aware timestamps
2026-09-08 16:02:01 | ERROR    | trading_bot | Error updating CSV for USDJPY: Cannot compare tz-naive and tz-aware timestamps
2026-09-08 16:02:02 | ERROR    | trading_bot | Error updating CSV for AUDUSD: Cannot compare tz-naive and tz-aware timestamps
2026-09-08 16:02:03 | ERROR    | trading_bot | Error updating CSV for AUDUSD: Cannot compare tz-naive and tz-aware timestamps
2026-09-08 16:02:05 | ERROR    | trading_bot | Error updating CSV for AUDUSD: Cannot compare tz-naive and tz-aware timestamps
2026-09-08 16:04:01 | ERROR    | trading_bot | Error updating CSV for USDJPY: Cannot compare tz-naive and tz-aware timestamps
2026-09-08 16:04:02 | ERROR    | trading_bot | Error updating CSV for AUDUSD: Cannot compare tz-naive and tz-aware timestamps
2026-09-08 16:04:03 | ERROR    | trading_bot | Error updating CSV for AUDUSD: Cannot compare tz-naive and tz-aware timestamps
2026-09-08 16:04:04 | ERROR    | trading_bot | Error updating CSV for AUDUSD: Cannot compare tz-naive and tz-aware timestamps
2026-09-08 16:06:01 | ERROR    | trading_bot | Error updating CSV for USDJPY: Cannot compare tz-naive and tz-aware timestamps
2026-09-08 16:06:02 | ERROR    | trading_bot | Error updating CSV for AUDUSD: Cannot compare tz-naive and tz-aware timestamps
2026-09-08 16:06:03 | ERROR    | trading_bot | Error updating CSV for AUDUSD: Cannot compare tz-naive and tz-aware timestamps
2026-09-08 16:06:04 | ERROR    | trading_bot | Error updating CSV for AUDUSD: Cannot compare tz-naive and tz-aware timestamps
2026-09-08 16:08:01 | ERROR    | trading_bot | Error updating CSV for USDJPY: Cannot compare tz-naive and tz-aware timestamps
2026-09-08 16:08:02 | ERROR    | trading_bot | Error updating CSV for AUDUSD: Cannot compare tz-naive and tz-aware timestamps
2026-09-08 16:08:03 | ERROR    | trading_bot | Error updating CSV for AUDUSD: Cannot compare tz-naive and tz-aware timestamps
2026-09-08 16:08:04 | ERROR    | trading_bot | Error updating CSV for AUDUSD: Cannot compare tz-naive and tz-aware timestamps
2026-09-08 16:10:01 | ERROR    | trading_bot | Error updating CSV for USDJPY: Cannot compare tz-naive and tz-aware timestamps
2026-09-08 16:10:02 | ERROR    | trading_bot | Error updating CSV for AUDUSD: Cannot compare tz-naive and tz-aware timestamps
2026-09-08 16:10:03 | ERROR    | trading_bot | Error updating CSV for AUDUSD: Cannot compare tz-naive and tz-aware timestamps
2026-09-08 16:10:04 | ERROR    | trading_bot | Error updating CSV for AUDUSD: Cannot compare tz-naive and tz-aware timestamps
2026-09-08 16:12:03 | ERROR    | trading_bot | Error updating CSV for USDJPY: Cannot compare tz-naive and tz-aware timestamps
2026-09-08 16:12:05 | ERROR    | trading_bot | Error updating CSV for AUDUSD: Cannot compare tz-naive and tz-aware timestamps
2026-09-08 16:12:07 | ERROR    | trading_bot | Error updating CSV for AUDUSD: Cannot compare tz-naive and tz-aware timestamps
2026-09-08 16:12:09 | ERROR    | trading_bot | Error updating CSV for AUDUSD: Cannot compare tz-naive and tz-aware timestamps
2026-09-08 16:14:15 | ERROR    | trading_bot | Error updating CSV for USDJPY: Cannot compare tz-naive and tz-aware timestamps
2026-09-08 16:14:17 | ERROR    | trading_bot | Error updating CSV for AUDUSD: Cannot compare tz-naive and tz-aware timestamps
2026-09-08 16:14:19 | ERROR    | trading_bot | Error updating CSV for AUDUSD: Cannot compare tz-naive and tz-aware timestamps
2026-09-08 16:14:21 | ERROR    | trading_bot | Error updating CSV for AUDUSD: Cannot compare tz-naive and tz-aware timestamps
2026-09-08 16:16:03 | ERROR    | trading_bot | Error updating CSV for USDJPY: Cannot compare tz-naive and tz-aware timestamps
2026-09-08 16:16:05 | ERROR    | trading_bot | Error updating CSV for AUDUSD: Cannot compare tz-naive and tz-aware timestamps
2026-09-08 16:16:06 | ERROR    | trading_bot | Error updating CSV for AUDUSD: Cannot compare tz-naive and tz-aware timestamps
2026-09-08 16:16:08 | ERROR    | trading_bot | Error updating CSV for AUDUSD: Cannot compare tz-naive and tz-aware timestamps
2026-09-08 16:18:01 | ERROR    | trading_bot | Error updating CSV for USDJPY: Cannot compare tz-naive and tz-aware timestamps
2026-09-08 16:18:02 | ERROR    | trading_bot | Error updating CSV for AUDUSD: Cannot compare tz-naive and tz-aware timestamps
2026-09-08 16:18:04 | ERROR    | trading_bot | Error updating CSV for AUDUSD: Cannot compare tz-naive and tz-aware timestamps
2026-09-08 16:18:05 | ERROR    | trading_bot | Error updating CSV for AUDUSD: Cannot compare tz-naive and tz-aware timestamps
2026-09-08 16:20:01 | ERROR    | trading_bot | Error updating CSV for USDJPY: Cannot compare tz-naive and tz-aware timestamps
2026-09-08 16:20:02 | ERROR    | trading_bot | Error updating CSV for AUDUSD: Cannot compare tz-naive and tz-aware timestamps
2026-09-08 16:20:03 | ERROR    | trading_bot | Error updating CSV for AUDUSD: Cannot compare tz-naive and tz-aware timestamps
2026-09-08 16:20:04 | ERROR    | trading_bot | Error updating CSV for AUDUSD: Cannot compare tz-naive and tz-aware timestamps
2026-09-08 21:45:35 | ERROR    | trading_bot | Error updating CSV for USDJPY: Cannot compare tz-naive and tz-aware timestamps
2026-09-08 21:45:37 | ERROR    | trading_bot | Error updating CSV for AUDUSD: Cannot compare tz-naive and tz-aware timestamps
2026-09-08 21:45:42 | ERROR    | trading_bot | Error updating CSV for AUDUSD: Cannot compare tz-naive and tz-aware timestamps
2026-09-08 21:47:49 | ERROR    | trading_bot | Error updating CSV for USDJPY: Cannot compare tz-naive and tz-aware timestamps
2026-09-08 21:47:54 | ERROR    | trading_bot | Error updating CSV for AUDUSD: Cannot compare tz-naive and tz-aware timestamps
2026-09-08 21:47:58 | ERROR    | trading_bot | Error updating CSV for AUDUSD: Cannot compare tz-naive and tz-aware timestamps
2026-09-08 21:50:15 | ERROR    | trading_bot | Timeout while fetching candles for USDJPY
2026-09-10 09:40:25 | ERROR    | trading_bot | Order rejected for AUDUSD. Possible suspension. Triggering rotation.
2026-09-10 09:50:07 | ERROR    | trading_bot | Order rejected for USDJPY. Possible suspension. Triggering rotation.
2026-09-10 09:56:39 | ERROR    | trading_bot | Order rejected for EURGBP. Possible suspension. Triggering rotation.
2026-09-10 10:08:08 | ERROR    | trading_bot | Order rejected for EURGBP. Possible suspension. Triggering rotation.
2026-09-10 10:16:06 | ERROR    | trading_bot | Order rejected for EURAUD. Possible suspension. Triggering rotation.
2026-09-10 10:26:09 | ERROR    | trading_bot | Order rejected for EURAUD. Possible suspension. Triggering rotation.
2026-09-10 10:36:06 | ERROR    | trading_bot | Order rejected for USDCAD. Possible suspension. Triggering rotation.
2026-09-10 10:46:07 | ERROR    | trading_bot | Order rejected for NZDUSD. Possible suspension. Triggering rotation.
2026-09-10 10:54:09 | ERROR    | trading_bot | Order rejected for EURUSD. Possible suspension. Triggering rotation.
2026-09-10 11:01:29 | ERROR    | trading_bot | Order rejected for USDCAD. Possible suspension. Triggering rotation.
2026-09-10 11:06:04 | ERROR    | trading_bot | Order rejected for GBPUSD. Possible suspension. Triggering rotation.
2026-09-10 11:14:07 | ERROR    | trading_bot | Order rejected for GBPUSD. Possible suspension. Triggering rotation.
2026-09-10 11:20:00 | ERROR    | trading_bot | Order rejected for USDCHF. Possible suspension. Triggering rotation.
2026-09-10 11:32:06 | ERROR    | trading_bot | Order rejected for USDCHF. Possible suspension. Triggering rotation.
2026-09-10 11:54:15 | ERROR    | trading_bot | Timeout while fetching candles for AUDCAD
2026-09-10 11:54:21 | ERROR    | trading_bot | No active backup pairs found!
2026-09-10 19:18:09 | ERROR    | trading_bot | Timeout while fetching candles for AUDCAD
2026-09-11 10:14:59 | ERROR    | trading_bot | Reconnection failed: Expecting value: line 1 column 2 (char 1)
2026-09-11 14:26:08 | ERROR    | trading_bot | Order rejected for AUDCAD. Possible suspension. Triggering rotation.
2026-09-11 14:34:06 | ERROR    | trading_bot | Order rejected for EURGBP. Possible suspension. Triggering rotation.
2026-09-11 14:50:10 | ERROR    | trading_bot | Timeout while fetching candles for USDJPY
2026-09-12 13:40:16 | ERROR    | trading_bot | Order rejected for ETHUSD. Possible suspension. Triggering rotation.
2026-09-12 14:10:41 | ERROR    | trading_bot | Order rejected for BTCUSD. Possible suspension. Triggering rotation.
2026-09-12 20:46:16 | ERROR    | trading_bot | Error saving state: Connection is already closed.
2026-09-13 19:12:42 | ERROR    | trading_bot | Timeout while fetching candles for EURUSD-OTC
2026-09-14 08:35:29 | ERROR    | trading_bot | Timeout while fetching candles for BTCUSD
2026-09-14 10:10:29 | ERROR    | trading_bot | Order rejected for BTCUSD. Possible suspension. Triggering rotation.
2026-09-14 10:32:06 | ERROR    | trading_bot | Order rejected for ETHUSD. Possible suspension. Triggering rotation.
2026-09-14 10:37:25 | ERROR    | trading_bot | Order rejected for EURGBP. Possible suspension. Triggering rotation.
2026-09-14 10:56:06 | ERROR    | trading_bot | Order rejected for EURGBP. Possible suspension. Triggering rotation.
2026-09-14 21:57:55 | ERROR    | trading_bot | Order rejected for USDJPY. Possible suspension. Triggering rotation.
2026-09-14 22:02:14 | ERROR    | trading_bot | Order rejected for USDJPY. Possible suspension. Triggering rotation.
2026-09-14 22:10:12 | ERROR    | trading_bot | Order rejected for EURGBP. Possible suspension. Triggering rotation.
2026-09-14 22:26:28 | ERROR    | trading_bot | Order rejected for EURGBP. Possible suspension. Triggering rotation.
2026-09-14 22:26:42 | ERROR    | trading_bot | Failed to fetch data for BTCUSD.
2026-09-14 22:28:05 | ERROR    | trading_bot | Order rejected for EURGBP. Possible suspension. Triggering rotation.
2026-09-14 22:28:14 | ERROR    | trading_bot | Failed to fetch data for BTCUSD.
2026-09-14 22:30:04 | ERROR    | trading_bot | Order rejected for EURGBP. Possible suspension. Triggering rotation.
2026-09-14 22:30:17 | ERROR    | trading_bot | Failed to fetch data for BTCUSD.
2026-09-14 22:32:06 | ERROR    | trading_bot | Order rejected for EURGBP. Possible suspension. Triggering rotation.
2026-09-14 22:32:16 | ERROR    | trading_bot | Failed to fetch data for BTCUSD.
2026-09-14 22:34:16 | ERROR    | trading_bot | Order rejected for EURGBP. Possible suspension. Triggering rotation.
2026-09-14 22:34:25 | ERROR    | trading_bot | Failed to fetch data for BTCUSD.
2026-09-14 22:36:06 | ERROR    | trading_bot | Order rejected for EURGBP. Possible suspension. Triggering rotation.
2026-09-14 22:56:09 | ERROR    | trading_bot | Order rejected for EURAUD. Possible suspension. Triggering rotation.
2026-09-14 23:44:24 | ERROR    | trading_bot | Timeout while fetching candles for BTCUSD
2026-09-15 22:33:26 | ERROR    | trading_bot | Order rejected for BTCUSD. Possible suspension. Triggering rotation.
2026-09-15 22:50:13 | ERROR    | trading_bot | Timeout while fetching candles for ETHUSD
2026-09-15 22:50:26 | ERROR    | trading_bot | No active backup pairs found!
2026-09-16 09:53:42 | ERROR    | trading_bot | Reconnection failed: Expecting value: line 1 column 2 (char 1)
2026-09-16 09:53:43 | ERROR    | trading_bot | Reconnection failed: Expecting value: line 1 column 2 (char 1)
2026-09-16 09:53:44 | ERROR    | trading_bot | Reconnection failed: Expecting value: line 1 column 2 (char 1)
2026-09-16 09:53:45 | ERROR    | trading_bot | Reconnection failed: Expecting value: line 1 column 2 (char 1)
2026-09-16 09:53:46 | ERROR    | trading_bot | Reconnection failed: Expecting value: line 1 column 2 (char 1)
2026-09-16 09:53:47 | ERROR    | trading_bot | Reconnection failed: Expecting value: line 1 column 2 (char 1)
2026-09-16 09:53:48 | ERROR    | trading_bot | Reconnection failed: Expecting value: line 1 column 2 (char 1)
2026-09-16 09:53:49 | ERROR    | trading_bot | Reconnection failed: Expecting value: line 1 column 2 (char 1)
2026-09-16 09:53:50 | ERROR    | trading_bot | Reconnection failed: Expecting value: line 1 column 2 (char 1)
2026-09-16 09:53:51 | ERROR    | trading_bot | Reconnection failed: Expecting value: line 1 column 2 (char 1)
2026-09-16 09:53:52 | ERROR    | trading_bot | Reconnection failed: Expecting value: line 1 column 2 (char 1)
2026-09-16 09:53:53 | ERROR    | trading_bot | Reconnection failed: Expecting value: line 1 column 2 (char 1)
2026-09-16 09:53:54 | ERROR    | trading_bot | Reconnection failed: Expecting value: line 1 column 2 (char 1)
2026-09-16 09:53:55 | ERROR    | trading_bot | Reconnection failed: Expecting value: line 1 column 2 (char 1)
2026-09-16 09:53:56 | ERROR    | trading_bot | Reconnection failed: Expecting value: line 1 column 2 (char 1)
2026-09-16 09:53:57 | ERROR    | trading_bot | Reconnection failed: Expecting value: line 1 column 2 (char 1)
2026-09-16 09:53:58 | ERROR    | trading_bot | Reconnection failed: Expecting value: line 1 column 2 (char 1)
2026-09-16 09:53:59 | ERROR    | trading_bot | Reconnection failed: Expecting value: line 1 column 2 (char 1)
2026-09-16 09:54:00 | ERROR    | trading_bot | Reconnection failed: Expecting value: line 1 column 2 (char 1)
2026-09-16 09:54:11 | ERROR    | trading_bot | Timeout while fetching candles for BTCUSD
2026-09-16 16:01:46 | ERROR    | trading_bot | Order rejected for EURUSD. Possible suspension. Triggering rotation.
2026-09-16 16:08:06 | ERROR    | trading_bot | Order rejected for EURGBP. Possible suspension. Triggering rotation.
2026-09-16 16:10:59 | ERROR    | trading_bot | XGBoost training failed for USDJPY.
2026-09-16 16:11:26 | ERROR    | trading_bot | Order rejected for GBPUSD. Possible suspension. Triggering rotation.
2026-09-16 16:16:33 | ERROR    | trading_bot | Order rejected for EURGBP. Possible suspension. Triggering rotation.
2026-09-16 16:23:17 | ERROR    | trading_bot | Order rejected for USDJPY. Possible suspension. Triggering rotation.
2026-09-16 17:51:31 | ERROR    | trading_bot | Order rejected for USDJPY. Possible suspension. Triggering rotation.
2026-09-16 17:58:05 | ERROR    | trading_bot | Order rejected for EURGBP. Possible suspension. Triggering rotation.
2026-09-16 19:30:02 | ERROR    | trading_bot | XGBoost training failed for EURAUD.
2026-09-16 19:30:02 | ERROR    | trading_bot | Error saving state: Connection is already closed.
2026-09-16 19:30:03 | ERROR    | trading_bot | Reconnection failed: Expecting value: line 1 column 2 (char 1)
2026-09-16 19:36:06 | ERROR    | trading_bot | Order rejected for EURGBP. Possible suspension. Triggering rotation.
2026-09-16 20:08:06 | ERROR    | trading_bot | Order rejected for EURAUD. Possible suspension. Triggering rotation.
2026-09-16 20:19:20 | ERROR    | trading_bot | Order rejected for ETHUSD. Possible suspension. Triggering rotation.
2026-09-16 20:29:27 | ERROR    | trading_bot | Order rejected for BTCUSD. Possible suspension. Triggering rotation.
2026-09-16 20:38:20 | ERROR    | trading_bot | Order rejected for EURGBP. Possible suspension. Triggering rotation.
2026-09-16 20:54:20 | ERROR    | trading_bot | Timeout while fetching candles for USDJPY
2026-09-16 20:54:44 | ERROR    | trading_bot | Failed to fetch data for EURAUD.
2026-09-16 20:54:53 | ERROR    | trading_bot | Order rejected for EURGBP. Possible suspension. Triggering rotation.
2026-09-16 20:55:06 | ERROR    | trading_bot | XGBoost training failed for EURAUD.
2026-09-16 20:55:37 | ERROR    | trading_bot | Order rejected for USDJPY. Possible suspension. Triggering rotation.
2026-09-16 21:00:24 | ERROR    | trading_bot | LSTM training failed for EURGBP.
2026-09-16 21:00:56 | ERROR    | trading_bot | Order rejected for BTCUSD. Possible suspension. Triggering rotation.
2026-09-16 21:07:26 | ERROR    | trading_bot | Order rejected for ETHUSD. Possible suspension. Triggering rotation.
2026-09-16 21:07:26 | ERROR    | trading_bot | No active backup pairs found!
2026-09-16 21:09:33 | ERROR    | trading_bot | Order rejected for ETHUSD. Possible suspension. Triggering rotation.
2026-09-16 21:09:33 | ERROR    | trading_bot | No active backup pairs found!
2026-09-16 21:10:37 | ERROR    | trading_bot | Order rejected for ETHUSD. Possible suspension. Triggering rotation.
2026-09-16 21:10:46 | ERROR    | trading_bot | Failed to fetch data for EURUSD-OTC.
2026-09-16 21:12:04 | ERROR    | trading_bot | Order rejected for ETHUSD. Possible suspension. Triggering rotation.
2026-09-16 21:12:15 | ERROR    | trading_bot | Failed to fetch data for EURUSD-OTC.
2026-09-16 21:14:05 | ERROR    | trading_bot | Order rejected for ETHUSD. Possible suspension. Triggering rotation.
2026-09-16 21:14:15 | ERROR    | trading_bot | Failed to fetch data for EURUSD-OTC.
2026-09-16 21:16:06 | ERROR    | trading_bot | Order rejected for ETHUSD. Possible suspension. Triggering rotation.
2026-09-16 21:16:15 | ERROR    | trading_bot | Failed to fetch data for EURUSD-OTC.
2026-09-16 21:19:06 | ERROR    | trading_bot | Order rejected for ETHUSD. Possible suspension. Triggering rotation.
2026-09-16 21:26:14 | ERROR    | trading_bot.alerts | Failed to send email alert: (535, b'5.7.8 Username and Password not accepted. For more information, go to\n5.7.8  https://support.google.com/mail/?p=BadCredentials d9443c01a7336-2dd89f21b39sm16756085ad.75 - gsmtp')
2026-09-16 21:30:16 | ERROR    | trading_bot.alerts | Failed to send email alert: (535, b'5.7.8 Username and Password not accepted. For more information, go to\n5.7.8  https://support.google.com/mail/?p=BadCredentials 98e67ed59e1d1-39e35d9869csm1086456a91.4 - gsmtp')
2026-09-17 08:26:48 | ERROR    | trading_bot.alerts | Failed to send email alert: (535, b'5.7.8 Username and Password not accepted. For more information, go to\n5.7.8  https://support.google.com/mail/?p=BadCredentials 00721157ae682-891efc0f6e9sm15689567b3.27 - gsmtp')
2026-09-17 08:32:14 | ERROR    | trading_bot.alerts | Failed to send email alert: (535, b'5.7.8 Username and Password not accepted. For more information, go to\n5.7.8  https://support.google.com/mail/?p=BadCredentials 956f58d0204a3-6715f751142sm2240218d50.16 - gsmtp')
2026-09-17 08:34:19 | ERROR    | trading_bot.alerts | Failed to send email alert: (535, b'5.7.8 Username and Password not accepted. For more information, go to\n5.7.8  https://support.google.com/mail/?p=BadCredentials 956f58d0204a3-6715f787276sm2260129d50.19 - gsmtp')
2026-09-17 08:36:16 | ERROR    | trading_bot.alerts | Failed to send email alert: (535, b'5.7.8 Username and Password not accepted. For more information, go to\n5.7.8  https://support.google.com/mail/?p=BadCredentials 956f58d0204a3-6715f750894sm2291593d50.15 - gsmtp')
2026-09-17 08:38:23 | ERROR    | trading_bot.alerts | Failed to send email alert: (535, b'5.7.8 Username and Password not accepted. For more information, go to\n5.7.8  https://support.google.com/mail/?p=BadCredentials 00721157ae682-891f0d84bbbsm15433897b3.37 - gsmtp')
2026-09-17 08:42:31 | ERROR    | trading_bot.alerts | Failed to send email alert: (535, b'5.7.8 Username and Password not accepted. For more information, go to\n5.7.8  https://support.google.com/mail/?p=BadCredentials 00721157ae682-891ef6333b2sm16020547b3.25 - gsmtp')
2026-09-17 08:44:56 | ERROR    | trading_bot.alerts | Failed to send email alert: (535, b'5.7.8 Username and Password not accepted. For more information, go to\n5.7.8  https://support.google.com/mail/?p=BadCredentials 956f58d0204a3-6715f79a963sm2277033d50.20 - gsmtp')
2026-09-17 08:51:22 | ERROR    | trading_bot.alerts | Failed to send email alert: (535, b'5.7.8 Username and Password not accepted. For more information, go to\n5.7.8  https://support.google.com/mail/?p=BadCredentials 00721157ae682-891ef065765sm15940977b3.22 - gsmtp')
2026-09-17 09:00:05 | ERROR    | trading_bot | Order rejected for EURUSD-OTC. Possible suspension. Triggering rotation.
2026-09-17 15:26:03 | ERROR    | trading_bot | Order rejected for GBPUSD-OTC. Possible suspension. Triggering rotation.
2026-09-17 15:31:55 | ERROR    | trading_bot | Order rejected for EURUSD-OTC. Possible suspension. Triggering rotation.
2026-09-17 15:31:55 | ERROR    | trading_bot | No active backup pairs found!
2026-09-17 15:34:01 | ERROR    | trading_bot | Order rejected for EURUSD-OTC. Possible suspension. Triggering rotation.
2026-09-17 15:34:01 | ERROR    | trading_bot | No active backup pairs found!
2026-09-17 15:36:04 | ERROR    | trading_bot | Order rejected for EURUSD-OTC. Possible suspension. Triggering rotation.
2026-09-17 15:36:04 | ERROR    | trading_bot | No active backup pairs found!
2026-09-17 15:38:04 | ERROR    | trading_bot | Order rejected for EURUSD-OTC. Possible suspension. Triggering rotation.
2026-09-17 15:38:04 | ERROR    | trading_bot | No active backup pairs found!
2026-09-17 15:40:04 | ERROR    | trading_bot | Order rejected for EURUSD-OTC. Possible suspension. Triggering rotation.
2026-09-17 15:40:04 | ERROR    | trading_bot | No active backup pairs found!
2026-09-17 15:42:04 | ERROR    | trading_bot | Order rejected for EURUSD-OTC. Possible suspension. Triggering rotation.
2026-09-17 15:42:04 | ERROR    | trading_bot | No active backup pairs found!
2026-09-17 15:44:04 | ERROR    | trading_bot | Order rejected for EURUSD-OTC. Possible suspension. Triggering rotation.
2026-09-17 15:44:04 | ERROR    | trading_bot | No active backup pairs found!
2026-09-17 15:46:04 | ERROR    | trading_bot | Order rejected for EURUSD-OTC. Possible suspension. Triggering rotation.
2026-09-17 15:46:04 | ERROR    | trading_bot | No active backup pairs found!
2026-09-17 15:48:04 | ERROR    | trading_bot | Order rejected for EURUSD-OTC. Possible suspension. Triggering rotation.
2026-09-17 15:48:04 | ERROR    | trading_bot | No active backup pairs found!
2026-09-17 15:50:04 | ERROR    | trading_bot | Order rejected for EURUSD-OTC. Possible suspension. Triggering rotation.
2026-09-17 15:50:04 | ERROR    | trading_bot | No active backup pairs found!
2026-09-17 15:52:04 | ERROR    | trading_bot | Order rejected for EURUSD-OTC. Possible suspension. Triggering rotation.
2026-09-17 15:52:04 | ERROR    | trading_bot | No active backup pairs found!
2026-09-17 15:54:04 | ERROR    | trading_bot | Order rejected for EURUSD-OTC. Possible suspension. Triggering rotation.
2026-09-17 15:54:04 | ERROR    | trading_bot | No active backup pairs found!
2026-09-17 16:02:04 | ERROR    | trading_bot | Order rejected for EURUSD-OTC. Possible suspension. Triggering rotation.
2026-09-17 16:02:04 | ERROR    | trading_bot | No active backup pairs found!
2026-09-17 16:40:03 | ERROR    | trading_bot | Order rejected for EURUSD-OTC. Possible suspension. Triggering rotation.
2026-09-17 16:40:03 | ERROR    | trading_bot | No active backup pairs found!
2026-09-17 16:42:04 | ERROR    | trading_bot | Order rejected for EURUSD-OTC. Possible suspension. Triggering rotation.
2026-09-17 16:42:04 | ERROR    | trading_bot | No active backup pairs found!
2026-09-17 16:44:04 | ERROR    | trading_bot | Order rejected for EURUSD-OTC. Possible suspension. Triggering rotation.
2026-09-17 16:44:04 | ERROR    | trading_bot | No active backup pairs found!
2026-09-17 16:45:18 | ERROR    | trading_bot | Order rejected for EURUSD-OTC. Possible suspension. Triggering rotation.
2026-09-17 16:46:05 | ERROR    | trading_bot | Order rejected for EURUSD-OTC. Possible suspension. Triggering rotation.
2026-09-17 16:46:05 | ERROR    | trading_bot | No active backup pairs found!
2026-09-17 16:48:05 | ERROR    | trading_bot | Order rejected for EURUSD-OTC. Possible suspension. Triggering rotation.
2026-09-17 16:48:05 | ERROR    | trading_bot | No active backup pairs found!
2026-09-17 16:50:05 | ERROR    | trading_bot | Order rejected for EURUSD-OTC. Possible suspension. Triggering rotation.
2026-09-17 16:50:05 | ERROR    | trading_bot | No active backup pairs found!
2026-09-17 16:52:04 | ERROR    | trading_bot | Order rejected for EURUSD-OTC. Possible suspension. Triggering rotation.
2026-09-17 16:52:04 | ERROR    | trading_bot | No active backup pairs found!
2026-09-17 16:52:04 | ERROR    | trading_bot | Order rejected for EURGBP. Possible suspension. Triggering rotation.
2026-09-17 16:54:06 | ERROR    | trading_bot | Order rejected for EURUSD-OTC. Possible suspension. Triggering rotation.
2026-09-17 16:54:06 | ERROR    | trading_bot | No active backup pairs found!
2026-09-17 16:56:21 | ERROR    | trading_bot | Order rejected for EURUSD-OTC. Possible suspension. Triggering rotation.
2026-09-17 16:56:21 | ERROR    | trading_bot | No active backup pairs found!
2026-09-17 16:58:07 | ERROR    | trading_bot | Order rejected for EURUSD-OTC. Possible suspension. Triggering rotation.
2026-09-17 16:58:07 | ERROR    | trading_bot | No active backup pairs found!
2026-09-17 16:59:25 | ERROR    | trading_bot | Order rejected for USDJPY. Possible suspension. Triggering rotation.
2026-09-17 17:00:06 | ERROR    | trading_bot | Order rejected for EURUSD-OTC. Possible suspension. Triggering rotation.
2026-09-17 17:00:06 | ERROR    | trading_bot | No active backup pairs found!
2026-09-17 17:02:06 | ERROR    | trading_bot | Order rejected for EURUSD-OTC. Possible suspension. Triggering rotation.
2026-09-17 17:02:06 | ERROR    | trading_bot | No active backup pairs found!
2026-09-17 17:04:15 | ERROR    | trading_bot | Order rejected for EURUSD-OTC. Possible suspension. Triggering rotation.
2026-09-17 17:04:15 | ERROR    | trading_bot | No active backup pairs found!
2026-09-17 17:06:04 | ERROR    | trading_bot | Order rejected for EURUSD-OTC. Possible suspension. Triggering rotation.
2026-09-17 17:06:04 | ERROR    | trading_bot | No active backup pairs found!
2026-09-17 17:06:06 | ERROR    | trading_bot | Order rejected for EURAUD. Possible suspension. Triggering rotation.
2026-09-17 17:08:07 | ERROR    | trading_bot | Order rejected for EURUSD-OTC. Possible suspension. Triggering rotation.
2026-09-17 17:08:07 | ERROR    | trading_bot | No active backup pairs found!
2026-09-17 17:10:05 | ERROR    | trading_bot | Order rejected for EURUSD-OTC. Possible suspension. Triggering rotation.
2026-09-17 17:10:05 | ERROR    | trading_bot | No active backup pairs found!
2026-09-17 17:12:05 | ERROR    | trading_bot | Order rejected for EURUSD-OTC. Possible suspension. Triggering rotation.
2026-09-17 17:12:05 | ERROR    | trading_bot | No active backup pairs found!
2026-09-17 17:12:06 | ERROR    | trading_bot | Order rejected for GBPUSD-OTC. Possible suspension. Triggering rotation.
2026-09-17 17:12:20 | ERROR    | trading_bot | Failed to fetch data for BTCUSD.
2026-09-17 17:14:05 | ERROR    | trading_bot | Order rejected for GBPUSD-OTC. Possible suspension. Triggering rotation.
2026-09-17 17:14:05 | ERROR    | trading_bot | Order rejected for EURUSD-OTC. Possible suspension. Triggering rotation.
2026-09-17 17:14:05 | ERROR    | trading_bot | No active backup pairs found!
2026-09-17 17:16:07 | ERROR    | trading_bot | Order rejected for EURUSD-OTC. Possible suspension. Triggering rotation.
2026-09-17 17:16:07 | ERROR    | trading_bot | No active backup pairs found!
2026-09-17 17:18:06 | ERROR    | trading_bot | Order rejected for EURUSD-OTC. Possible suspension. Triggering rotation.
2026-09-17 17:18:06 | ERROR    | trading_bot | No active backup pairs found!
2026-09-17 17:20:05 | ERROR    | trading_bot | Order rejected for EURUSD-OTC. Possible suspension. Triggering rotation.
2026-09-17 17:20:05 | ERROR    | trading_bot | No active backup pairs found!
2026-09-17 17:21:23 | ERROR    | trading_bot | Order rejected for BTCUSD. Possible suspension. Triggering rotation.
2026-09-17 17:21:23 | ERROR    | trading_bot | No active backup pairs found!
2026-09-17 17:22:08 | ERROR    | trading_bot | Order rejected for EURUSD-OTC. Possible suspension. Triggering rotation.
2026-09-17 17:22:08 | ERROR    | trading_bot | No active backup pairs found!
2026-09-17 17:23:30 | ERROR    | trading_bot | Order rejected for BTCUSD. Possible suspension. Triggering rotation.
2026-09-17 17:23:30 | ERROR    | trading_bot | No active backup pairs found!
2026-09-17 17:24:05 | ERROR    | trading_bot | Order rejected for EURUSD-OTC. Possible suspension. Triggering rotation.
2026-09-17 17:24:05 | ERROR    | trading_bot | No active backup pairs found!
2026-09-17 17:25:37 | ERROR    | trading_bot | Order rejected for BTCUSD. Possible suspension. Triggering rotation.
2026-09-17 17:25:37 | ERROR    | trading_bot | No active backup pairs found!
2026-09-17 17:26:04 | ERROR    | trading_bot | Order rejected for EURUSD-OTC. Possible suspension. Triggering rotation.
2026-09-17 17:26:04 | ERROR    | trading_bot | No active backup pairs found!
2026-09-17 17:27:43 | ERROR    | trading_bot | Order rejected for BTCUSD. Possible suspension. Triggering rotation.
2026-09-17 17:27:43 | ERROR    | trading_bot | No active backup pairs found!
2026-09-17 17:28:04 | ERROR    | trading_bot | Order rejected for EURUSD-OTC. Possible suspension. Triggering rotation.
2026-09-17 17:28:04 | ERROR    | trading_bot | No active backup pairs found!
2026-09-17 17:29:48 | ERROR    | trading_bot | Order rejected for BTCUSD. Possible suspension. Triggering rotation.
2026-09-17 17:29:48 | ERROR    | trading_bot | No active backup pairs found!
2026-09-17 17:30:04 | ERROR    | trading_bot | Order rejected for EURUSD-OTC. Possible suspension. Triggering rotation.
2026-09-17 17:30:04 | ERROR    | trading_bot | No active backup pairs found!
2026-09-17 17:31:54 | ERROR    | trading_bot | Order rejected for BTCUSD. Possible suspension. Triggering rotation.
2026-09-17 17:31:54 | ERROR    | trading_bot | No active backup pairs found!
2026-09-17 17:32:04 | ERROR    | trading_bot | Order rejected for EURUSD-OTC. Possible suspension. Triggering rotation.
2026-09-17 17:32:04 | ERROR    | trading_bot | No active backup pairs found!
2026-09-17 17:34:04 | ERROR    | trading_bot | Order rejected for EURUSD-OTC. Possible suspension. Triggering rotation.
2026-09-17 17:34:04 | ERROR    | trading_bot | No active backup pairs found!
2026-09-17 17:36:04 | ERROR    | trading_bot | Order rejected for BTCUSD. Possible suspension. Triggering rotation.
2026-09-17 17:36:04 | ERROR    | trading_bot | No active backup pairs found!
2026-09-17 17:36:04 | ERROR    | trading_bot | Order rejected for EURUSD-OTC. Possible suspension. Triggering rotation.
2026-09-17 17:36:04 | ERROR    | trading_bot | No active backup pairs found!
2026-09-17 17:38:04 | ERROR    | trading_bot | Order rejected for EURUSD-OTC. Possible suspension. Triggering rotation.
2026-09-17 17:38:04 | ERROR    | trading_bot | No active backup pairs found!
2026-09-17 17:38:04 | ERROR    | trading_bot | Order rejected for BTCUSD. Possible suspension. Triggering rotation.
2026-09-17 17:38:04 | ERROR    | trading_bot | No active backup pairs found!
2026-09-17 17:40:04 | ERROR    | trading_bot | Order rejected for BTCUSD. Possible suspension. Triggering rotation.
2026-09-17 17:40:04 | ERROR    | trading_bot | No active backup pairs found!
2026-09-17 17:40:04 | ERROR    | trading_bot | Order rejected for EURUSD-OTC. Possible suspension. Triggering rotation.
2026-09-17 17:40:04 | ERROR    | trading_bot | No active backup pairs found!
2026-09-17 17:42:04 | ERROR    | trading_bot | Order rejected for EURUSD-OTC. Possible suspension. Triggering rotation.
2026-09-17 17:42:04 | ERROR    | trading_bot | No active backup pairs found!
2026-09-17 17:42:05 | ERROR    | trading_bot | Order rejected for BTCUSD. Possible suspension. Triggering rotation.
2026-09-17 17:42:05 | ERROR    | trading_bot | No active backup pairs found!
2026-09-17 17:44:04 | ERROR    | trading_bot | Order rejected for BTCUSD. Possible suspension. Triggering rotation.
2026-09-17 17:44:04 | ERROR    | trading_bot | No active backup pairs found!
2026-09-17 17:44:06 | ERROR    | trading_bot | Order rejected for EURUSD-OTC. Possible suspension. Triggering rotation.
2026-09-17 17:44:06 | ERROR    | trading_bot | No active backup pairs found!
2026-09-17 17:46:04 | ERROR    | trading_bot | Order rejected for BTCUSD. Possible suspension. Triggering rotation.
2026-09-17 17:46:04 | ERROR    | trading_bot | No active backup pairs found!
2026-09-17 17:46:05 | ERROR    | trading_bot | Order rejected for EURUSD-OTC. Possible suspension. Triggering rotation.
2026-09-17 17:46:05 | ERROR    | trading_bot | No active backup pairs found!
2026-09-17 17:48:04 | ERROR    | trading_bot | Order rejected for BTCUSD. Possible suspension. Triggering rotation.
2026-09-17 17:48:04 | ERROR    | trading_bot | No active backup pairs found!
2026-09-17 17:48:05 | ERROR    | trading_bot | Order rejected for EURUSD-OTC. Possible suspension. Triggering rotation.
2026-09-17 17:48:05 | ERROR    | trading_bot | No active backup pairs found!
2026-09-17 17:50:04 | ERROR    | trading_bot | Order rejected for BTCUSD. Possible suspension. Triggering rotation.
2026-09-17 17:50:04 | ERROR    | trading_bot | No active backup pairs found!
2026-09-17 17:50:05 | ERROR    | trading_bot | Order rejected for EURUSD-OTC. Possible suspension. Triggering rotation.
2026-09-17 17:50:05 | ERROR    | trading_bot | No active backup pairs found!
2026-09-17 17:52:04 | ERROR    | trading_bot | Order rejected for EURUSD-OTC. Possible suspension. Triggering rotation.
2026-09-17 17:52:04 | ERROR    | trading_bot | No active backup pairs found!
2026-09-17 17:52:05 | ERROR    | trading_bot | Order rejected for BTCUSD. Possible suspension. Triggering rotation.
2026-09-17 17:52:05 | ERROR    | trading_bot | No active backup pairs found!
2026-09-17 21:16:01 | ERROR    | trading_bot | Reconnection failed: Expecting value: line 1 column 2 (char 1)
2026-09-17 21:16:06 | ERROR    | trading_bot | Timeout while fetching candles for BTCUSD
2026-09-17 21:16:12 | ERROR    | trading_bot | Timeout while fetching candles for EURUSD-OTC
2026-09-17 21:23:45 | ERROR    | trading_bot.alerts | Failed to send email alert: (535, b'5.7.8 Username and Password not accepted. For more information, go to\n5.7.8  https://support.google.com/mail/?p=BadCredentials 4fb4d7f45d1cf-6aa1d2378cdsm3893445a12.11 - gsmtp')
2026-09-17 21:26:01 | ERROR    | trading_bot.alerts | Failed to send email alert: (535, b'5.7.8 Username and Password not accepted. For more information, go to\n5.7.8  https://support.google.com/mail/?p=BadCredentials 4fb4d7f45d1cf-6aa1d29a1bdsm4497807a12.26 - gsmtp')
2026-09-17 21:28:15 | ERROR    | trading_bot.alerts | Failed to send email alert: (535, b'5.7.8 Username and Password not accepted. For more information, go to\n5.7.8  https://support.google.com/mail/?p=BadCredentials a640c23a62f3a-c29de48755asm334768266b.24 - gsmtp')
2026-09-17 21:30:29 | ERROR    | trading_bot.alerts | Failed to send email alert: (535, b'5.7.8 Username and Password not accepted. For more information, go to\n5.7.8  https://support.google.com/mail/?p=BadCredentials 4fb4d7f45d1cf-6aa1d22898csm3996569a12.5 - gsmtp')
2026-09-17 21:30:39 | ERROR    | trading_bot | Order rejected for BTCUSD. Possible suspension. Triggering rotation.
2026-09-17 21:30:54 | ERROR    | trading_bot | Failed to fetch data for EURGBP.
2026-09-17 21:33:30 | ERROR    | trading_bot | Order rejected for BTCUSD. Possible suspension. Triggering rotation.
2026-09-17 21:43:00 | ERROR    | trading_bot.alerts | Failed to send email alert: (535, b'5.7.8 Username and Password not accepted. For more information, go to\n5.7.8  https://support.google.com/mail/?p=BadCredentials 4fb4d7f45d1cf-6aa1d2ab4ebsm4204396a12.30 - gsmtp')
2026-09-17 21:46:55 | ERROR    | trading_bot.alerts | Failed to send email alert: (535, b'5.7.8 Username and Password not accepted. For more information, go to\n5.7.8  https://support.google.com/mail/?p=BadCredentials 4fb4d7f45d1cf-6aa1d27ad36sm3894150a12.21 - gsmtp')
2026-09-17 21:47:15 | ERROR    | trading_bot | Order rejected for EURGBP. Possible suspension. Triggering rotation.
2026-09-17 22:01:58 | ERROR    | trading_bot | Order rejected for USDJPY. Possible suspension. Triggering rotation.
2026-09-17 22:13:00 | ERROR    | trading_bot.alerts | Failed to send email alert: (535, b'5.7.8 Username and Password not accepted. For more information, go to\n5.7.8  https://support.google.com/mail/?p=BadCredentials 4fb4d7f45d1cf-6aa1cfe07e4sm4326290a12.2 - gsmtp')
2026-09-17 22:17:20 | ERROR    | trading_bot.alerts | Failed to send email alert: (535, b'5.7.8 Username and Password not accepted. For more information, go to\n5.7.8  https://support.google.com/mail/?p=BadCredentials a640c23a62f3a-c29de6040b8sm328775266b.48 - gsmtp')
2026-09-17 22:24:13 | ERROR    | trading_bot | Timeout while fetching candles for GBPUSD-OTC
2026-09-17 22:24:34 | ERROR    | trading_bot | Failed to fetch data for EURAUD.
2026-09-17 22:29:04 | ERROR    | trading_bot | Timeout while fetching candles for EURAUD
2026-09-17 22:30:01 | ERROR    | trading_bot.alerts | Failed to send email alert: (535, b'5.7.8 Username and Password not accepted. For more information, go to\n5.7.8  https://support.google.com/mail/?p=BadCredentials a640c23a62f3a-c29de5baa11sm348592566b.40 - gsmtp')
2026-09-17 22:30:44 | ERROR    | trading_bot | Order rejected for EURAUD. Possible suspension. Triggering rotation.
2026-09-17 22:42:35 | ERROR    | trading_bot.alerts | Failed to send email alert: (535, b'5.7.8 Username and Password not accepted. For more information, go to\n5.7.8  https://support.google.com/mail/?p=BadCredentials a640c23a62f3a-c29de6933e3sm347163766b.61 - gsmtp')
2026-09-17 22:47:50 | ERROR    | trading_bot.alerts | Failed to send email alert: (535, b'5.7.8 Username and Password not accepted. For more information, go to\n5.7.8  https://support.google.com/mail/?p=BadCredentials 4fb4d7f45d1cf-6aa1d257a35sm4187801a12.15 - gsmtp')
2026-09-17 22:52:11 | ERROR    | trading_bot | Timeout while fetching candles for GBPUSD-OTC
2026-09-17 23:01:51 | ERROR    | trading_bot.alerts | Failed to send email alert: (535, b'5.7.8 Username and Password not accepted. For more information, go to\n5.7.8  https://support.google.com/mail/?p=BadCredentials 4fb4d7f45d1cf-6aa1d2a874esm4073418a12.29 - gsmtp')
2026-09-17 23:08:27 | ERROR    | trading_bot.alerts | Failed to send email alert: (535, b'5.7.8 Username and Password not accepted. For more information, go to\n5.7.8  https://support.google.com/mail/?p=BadCredentials 4fb4d7f45d1cf-6aa1d269065sm4266120a12.19 - gsmtp')
2026-09-17 23:14:54 | ERROR    | trading_bot.alerts | Failed to send email alert: (535, b'5.7.8 Username and Password not accepted. For more information, go to\n5.7.8  https://support.google.com/mail/?p=BadCredentials a640c23a62f3a-c29de454014sm343477966b.13 - gsmtp')
2026-09-17 23:26:57 | ERROR    | trading_bot.alerts | Failed to send email alert: (535, b'5.7.8 Username and Password not accepted. For more information, go to\n5.7.8  https://support.google.com/mail/?p=BadCredentials a640c23a62f3a-c29e801cdfesm296786566b.58 - gsmtp')
2026-09-17 23:33:31 | ERROR    | trading_bot.alerts | Failed to send email alert: (535, b'5.7.8 Username and Password not accepted. For more information, go to\n5.7.8  https://support.google.com/mail/?p=BadCredentials a640c23a62f3a-c29de48759dsm364292266b.28 - gsmtp')
2026-09-17 23:41:28 | ERROR    | trading_bot | Order rejected for EURUSD-OTC. Possible suspension. Triggering rotation.
2026-09-17 23:41:30 | ERROR    | trading_bot | No active backup pairs found!
2026-09-17 23:49:43 | ERROR    | trading_bot.alerts | Failed to send email alert: (535, b'5.7.8 Username and Password not accepted. For more information, go to\n5.7.8  https://support.google.com/mail/?p=BadCredentials a640c23a62f3a-c29de5b915csm335098466b.37 - gsmtp')
2026-09-18 09:42:21 | ERROR    | trading_bot.alerts | Failed to send email alert: (535, b'5.7.8 Username and Password not accepted. For more information, go to\n5.7.8  https://support.google.com/mail/?p=BadCredentials 956f58d0204a3-671836d2cddsm273733d50.17 - gsmtp')
2026-09-18 09:46:06 | ERROR    | trading_bot.alerts | Failed to send email alert: (535, b'5.7.8 Username and Password not accepted. For more information, go to\n5.7.8  https://support.google.com/mail/?p=BadCredentials 5b1f17b1804b1-49fc7d468b3sm36454095e9.13 - gsmtp')
2026-09-18 09:48:19 | ERROR    | trading_bot.alerts | Failed to send email alert: (535, b'5.7.8 Username and Password not accepted. For more information, go to\n5.7.8  https://support.google.com/mail/?p=BadCredentials 5b1f17b1804b1-49fbd24034esm168351625e9.15 - gsmtp')
2026-09-18 09:50:15 | ERROR    | trading_bot.alerts | Failed to send email alert: (535, b'5.7.8 Username and Password not accepted. For more information, go to\n5.7.8  https://support.google.com/mail/?p=BadCredentials 5b1f17b1804b1-49fbd232d5bsm141533015e9.12 - gsmtp')
2026-09-18 09:56:22 | ERROR    | trading_bot.alerts | Failed to send email alert: (535, b'5.7.8 Username and Password not accepted. For more information, go to\n5.7.8  https://support.google.com/mail/?p=BadCredentials 956f58d0204a3-6718362b8e3sm285709d50.8 - gsmtp')
2026-09-18 09:58:22 | ERROR    | trading_bot.alerts | Failed to send email alert: (535, b'5.7.8 Username and Password not accepted. For more information, go to\n5.7.8  https://support.google.com/mail/?p=BadCredentials 00721157ae682-897ea26d642sm2510187b3.47 - gsmtp')
2026-09-18 10:00:53 | ERROR    | trading_bot.alerts | Failed to send email alert: (535, b'5.7.8 Username and Password not accepted. For more information, go to\n5.7.8  https://support.google.com/mail/?p=BadCredentials 00721157ae682-897e8dcc405sm2511007b3.31 - gsmtp')
2026-09-18 10:03:37 | ERROR    | trading_bot | Order rejected for EURUSD-OTC. Possible suspension. Triggering rotation.
2026-09-18 10:16:54 | ERROR    | trading_bot | Order rejected for EURGBP. Possible suspension. Triggering rotation.
2026-09-18 10:32:10 | ERROR    | trading_bot | Order rejected for USDJPY. Possible suspension. Triggering rotation.
2026-09-18 10:42:34 | ERROR    | trading_bot | Order rejected for EURAUD. Possible suspension. Triggering rotation.
2026-09-18 10:52:58 | ERROR    | trading_bot | Order rejected for GBPUSD-OTC. Possible suspension. Triggering rotation.
2026-09-18 11:08:27 | ERROR    | trading_bot | Order rejected for BTCUSD. Possible suspension. Triggering rotation.
2026-09-18 11:08:28 | ERROR    | trading_bot | No active backup pairs found!
2026-09-18 11:14:52 | ERROR    | trading_bot | Order rejected for BTCUSD. Possible suspension. Triggering rotation.
2026-09-18 11:14:52 | ERROR    | trading_bot | No active backup pairs found!
2026-09-18 11:34:24 | ERROR    | trading_bot | Order rejected for BTCUSD. Possible suspension. Triggering rotation.
2026-09-18 11:34:25 | ERROR    | trading_bot | No active backup pairs found!
2026-09-18 11:44:06 | ERROR    | trading_bot | Order rejected for BTCUSD. Possible suspension. Triggering rotation.
2026-09-18 11:44:06 | ERROR    | trading_bot | No active backup pairs found!
2026-09-18 11:50:17 | ERROR    | trading_bot | Order rejected for BTCUSD. Possible suspension. Triggering rotation.
2026-09-18 11:50:18 | ERROR    | trading_bot | No active backup pairs found!
2026-09-18 12:02:45 | ERROR    | trading_bot | Order rejected for BTCUSD. Possible suspension. Triggering rotation.
2026-09-18 12:02:45 | ERROR    | trading_bot | No active backup pairs found!
2026-09-18 12:08:59 | ERROR    | trading_bot | Order rejected for BTCUSD. Possible suspension. Triggering rotation.
2026-09-18 12:08:59 | ERROR    | trading_bot | No active backup pairs found!
2026-09-18 12:12:30 | ERROR    | trading_bot | Order rejected for BTCUSD. Possible suspension. Triggering rotation.
2026-09-18 12:12:30 | ERROR    | trading_bot | No active backup pairs found!
2026-09-18 12:16:06 | ERROR    | trading_bot | Order rejected for BTCUSD. Possible suspension. Triggering rotation.
2026-09-18 12:16:06 | ERROR    | trading_bot | No active backup pairs found!
2026-09-18 12:18:51 | ERROR    | trading_bot | Order rejected for BTCUSD. Possible suspension. Triggering rotation.
2026-09-18 12:18:52 | ERROR    | trading_bot | No active backup pairs found!
2026-09-18 12:22:41 | ERROR    | trading_bot | Order rejected for BTCUSD. Possible suspension. Triggering rotation.
2026-09-18 12:22:41 | ERROR    | trading_bot | No active backup pairs found!
2026-09-18 12:26:41 | ERROR    | trading_bot | Order rejected for BTCUSD. Possible suspension. Triggering rotation.
2026-09-18 12:26:42 | ERROR    | trading_bot | No active backup pairs found!
2026-09-18 12:30:34 | ERROR    | trading_bot | Order rejected for BTCUSD. Possible suspension. Triggering rotation.
2026-09-18 12:30:34 | ERROR    | trading_bot | No active backup pairs found!
2026-09-18 12:34:36 | ERROR    | trading_bot | Order rejected for BTCUSD. Possible suspension. Triggering rotation.
2026-09-18 12:34:37 | ERROR    | trading_bot | No active backup pairs found!
2026-09-18 13:05:59 | ERROR    | trading_bot | Timeout while fetching candles for BTCUSD
2026-09-18 13:06:40 | ERROR    | trading_bot | Order rejected for BTCUSD. Possible suspension. Triggering rotation.
2026-09-18 13:06:40 | ERROR    | trading_bot | No active backup pairs found!
2026-09-18 13:09:24 | ERROR    | trading_bot | Order rejected for GBPUSD-OTC. Possible suspension. Triggering rotation.
2026-09-18 13:33:28 | ERROR    | trading_bot | Order rejected for GBPUSD-OTC. Possible suspension. Triggering rotation.
2026-09-18 13:38:45 | ERROR    | trading_bot | Order rejected for BTCUSD. Possible suspension. Triggering rotation.
2026-09-18 13:47:26 | ERROR    | trading_bot | Order rejected for EURGBP. Possible suspension. Triggering rotation.
2026-09-18 13:55:51 | ERROR    | trading_bot | Order rejected for EURGBP. Possible suspension. Triggering rotation.
2026-09-18 14:01:23 | ERROR    | trading_bot | Order rejected for USDJPY. Possible suspension. Triggering rotation.
2026-09-18 14:08:08 | ERROR    | trading_bot | Order rejected for USDJPY. Possible suspension. Triggering rotation.
2026-09-18 14:12:58 | ERROR    | trading_bot | Order rejected for EURAUD. Possible suspension. Triggering rotation.
2026-09-18 14:18:08 | ERROR    | trading_bot | Order rejected for EURAUD. Possible suspension. Triggering rotation.
2026-09-18 14:22:54 | ERROR    | trading_bot | Order rejected for EURUSD-OTC. Possible suspension. Triggering rotation.
2026-09-18 14:22:54 | ERROR    | trading_bot | No active backup pairs found!
2026-09-18 14:24:05 | ERROR    | trading_bot | Order rejected for EURUSD-OTC. Possible suspension. Triggering rotation.
2026-09-18 14:24:05 | ERROR    | trading_bot | No active backup pairs found!
2026-09-18 14:26:05 | ERROR    | trading_bot | Order rejected for EURUSD-OTC. Possible suspension. Triggering rotation.
2026-09-18 14:26:05 | ERROR    | trading_bot | No active backup pairs found!
2026-09-18 14:28:05 | ERROR    | trading_bot | Order rejected for EURUSD-OTC. Possible suspension. Triggering rotation.
2026-09-18 14:28:05 | ERROR    | trading_bot | No active backup pairs found!
2026-09-18 14:30:05 | ERROR    | trading_bot | Order rejected for EURUSD-OTC. Possible suspension. Triggering rotation.
2026-09-18 14:30:05 | ERROR    | trading_bot | No active backup pairs found!
2026-09-18 14:32:05 | ERROR    | trading_bot | Order rejected for EURUSD-OTC. Possible suspension. Triggering rotation.
2026-09-18 14:32:05 | ERROR    | trading_bot | No active backup pairs found!
2026-09-18 14:34:05 | ERROR    | trading_bot | Order rejected for EURUSD-OTC. Possible suspension. Triggering rotation.
2026-09-18 14:34:05 | ERROR    | trading_bot | No active backup pairs found!
2026-09-18 14:36:05 | ERROR    | trading_bot | Order rejected for EURUSD-OTC. Possible suspension. Triggering rotation.
2026-09-18 14:36:05 | ERROR    | trading_bot | No active backup pairs found!
2026-09-18 14:38:05 | ERROR    | trading_bot | Order rejected for EURUSD-OTC. Possible suspension. Triggering rotation.
2026-09-18 14:38:05 | ERROR    | trading_bot | No active backup pairs found!
2026-09-18 14:40:05 | ERROR    | trading_bot | Order rejected for EURUSD-OTC. Possible suspension. Triggering rotation.
2026-09-18 14:40:05 | ERROR    | trading_bot | No active backup pairs found!
2026-09-18 14:42:05 | ERROR    | trading_bot | Order rejected for EURUSD-OTC. Possible suspension. Triggering rotation.
2026-09-18 14:42:05 | ERROR    | trading_bot | No active backup pairs found!
2026-09-18 14:44:05 | ERROR    | trading_bot | Order rejected for EURUSD-OTC. Possible suspension. Triggering rotation.
2026-09-18 14:44:05 | ERROR    | trading_bot | No active backup pairs found!
2026-09-18 14:46:05 | ERROR    | trading_bot | Order rejected for EURUSD-OTC. Possible suspension. Triggering rotation.
2026-09-18 14:46:05 | ERROR    | trading_bot | No active backup pairs found!
2026-09-18 14:47:10 | ERROR    | trading_bot | Order rejected for EURGBP. Possible suspension. Triggering rotation.
2026-09-18 14:52:43 | ERROR    | trading_bot | Order rejected for USDJPY. Possible suspension. Triggering rotation.
2026-09-18 16:20:04 | ERROR    | trading_bot | Order rejected for EURAUD. Possible suspension. Triggering rotation.
2026-09-18 16:29:15 | ERROR    | trading_bot | Order rejected for EURUSD-OTC. Possible suspension. Triggering rotation.
2026-09-18 16:45:37 | ERROR    | trading_bot | Order rejected for GBPUSD-OTC. Possible suspension. Triggering rotation.
2026-09-18 16:53:30 | ERROR    | trading_bot | Order rejected for BTCUSD. Possible suspension. Triggering rotation.
2026-09-18 16:53:30 | ERROR    | trading_bot | No active backup pairs found!
2026-09-18 17:01:51 | ERROR    | trading_bot | Order rejected for BTCUSD. Possible suspension. Triggering rotation.
2026-09-18 17:01:51 | ERROR    | trading_bot | No active backup pairs found!
2026-09-18 17:40:05 | ERROR    | trading_bot | Order rejected for BTCUSD. Possible suspension. Triggering rotation.
2026-09-18 17:40:05 | ERROR    | trading_bot | No active backup pairs found!
2026-09-18 17:42:04 | ERROR    | trading_bot | Order rejected for BTCUSD. Possible suspension. Triggering rotation.
2026-09-18 17:42:04 | ERROR    | trading_bot | No active backup pairs found!
2026-09-18 17:44:03 | ERROR    | trading_bot | Order rejected for BTCUSD. Possible suspension. Triggering rotation.
2026-09-18 17:44:03 | ERROR    | trading_bot | No active backup pairs found!
2026-09-18 17:46:04 | ERROR    | trading_bot | Order rejected for BTCUSD. Possible suspension. Triggering rotation.
2026-09-18 17:46:04 | ERROR    | trading_bot | No active backup pairs found!
2026-09-18 17:48:05 | ERROR    | trading_bot | Order rejected for BTCUSD. Possible suspension. Triggering rotation.
2026-09-18 17:48:05 | ERROR    | trading_bot | No active backup pairs found!
2026-09-18 17:50:04 | ERROR    | trading_bot | Order rejected for BTCUSD. Possible suspension. Triggering rotation.
2026-09-18 17:50:04 | ERROR    | trading_bot | No active backup pairs found!
2026-09-18 17:52:05 | ERROR    | trading_bot | Order rejected for BTCUSD. Possible suspension. Triggering rotation.
2026-09-18 17:52:05 | ERROR    | trading_bot | No active backup pairs found!
2026-09-18 17:54:04 | ERROR    | trading_bot | Order rejected for BTCUSD. Possible suspension. Triggering rotation.
2026-09-18 17:54:04 | ERROR    | trading_bot | No active backup pairs found!
2026-09-18 17:56:05 | ERROR    | trading_bot | Order rejected for BTCUSD. Possible suspension. Triggering rotation.
2026-09-18 17:56:05 | ERROR    | trading_bot | No active backup pairs found!
2026-09-18 20:28:41 | ERROR    | trading_bot | Timeout while fetching candles for BTCUSD
2026-09-18 20:36:09 | ERROR    | trading_bot.alerts | Failed to send email alert: [Errno 11002] getaddrinfo failed
2026-09-18 20:46:23 | ERROR    | trading_bot.alerts | Failed to send email alert: (535, b'5.7.8 Username and Password not accepted. For more information, go to\n5.7.8  https://support.google.com/mail/?p=BadCredentials a640c23a62f3a-c2a355e9002sm12877966b.11 - gsmtp')
2026-09-18 20:50:09 | ERROR    | trading_bot | Order rejected for BTCUSD. Possible suspension. Triggering rotation.
2026-09-18 21:06:24 | ERROR    | trading_bot.alerts | Failed to send email alert: (535, b'5.7.8 Username and Password not accepted. For more information, go to\n5.7.8  https://support.google.com/mail/?p=BadCredentials 4fb4d7f45d1cf-6aa67dbb1d9sm311655a12.14 - gsmtp')
2026-09-18 21:06:29 | ERROR    | trading_bot | Order rejected for EURGBP. Possible suspension. Triggering rotation.
2026-09-18 21:19:06 | ERROR    | trading_bot.alerts | Failed to send email alert: (535, b'5.7.8 Username and Password not accepted. For more information, go to\n5.7.8  https://support.google.com/mail/?p=BadCredentials a640c23a62f3a-c2a358e31fcsm13594766b.59 - gsmtp')
2026-09-18 21:19:41 | ERROR    | trading_bot | Order rejected for USDJPY. Possible suspension. Triggering rotation.
2026-09-18 21:20:07 | ERROR    | trading_bot | Failed to fetch data for EURAUD.
2026-09-18 21:22:48 | ERROR    | trading_bot | Order rejected for USDJPY. Possible suspension. Triggering rotation.
2026-09-18 21:23:09 | ERROR    | trading_bot | Failed to fetch data for EURAUD.
2026-09-18 21:26:14 | ERROR    | trading_bot.alerts | Failed to send email alert: (535, b'5.7.8 Username and Password not accepted. For more information, go to\n5.7.8  https://support.google.com/mail/?p=BadCredentials a640c23a62f3a-c2a357012ddsm15366966b.25 - gsmtp')
2026-09-18 21:26:36 | ERROR    | trading_bot | Order rejected for USDJPY. Possible suspension. Triggering rotation.
2026-09-18 21:26:53 | ERROR    | trading_bot | Failed to fetch data for EURAUD.
2026-09-18 21:30:08 | ERROR    | trading_bot.alerts | Failed to send email alert: (535, b'5.7.8 Username and Password not accepted. For more information, go to\n5.7.8  https://support.google.com/mail/?p=BadCredentials a640c23a62f3a-c2a3572d4d5sm15070666b.33 - gsmtp')
2026-09-18 21:30:31 | ERROR    | trading_bot | Order rejected for USDJPY. Possible suspension. Triggering rotation.
2026-09-18 21:43:49 | ERROR    | trading_bot.alerts | Failed to send email alert: (535, b'5.7.8 Username and Password not accepted. For more information, go to\n5.7.8  https://support.google.com/mail/?p=BadCredentials a640c23a62f3a-c2a3588485bsm16563166b.46 - gsmtp')
2026-09-18 21:46:33 | ERROR    | trading_bot | Timeout while fetching candles for EURAUD
2026-09-18 21:54:40 | ERROR    | trading_bot.alerts | Failed to send email alert: (535, b'5.7.8 Username and Password not accepted. For more information, go to\n5.7.8  https://support.google.com/mail/?p=BadCredentials a640c23a62f3a-c2a358c978bsm16705266b.53 - gsmtp')
2026-09-18 21:58:59 | ERROR    | trading_bot.alerts | Failed to send email alert: (535, b'5.7.8 Username and Password not accepted. For more information, go to\n5.7.8  https://support.google.com/mail/?p=BadCredentials a640c23a62f3a-c2a358dab38sm16998566b.57 - gsmtp')
2026-09-18 22:05:00 | ERROR    | trading_bot.alerts | Failed to send email alert: (535, b'5.7.8 Username and Password not accepted. For more information, go to\n5.7.8  https://support.google.com/mail/?p=BadCredentials 4fb4d7f45d1cf-6aa67e29202sm362733a12.28 - gsmtp')
2026-09-18 22:10:20 | ERROR    | trading_bot.alerts | Failed to send email alert: (535, b'5.7.8 Username and Password not accepted. For more information, go to\n5.7.8  https://support.google.com/mail/?p=BadCredentials a640c23a62f3a-c2a3585e768sm17360666b.41 - gsmtp')
2026-09-19 04:51:27 | ERROR    | trading_bot.alerts | Failed to send email alert: (535, b'5.7.8 Username and Password not accepted. For more information, go to\n5.7.8  https://support.google.com/mail/?p=BadCredentials a640c23a62f3a-c2a3586b497sm45197166b.42 - gsmtp')
2026-09-19 04:52:35 | ERROR    | trading_bot.alerts | Failed to send email alert: (535, b'5.7.8 Username and Password not accepted. For more information, go to\n5.7.8  https://support.google.com/mail/?p=BadCredentials a640c23a62f3a-c2a355e7c3csm46922066b.17 - gsmtp')
2026-09-19 05:00:44 | ERROR    | trading_bot.alerts | Failed to send email alert: (535, b'5.7.8 Username and Password not accepted. For more information, go to\n5.7.8  https://support.google.com/mail/?p=BadCredentials 4fb4d7f45d1cf-6aa67e18fc5sm821375a12.24 - gsmtp')
2026-09-19 05:07:49 | ERROR    | trading_bot.alerts | Failed to send email alert: (535, b'5.7.8 Username and Password not accepted. For more information, go to\n5.7.8  https://support.google.com/mail/?p=BadCredentials a640c23a62f3a-c2a3574c22bsm46142066b.39 - gsmtp')
2026-09-19 05:10:15 | ERROR    | trading_bot.alerts | Failed to send email alert: (535, b'5.7.8 Username and Password not accepted. For more information, go to\n5.7.8  https://support.google.com/mail/?p=BadCredentials a640c23a62f3a-c2a35239716sm49154466b.3 - gsmtp')
2026-09-19 05:18:37 | ERROR    | trading_bot.alerts | Failed to send email alert: (535, b'5.7.8 Username and Password not accepted. For more information, go to\n5.7.8  https://support.google.com/mail/?p=BadCredentials a640c23a62f3a-c2a481ccb63sm11228366b.0 - gsmtp')
2026-09-19 05:20:51 | ERROR    | trading_bot.alerts | Failed to send email alert: (535, b'5.7.8 Username and Password not accepted. For more information, go to\n5.7.8  https://support.google.com/mail/?p=BadCredentials a640c23a62f3a-c2a355e84c2sm49494066b.12 - gsmtp')
2026-09-19 05:29:13 | ERROR    | trading_bot.alerts | Failed to send email alert: (535, b'5.7.8 Username and Password not accepted. For more information, go to\n5.7.8  https://support.google.com/mail/?p=BadCredentials 4fb4d7f45d1cf-6aa67e3051esm811925a12.29 - gsmtp')
2026-09-19 05:31:35 | ERROR    | trading_bot | Order rejected for EURUSD-OTC. Possible suspension. Triggering rotation.
2026-09-19 10:04:51 | ERROR    | trading_bot.alerts | Failed to send email alert: (535, b'5.7.8 Username and Password not accepted. For more information, go to\n5.7.8  https://support.google.com/mail/?p=BadCredentials a640c23a62f3a-c2a355ead43sm64885466b.16 - gsmtp')
2026-09-19 10:06:18 | ERROR    | trading_bot.alerts | Failed to send email alert: (535, b'5.7.8 Username and Password not accepted. For more information, go to\n5.7.8  https://support.google.com/mail/?p=BadCredentials a640c23a62f3a-c2a46a8ce50sm36520766b.4 - gsmtp')
2026-09-19 10:08:12 | ERROR    | trading_bot.alerts | Failed to send email alert: (535, b'5.7.8 Username and Password not accepted. For more information, go to\n5.7.8  https://support.google.com/mail/?p=BadCredentials 4fb4d7f45d1cf-6aa67e1a45esm1062792a12.25 - gsmtp')
2026-09-19 10:10:25 | ERROR    | trading_bot.alerts | Failed to send email alert: (535, b'5.7.8 Username and Password not accepted. For more information, go to\n5.7.8  https://support.google.com/mail/?p=BadCredentials 4fb4d7f45d1cf-6aa67dc582csm1095353a12.16 - gsmtp')
2026-09-19 10:10:36 | ERROR    | trading_bot.alerts | Failed to send email alert: (535, b'5.7.8 Username and Password not accepted. For more information, go to\n5.7.8  https://support.google.com/mail/?p=BadCredentials 4fb4d7f45d1cf-6aa67daf380sm1095270a12.12 - gsmtp')
2026-09-19 10:12:45 | ERROR    | trading_bot.alerts | Failed to send email alert: (535, b'5.7.8 Username and Password not accepted. For more information, go to\n5.7.8  https://support.google.com/mail/?p=BadCredentials 4fb4d7f45d1cf-6aa67dd2c89sm1014469a12.19 - gsmtp')
2026-09-19 10:14:58 | ERROR    | trading_bot.alerts | Failed to send email alert: (535, b'5.7.8 Username and Password not accepted. For more information, go to\n5.7.8  https://support.google.com/mail/?p=BadCredentials a640c23a62f3a-c2a35700b0esm68025466b.24 - gsmtp')
2026-09-19 10:18:14 | ERROR    | trading_bot.alerts | Failed to send email alert: (535, b'5.7.8 Username and Password not accepted. For more information, go to\n5.7.8  https://support.google.com/mail/?p=BadCredentials 4fb4d7f45d1cf-6aa67c6f08fsm1108694a12.4 - gsmtp')
2026-09-19 10:18:56 | ERROR    | trading_bot.alerts | Failed to send email alert: (535, b'5.7.8 Username and Password not accepted. For more information, go to\n5.7.8  https://support.google.com/mail/?p=BadCredentials a640c23a62f3a-c2a355e7c47sm68851566b.18 - gsmtp')
2026-09-19 10:23:23 | ERROR    | trading_bot.alerts | Failed to send email alert: (535, b'5.7.8 Username and Password not accepted. For more information, go to\n5.7.8  https://support.google.com/mail/?p=BadCredentials a640c23a62f3a-c2a35239716sm70353966b.3 - gsmtp')
2026-09-19 10:27:54 | ERROR    | trading_bot.alerts | Failed to send email alert: (535, b'5.7.8 Username and Password not accepted. For more information, go to\n5.7.8  https://support.google.com/mail/?p=BadCredentials a640c23a62f3a-c2a355e84c2sm71080866b.12 - gsmtp')
2026-09-19 10:28:53 | ERROR    | trading_bot.alerts | Failed to send email alert: (535, b'5.7.8 Username and Password not accepted. For more information, go to\n5.7.8  https://support.google.com/mail/?p=BadCredentials a640c23a62f3a-c2a3523816dsm68432766b.2 - gsmtp')
2026-09-19 10:33:39 | ERROR    | trading_bot.alerts | Failed to send email alert: (535, b'5.7.8 Username and Password not accepted. For more information, go to\n5.7.8  https://support.google.com/mail/?p=BadCredentials 4fb4d7f45d1cf-6aa67d81625sm1158793a12.5 - gsmtp')
2026-09-19 10:35:09 | ERROR    | trading_bot.alerts | Failed to send email alert: (535, b'5.7.8 Username and Password not accepted. For more information, go to\n5.7.8  https://support.google.com/mail/?p=BadCredentials a640c23a62f3a-c2a3588485bsm69908366b.46 - gsmtp')
2026-09-19 10:41:56 | ERROR    | trading_bot.alerts | Failed to send email alert: (535, b'5.7.8 Username and Password not accepted. For more information, go to\n5.7.8  https://support.google.com/mail/?p=BadCredentials a640c23a62f3a-c2a35701d3csm69307066b.29 - gsmtp')
2026-09-19 10:49:31 | ERROR    | trading_bot | Order rejected for EURUSD-OTC. Possible suspension. Triggering rotation.
2026-09-19 10:49:45 | ERROR    | trading_bot | Timeout while fetching candles for EURGBP
2026-09-19 10:50:02 | ERROR    | trading_bot | Timeout while fetching candles for USDJPY
2026-09-19 10:50:16 | ERROR    | trading_bot | Timeout while fetching candles for EURAUD
2026-09-19 10:50:33 | ERROR    | trading_bot | Timeout while fetching candles for GBPUSD-OTC
2026-09-19 10:50:48 | ERROR    | trading_bot | Timeout while fetching candles for BTCUSD
2026-09-19 10:50:52 | ERROR    | trading_bot | No active backup pairs found!
2026-09-19 10:57:32 | ERROR    | trading_bot.alerts | Failed to send email alert: (535, b'5.7.8 Username and Password not accepted. For more information, go to\n5.7.8  https://support.google.com/mail/?p=BadCredentials 4fb4d7f45d1cf-6aa67dd0000sm1111272a12.17 - gsmtp')
2026-09-19 10:59:33 | ERROR    | trading_bot.alerts | Failed to send email alert: (535, b'5.7.8 Username and Password not accepted. For more information, go to\n5.7.8  https://support.google.com/mail/?p=BadCredentials 4fb4d7f45d1cf-6aa67d819a7sm1100618a12.9 - gsmtp')
2026-09-19 11:08:05 | ERROR    | trading_bot.alerts | Failed to send email alert: (535, b'5.7.8 Username and Password not accepted. For more information, go to\n5.7.8  https://support.google.com/mail/?p=BadCredentials a640c23a62f3a-c2a3523816dsm71141066b.2 - gsmtp')
2026-09-19 11:10:31 | ERROR    | trading_bot.alerts | Failed to send email alert: (535, b'5.7.8 Username and Password not accepted. For more information, go to\n5.7.8  https://support.google.com/mail/?p=BadCredentials 4fb4d7f45d1cf-6aa67dde9dasm1100210a12.21 - gsmtp')
2026-09-19 11:20:35 | ERROR    | trading_bot.alerts | Failed to send email alert: (535, b'5.7.8 Username and Password not accepted. For more information, go to\n5.7.8  https://support.google.com/mail/?p=BadCredentials a640c23a62f3a-c2a355e7c3csm72881766b.17 - gsmtp')
2026-09-19 11:23:40 | ERROR    | trading_bot | Order rejected for EURUSD-OTC. Possible suspension. Triggering rotation.
2026-09-19 11:23:59 | ERROR    | trading_bot | Timeout while fetching candles for EURGBP
2026-09-19 11:24:14 | ERROR    | trading_bot | Timeout while fetching candles for USDJPY
2026-09-19 11:24:30 | ERROR    | trading_bot | Timeout while fetching candles for EURAUD
2026-09-19 11:24:53 | ERROR    | trading_bot | Timeout while fetching candles for GBPUSD-OTC
2026-09-19 11:25:22 | ERROR    | trading_bot | Timeout while fetching candles for BTCUSD
2026-09-19 11:25:38 | ERROR    | trading_bot | No active backup pairs found!
2026-09-19 11:32:18 | ERROR    | trading_bot | Timeout while fetching candles for EURUSD-OTC
2026-09-19 11:32:35 | ERROR    | trading_bot | Timeout while fetching candles for EURGBP
2026-09-19 11:32:53 | ERROR    | trading_bot | Timeout while fetching candles for USDJPY
2026-09-19 11:33:13 | ERROR    | trading_bot | Timeout while fetching candles for EURAUD
2026-09-19 11:33:39 | ERROR    | trading_bot | Timeout while fetching candles for GBPUSD-OTC
2026-09-19 11:34:04 | ERROR    | trading_bot | Timeout while fetching candles for BTCUSD
2026-09-19 11:34:21 | ERROR    | trading_bot | No active backup pairs found!
2026-09-19 11:38:00 | ERROR    | trading_bot.alerts | Failed to send email alert: (535, b'5.7.8 Username and Password not accepted. For more information, go to\n5.7.8  https://support.google.com/mail/?p=BadCredentials a640c23a62f3a-c2a35238839sm73394966b.1 - gsmtp')
2026-09-19 11:44:23 | ERROR    | trading_bot | Timeout while fetching candles for EURUSD-OTC
2026-09-19 11:54:52 | ERROR    | trading_bot | Timeout while fetching candles for GBPUSD-OTC
2026-09-19 11:55:12 | ERROR    | trading_bot | Timeout while fetching candles for EURUSD-OTC
